Date,AAPL,Apple Inc.,Apple
2015-01-01,2.4,0.0,32.0
2015-01-02,9.6,18.36,31.36
2015-01-03,3.84,20.4,31.68
2015-01-04,3.36,20.4,31.36
2015-01-05,12.48,16.830000000000002,29.44
2015-01-06,13.44,33.660000000000004,26.88
2015-01-07,12.48,16.32,28.16
2015-01-08,14.399999999999999,16.830000000000002,28.16
2015-01-09,12.0,51.0,26.88
2015-01-10,4.32,0.0,30.72
2015-01-11,0.96,0.0,29.76
2015-01-12,10.08,16.32,26.240000000000002
2015-01-13,11.52,32.64,25.28
2015-01-14,11.04,32.64,26.240000000000002
2015-01-15,12.959999999999999,16.32,26.240000000000002
2015-01-16,12.959999999999999,16.830000000000002,24.32
2015-01-17,5.279999999999999,0.0,27.52
2015-01-18,1.92,0.0,31.04
2015-01-19,3.84,26.01,27.52
2015-01-20,12.48,16.32,26.560000000000002
2015-01-21,12.959999999999999,15.81,25.92
2015-01-22,12.0,16.32,25.92
2015-01-23,12.48,16.830000000000002,25.92
2015-01-24,4.32,19.89,27.84
2015-01-25,2.88,0.0,28.16
2015-01-26,12.48,16.32,24.96
2015-01-27,28.32,15.81,25.92
2015-01-28,48.0,32.13,28.48
2015-01-29,26.4,16.32,28.48
2015-01-30,18.72,16.32,26.240000000000002
2015-01-31,8.64,0.0,26.560000000000002
2015-02-01,7.84,0.0,27.3
2015-02-02,32.83,15.19,24.599999999999998
2015-02-03,33.81,15.19,27.0
2015-02-04,39.2,15.19,25.5
2015-02-05,31.849999999999998,0.0,26.099999999999998
2015-02-06,38.22,48.019999999999996,25.8
2015-02-07,12.25,19.11,26.7
2015-02-08,9.8,19.11,28.2
2015-02-09,26.46,45.08,26.7
2015-02-10,40.67,30.38,26.7
2015-02-11,49.0,23.03,26.7
2015-02-12,47.04,23.03,25.8
2015-02-13,37.73,49.0,27.599999999999998
2015-02-14,13.719999999999999,0.0,28.2
2015-02-15,9.31,20.09,29.099999999999998
2015-02-16,19.6,0.0,27.0
2015-02-17,39.2,15.68,26.7
2015-02-18,35.28,31.36,27.0
2015-02-19,40.67,15.68,25.8
2015-02-20,39.69,24.5,25.8
2015-02-21,14.209999999999999,0.0,27.599999999999998
2015-02-22,6.859999999999999,19.11,28.2
2015-02-23,43.12,15.19,26.099999999999998
2015-02-24,46.55,15.68,27.599999999999998
2015-02-25,42.14,46.55,26.099999999999998
2015-02-26,43.12,15.68,26.7
2015-02-27,39.69,0.0,25.2
2015-02-28,13.719999999999999,0.0,30.0
2015-03-01,6.44,20.64,15.479999999999999
2015-03-02,24.84,16.8,14.76
2015-03-03,23.46,16.8,14.399999999999999
2015-03-04,21.16,11.52,14.04
2015-03-05,21.62,16.8,14.04
2015-03-06,26.68,11.52,15.12
2015-03-07,7.36,14.399999999999999,15.84
2015-03-08,5.0600000000000005,14.399999999999999,15.84
2015-03-09,46.0,11.52,36.0
2015-03-10,34.96,11.52,32.04
2015-03-11,28.060000000000002,11.52,26.279999999999998
2015-03-12,25.76,11.52,21.24
2015-03-13,26.220000000000002,23.52,19.08
2015-03-14,7.36,0.0,19.8
2015-03-15,4.140000000000001,44.16,20.16
2015-03-16,18.86,23.52,18.0
2015-03-17,22.080000000000002,0.0,17.28
2015-03-18,23.46,11.52,16.2
2015-03-19,23.0,0.0,16.919999999999998
2015-03-20,22.540000000000003,23.52,15.84
2015-03-21,9.66,14.399999999999999,17.28
2015-03-22,3.68,14.399999999999999,17.28
2015-03-23,20.240000000000002,11.52,15.479999999999999
2015-03-24,20.240000000000002,0.0,15.479999999999999
2015-03-25,12.88,0.0,14.399999999999999
2015-03-26,18.400000000000002,0.0,14.399999999999999
2015-03-27,19.32,12.0,15.12
2015-03-28,5.98,48.0,16.2
2015-03-29,4.6000000000000005,15.84,16.919999999999998
2015-03-30,23.46,11.52,15.479999999999999
2015-03-31,19.32,23.52,15.84
2015-04-01,12.48,18.72,23.759999999999998
2015-04-02,14.879999999999999,19.439999999999998,23.04
2015-04-03,7.68,20.16,23.04
2015-04-04,3.36,0.0,25.2
2015-04-05,1.44,0.0,26.279999999999998
2015-04-06,15.84,56.879999999999995,24.84
2015-04-07,13.44,18.0,24.84
2015-04-08,13.92,0.0,25.56
2015-04-09,14.879999999999999,18.0,27.36
2015-04-10,16.8,18.72,36.0
2015-04-11,5.279999999999999,0.0,31.32
2015-04-12,2.4,0.0,27.72
2015-04-13,19.68,18.72,24.84
2015-04-14,13.92,18.0,25.919999999999998
2015-04-15,12.48,72.0,24.84
2015-04-16,11.52,36.0,24.119999999999997
2015-04-17,12.48,38.879999999999995,24.84
2015-04-18,4.8,0.0,24.84
2015-04-19,1.92,47.519999999999996,25.56
2015-04-20,14.879999999999999,0.0,24.48
2015-04-21,14.879999999999999,18.0,24.119999999999997
2015-04-22,14.399999999999999,55.44,23.04
2015-04-23,17.28,0.0,25.56
2015-04-24,19.2,58.32,29.88
2015-04-25,6.72,0.0,31.68
2015-04-26,4.8,23.759999999999998,28.08
2015-04-27,48.0,0.0,29.52
2015-04-28,40.8,18.0,27.72
2015-04-29,24.0,36.72,27.36
2015-04-30,25.439999999999998,18.72,24.84
2015-05-01,39.0,16.32,29.44
2015-05-02,11.31,0.0,30.400000000000002
2015-05-03,7.800000000000001,30.72,29.12
2015-05-04,34.71,15.84,30.080000000000002
2015-05-05,34.71,15.36,30.080000000000002
2015-05-06,34.32,15.84,28.48
2015-05-07,33.15,0.0,28.48
2015-05-08,31.59,16.8,27.2
2015-05-09,8.97,21.119999999999997,32.0
2015-05-10,7.41,21.599999999999998,31.68
2015-05-11,30.42,0.0,28.16
2015-05-12,26.91,31.68,28.48
2015-05-13,26.130000000000003,48.0,28.8
2015-05-14,32.76,24.0,27.84
2015-05-15,31.59,0.0,28.16
2015-05-16,7.800000000000001,0.0,30.080000000000002
2015-05-17,6.24,0.0,29.12
2015-05-18,30.03,15.84,28.16
2015-05-19,33.93,0.0,30.080000000000002
2015-05-20,30.03,24.0,29.12
2015-05-21,28.080000000000002,33.6,28.48
2015-05-22,32.370000000000005,17.759999999999998,29.76
2015-05-23,9.36,0.0,30.080000000000002
2015-05-24,5.8500000000000005,45.6,31.36
2015-05-25,5.07,0.0,30.400000000000002
2015-05-26,31.200000000000003,16.32,27.84
2015-05-27,30.03,0.0,29.76
2015-05-28,29.64,16.32,30.400000000000002
2015-05-29,26.91,17.28,29.76
2015-05-30,8.19,0.0,30.72
2015-05-31,7.0200000000000005,0.0,32.0
2015-06-01,28.7,0.0,26.64
2015-06-02,26.95,0.0,27.0
2015-06-03,31.849999999999998,11.0,27.72
2015-06-04,27.65,0.0,25.919999999999998
2015-06-05,29.049999999999997,11.44,25.56
2015-06-06,7.699999999999999,0.0,24.84
2015-06-07,7.35,14.52,28.08
2015-06-08,35.0,22.0,36.0
2015-06-09,30.099999999999998,32.56,33.839999999999996
2015-06-10,27.65,0.0,28.799999999999997
2015-06-11,27.299999999999997,0.0,27.36
2015-06-12,22.4,23.32,28.08
2015-06-13,5.949999999999999,0.0,28.439999999999998
2015-06-14,4.55,14.52,27.36
2015-06-15,25.9,11.0,26.64
2015-06-16,22.4,11.0,26.64
2015-06-17,25.549999999999997,0.0,25.919999999999998
2015-06-18,24.5,11.0,25.919999999999998
2015-06-19,22.75,0.0,26.64
2015-06-20,7.35,14.08,27.72
2015-06-21,4.55,0.0,27.72
2015-06-22,22.4,11.0,27.0
2015-06-23,24.5,0.0,26.64
2015-06-24,32.9,44.0,25.2
2015-06-25,29.749999999999996,33.44,26.64
2015-06-26,27.299999999999997,23.32,26.279999999999998
2015-06-27,8.049999999999999,0.0,28.08
2015-06-28,4.55,0.0,29.88
2015-06-29,28.0,11.0,26.64
2015-06-30,28.349999999999998,11.0,35.64
2015-07-01,11.76,0.0,36.0
2015-07-02,11.76,22.5,34.199999999999996
2015-07-03,3.92,0.0,33.839999999999996
2015-07-04,1.47,14.85,32.76
2015-07-05,2.45,0.0,31.32
2015-07-06,11.76,32.85,29.16
2015-07-07,11.76,0.0,30.24
2015-07-08,14.209999999999999,21.6,29.16
2015-07-09,15.19,10.8,29.88
2015-07-10,13.23,0.0,29.16
2015-07-11,3.4299999999999997,13.950000000000001,30.24
2015-07-12,2.45,0.0,29.52
2015-07-13,13.719999999999999,21.6,29.16
2015-07-14,13.719999999999999,10.35,26.64
2015-07-15,14.209999999999999,0.0,30.24
2015-07-16,13.23,0.0,27.36
2015-07-17,14.7,11.25,27.72
2015-07-18,5.39,0.0,31.32
2015-07-19,2.94,22.05,29.88
2015-07-20,22.05,11.25,28.799999999999997
2015-07-21,46.55,0.0,31.68
2015-07-22,49.0,10.8,31.32
2015-07-23,23.03,10.8,28.799999999999997
2015-07-24,18.62,45.0,27.0
2015-07-25,6.37,13.5,29.16
2015-07-26,2.94,13.950000000000001,31.32
2015-07-27,14.7,10.8,29.16
2015-07-28,14.209999999999999,10.35,28.799999999999997
2015-07-29,14.209999999999999,16.2,27.0
2015-07-30,12.74,10.8,28.439999999999998
2015-07-31,14.209999999999999,11.25,26.279999999999998
2015-08-01,3.4799999999999995,27.45,33.12
2015-08-02,3.4799999999999995,27.900000000000002,32.4
2015-08-03,22.04,32.85,31.32
2015-08-04,35.96,32.4,32.4
2015-08-05,31.319999999999997,21.6,31.32
2015-08-06,23.779999999999998,0.0,30.959999999999997
2015-08-07,20.299999999999997,22.5,32.4
2015-08-08,6.38,0.0,34.199999999999996
2015-08-09,5.22,27.900000000000002,33.839999999999996
2015-08-10,21.459999999999997,43.65,32.76
2015-08-11,27.839999999999996,0.0,32.4
2015-08-12,30.74,0.0,30.959999999999997
2015-08-13,19.72,43.65,31.68
2015-08-14,16.24,45.0,31.68
2015-08-15,4.64,0.0,33.48
2015-08-16,3.4799999999999995,0.0,34.199999999999996
2015-08-17,15.079999999999998,43.2,32.76
2015-08-18,16.24,41.85,32.4
2015-08-19,15.659999999999998,21.150000000000002,31.68
2015-08-20,17.98,0.0,31.68
2015-08-21,28.999999999999996,0.0,31.32
2015-08-22,9.86,27.0,34.56
2015-08-23,5.8,27.0,35.64
2015-08-24,57.99999999999999,31.5,34.92
2015-08-25,44.66,41.85,34.92
2015-08-26,38.86,31.5,32.76
2015-08-27,31.319999999999997,41.85,33.12
2015-08-28,27.259999999999998,0.0,33.839999999999996
2015-08-29,6.959999999999999,26.55,35.28
2015-08-30,3.4799999999999995,0.0,36.0
2015-08-31,22.04,20.25,33.48
2015-09-01,27.729999999999997,50.82,14.280000000000001
2015-09-02,25.38,17.16,15.3
2015-09-03,23.029999999999998,42.9,14.790000000000001
2015-09-04,19.74,17.82,14.790000000000001
2015-09-05,6.58,22.44,16.830000000000002
2015-09-06,4.2299999999999995,23.1,17.34
2015-09-07,5.17,31.68,17.85
2015-09-08,24.439999999999998,42.24,17.85
2015-09-09,47.0,16.5,51.0
2015-09-10,31.959999999999997,33.0,36.21
2015-09-11,24.439999999999998,25.740000000000002,22.95
2015-09-12,7.05,21.78,28.560000000000002
2015-09-13,5.17,32.34,21.93
2015-09-14,23.5,17.16,19.89
2015-09-15,23.97,25.080000000000002,18.36
2015-09-16,20.209999999999997,33.660000000000004,18.87
2015-09-17,22.09,41.580000000000005,19.38
2015-09-18,21.15,52.14,18.87
2015-09-19,5.64,66.0,22.95
2015-09-20,3.29,0.0,22.44
2015-09-21,19.27,33.0,21.42
2015-09-22,16.919999999999998,16.5,20.91
2015-09-23,16.45,16.5,19.89
2015-09-24,16.45,16.5,18.87
2015-09-25,20.68,26.400000000000002,20.91
2015-09-26,5.17,21.78,26.01
2015-09-27,3.29,21.78,23.97
2015-09-28,21.15,0.0,19.38
2015-09-29,21.15,32.34,18.87
2015-09-30,18.799999999999997,48.84,18.87
2015-10-01,18.92,0.0,35.88
2015-10-02,18.04,56.0,37.260000000000005
2015-10-03,6.16,0.0,43.7
2015-10-04,2.2,70.0,45.080000000000005
2015-10-05,17.16,27.299999999999997,35.88
2015-10-06,15.84,26.599999999999998,34.96
2015-10-07,15.84,53.9,34.96
2015-10-08,12.76,0.0,33.120000000000005
2015-10-09,11.88,56.699999999999996,35.88
2015-10-10,3.52,0.0,45.54
2015-10-11,3.08,0.0,46.0
2015-10-12,12.32,0.0,36.34
2015-10-13,13.64,53.199999999999996,34.5
2015-10-14,14.96,26.599999999999998,34.04
2015-10-15,14.08,0.0,32.2
2015-10-16,12.32,27.299999999999997,33.58
2015-10-17,3.52,0.0,40.02
2015-10-18,2.2,0.0,40.480000000000004
2015-10-19,12.32,53.9,32.2
2015-10-20,14.96,0.0,31.740000000000002
2015-10-21,15.4,26.599999999999998,31.740000000000002
2015-10-22,17.16,0.0,30.82
2015-10-23,20.24,27.299999999999997,33.58
2015-10-24,7.04,0.0,37.72
2015-10-25,3.08,0.0,37.72
2015-10-26,24.2,53.199999999999996,33.58
2015-10-27,44.0,25.9,33.120000000000005
2015-10-28,37.84,0.0,31.28
2015-10-29,21.12,26.599999999999998,30.82
2015-10-30,19.36,28.0,32.660000000000004
2015-10-31,3.52,0.0,36.34
2015-11-01,4.16,0.0,27.72
2015-11-02,24.64,17.1,22.88
2015-11-03,27.84,34.2,22.88
2015-11-04,24.96,0.0,21.56
2015-11-05,25.28,17.55,22.88
2015-11-06,22.72,17.55,22.0
2015-11-07,8.0,0.0,26.4
2015-11-08,3.52,0.0,26.4
2015-11-09,21.76,17.1,21.56
2015-11-10,25.6,33.75,21.12
2015-11-11,32.0,18.0,22.88
2015-11-12,23.36,18.0,22.88
2015-11-13,19.84,0.0,22.0
2015-11-14,5.76,22.5,23.76
2015-11-15,3.2,45.0,25.52
2015-11-16,15.040000000000001,34.65,21.56
2015-11-17,18.240000000000002,17.1,21.12
2015-11-18,23.36,17.55,22.0
2015-11-19,25.28,34.65,21.56
2015-11-20,21.12,0.0,21.12
2015-11-21,6.08,0.0,27.72
2015-11-22,3.52,0.0,27.72
2015-11-23,22.080000000000002,35.550000000000004,25.96
2015-11-24,23.68,18.0,27.28
2015-11-25,16.32,0.0,36.52
2015-11-26,6.72,0.0,44.0
2015-11-27,13.44,0.0,38.28
2015-11-28,3.84,44.1,29.48
2015-11-29,1.28,0.0,27.28
2015-11-30,16.96,16.650000000000002,27.72
2015-12-01,20.4,17.15,23.939999999999998
2015-12-02,19.8,34.3,22.259999999999998
2015-12-03,21.0,34.79,21.419999999999998
2015-12-04,23.099999999999998,26.46,22.259999999999998
2015-12-05,7.8,23.03,24.36
2015-12-06,5.7,22.54,26.459999999999997
2015-12-07,17.099999999999998,34.79,23.099999999999998
2015-12-08,20.4,17.15,21.84
2015-12-09,19.5,25.97,22.68
2015-12-10,15.6,17.64,23.939999999999998
2015-12-11,21.3,18.13,23.099999999999998
2015-12-12,5.1,0.0,27.3
2015-12-13,4.8,22.54,26.04
2015-12-14,18.9,34.3,23.939999999999998
2015-12-15,22.5,17.64,23.099999999999998
2015-12-16,22.5,0.0,22.68
2015-12-17,23.4,18.62,22.68
2015-12-18,26.7,39.2,23.939999999999998
2015-12-19,9.6,0.0,27.72
2015-12-20,7.5,0.0,29.4
2015-12-21,30.0,0.0,28.56
2015-12-22,24.3,39.69,27.72
2015-12-23,23.099999999999998,0.0,26.88
2015-12-24,14.7,0.0,31.08
2015-12-25,6.0,27.439999999999998,42.0
2015-12-26,5.1,49.0,38.64
2015-12-27,3.0,0.0,32.339999999999996
2015-12-28,15.899999999999999,0.0,29.82
2015-12-29,22.8,0.0,26.88
2015-12-30,20.4,20.09,25.619999999999997
2015-12-31,20.4,0.0,26.459999999999997
2016-01-01,3.7800000000000002,0.0,33.32
2016-01-02,3.24,0.0,34.0
2016-01-03,2.7,0.0,33.32
2016-01-04,18.900000000000002,13.05,29.92
2016-01-05,21.060000000000002,13.05,28.900000000000002
2016-01-06,26.46,13.05,29.240000000000002
2016-01-07,33.480000000000004,13.05,29.580000000000002
2016-01-08,28.080000000000002,40.050000000000004,28.560000000000002
2016-01-09,7.5600000000000005,0.0,30.6
2016-01-10,4.32,13.950000000000001,28.900000000000002
2016-01-11,21.060000000000002,12.6,27.540000000000003
2016-01-12,23.220000000000002,19.35,26.520000000000003
2016-01-13,21.6,13.05,26.180000000000003
2016-01-14,18.900000000000002,12.15,25.500000000000004
2016-01-15,26.46,13.5,26.520000000000003
2016-01-16,5.4,30.150000000000002,30.26
2016-01-17,3.24,14.85,28.900000000000002
2016-01-18,8.64,13.5,28.220000000000002
2016-01-19,20.520000000000003,12.6,25.840000000000003
2016-01-20,28.080000000000002,0.0,25.500000000000004
2016-01-21,21.060000000000002,13.05,25.840000000000003
2016-01-22,23.76,13.05,27.880000000000003
2016-01-23,6.48,0.0,27.540000000000003
2016-01-24,3.24,45.0,28.220000000000002
2016-01-25,22.14,0.0,26.520000000000003
2016-01-26,51.84,19.35,28.560000000000002
2016-01-27,54.0,25.650000000000002,27.540000000000003
2016-01-28,31.32,0.0,25.840000000000003
2016-01-29,27.540000000000003,19.8,26.180000000000003
2016-01-30,7.0200000000000005,0.0,30.26
2016-01-31,2.7,30.150000000000002,27.540000000000003
2016-02-01,36.63,16.0,29.580000000000002
2016-02-02,37.0,0.0,26.860000000000003
2016-02-03,37.0,16.64,28.220000000000002
2016-02-04,34.04,0.0,27.880000000000003
2016-02-05,34.04,0.0,27.540000000000003
2016-02-06,8.14,0.0,31.28
2016-02-07,6.66,19.2,31.62
2016-02-08,34.04,0.0,26.860000000000003
2016-02-09,31.08,0.0,26.860000000000003
2016-02-10,32.19,16.0,27.200000000000003
2016-02-11,34.41,0.0,27.540000000000003
2016-02-12,31.08,0.0,28.220000000000002
2016-02-13,10.36,0.0,33.660000000000004
2016-02-14,4.81,0.0,31.96
2016-02-15,11.1,0.0,29.240000000000002
2016-02-16,30.34,16.0,29.240000000000002
2016-02-17,36.26,16.64,32.980000000000004
2016-02-18,35.15,32.64,34.0
2016-02-19,32.19,16.64,31.96
2016-02-20,6.29,19.84,32.980000000000004
2016-02-21,5.55,0.0,32.64
2016-02-22,30.34,32.0,30.6
2016-02-23,27.009999999999998,32.0,29.92
2016-02-24,26.64,64.0,28.900000000000002
2016-02-25,27.38,16.64,29.240000000000002
2016-02-26,26.27,16.64,29.240000000000002
2016-02-27,7.4,19.84,32.300000000000004
2016-02-28,4.4399999999999995,0.0,31.28
2016-02-29,24.79,0.0,28.220000000000002
2016-03-01,25.16,44.88,18.549999999999997
2016-03-02,25.16,0.0,17.849999999999998
2016-03-03,18.13,46.410000000000004,17.5
2016-03-04,21.09,23.46,18.2
2016-03-05,5.92,0.0,19.599999999999998
2016-03-06,5.55,0.0,18.549999999999997
2016-03-07,23.68,46.410000000000004,18.2
2016-03-08,19.98,0.0,17.5
2016-03-09,20.72,0.0,16.799999999999997
2016-03-10,15.91,22.95,17.15
2016-03-11,18.5,23.97,17.15
2016-03-12,5.92,0.0,18.2
2016-03-13,4.81,0.0,19.599999999999998
2016-03-14,17.39,23.46,17.849999999999998
2016-03-15,21.83,45.9,17.15
2016-03-16,23.31,46.410000000000004,16.799999999999997
2016-03-17,24.419999999999998,0.0,16.799999999999997
2016-03-18,23.68,0.0,16.799999999999997
2016-03-19,3.33,0.0,18.9
2016-03-20,4.07,28.05,19.95
2016-03-21,37.0,23.46,35.0
2016-03-22,22.94,0.0,26.95
2016-03-23,24.419999999999998,0.0,22.049999999999997
2016-03-24,17.759999999999998,47.94,21.349999999999998
2016-03-25,9.62,51.0,21.349999999999998
2016-03-26,4.4399999999999995,0.0,22.049999999999997
2016-03-27,2.2199999999999998,0.0,21.349999999999998
2016-03-28,18.13,23.97,19.95
2016-03-29,22.94,47.43,19.599999999999998
2016-03-30,26.64,23.46,19.25
2016-03-31,18.13,0.0,19.25
2016-04-01,10.58,27.04,28.560000000000002
2016-04-02,2.7600000000000002,31.200000000000003,30.26
2016-04-03,0.92,20.8,30.94
2016-04-04,13.34,16.64,27.540000000000003
2016-04-05,11.040000000000001,17.16,27.540000000000003
2016-04-06,11.96,0.0,25.840000000000003
2016-04-07,9.200000000000001,52.0,25.500000000000004
2016-04-08,8.74,0.0,26.180000000000003
2016-04-09,2.7600000000000002,20.8,28.220000000000002
2016-04-10,1.3800000000000001,0.0,28.220000000000002
2016-04-11,10.120000000000001,0.0,26.180000000000003
2016-04-12,11.96,17.16,25.16
2016-04-13,13.34,17.16,25.500000000000004
2016-04-14,11.5,17.68,24.48
2016-04-15,10.58,36.4,25.500000000000004
2016-04-16,2.7600000000000002,21.84,27.200000000000003
2016-04-17,1.84,0.0,27.880000000000003
2016-04-18,10.120000000000001,17.16,25.500000000000004
2016-04-19,12.42,25.48,26.520000000000003
2016-04-20,10.58,17.16,25.16
2016-04-21,10.120000000000001,0.0,25.500000000000004
2016-04-22,11.040000000000001,26.52,24.14
2016-04-23,1.84,0.0,27.200000000000003
2016-04-24,2.7600000000000002,0.0,28.560000000000002
2016-04-25,12.88,34.32,25.840000000000003
2016-04-26,38.18,33.800000000000004,28.900000000000002
2016-04-27,46.0,34.32,31.28
2016-04-28,26.68,34.84,28.560000000000002
2016-04-29,23.0,0.0,34.0
2016-04-30,4.6000000000000005,20.8,30.6
2016-05-01,6.109999999999999,22.799999999999997,33.0
2016-05-02,34.309999999999995,19.38,32.34
2016-05-03,35.72,56.99999999999999,28.71
2016-05-04,26.79,18.81,28.71
2016-05-05,27.259999999999998,0.0,28.71
2016-05-06,27.259999999999998,41.04,29.700000000000003
2016-05-07,7.05,23.939999999999998,32.01
2016-05-08,4.699999999999999,48.449999999999996,32.34
2016-05-09,24.439999999999998,0.0,28.71
2016-05-10,25.849999999999998,38.19,28.71
2016-05-11,23.97,0.0,28.380000000000003
2016-05-12,33.839999999999996,0.0,29.040000000000003
2016-05-13,32.43,20.52,30.03
2016-05-14,9.87,0.0,30.360000000000003
2016-05-15,6.109999999999999,23.939999999999998,32.01
2016-05-16,47.0,19.95,30.69
2016-05-17,32.43,0.0,30.03
2016-05-18,28.669999999999998,0.0,28.71
2016-05-19,24.439999999999998,0.0,28.380000000000003
2016-05-20,25.38,20.52,27.720000000000002
2016-05-21,5.64,24.509999999999998,30.360000000000003
2016-05-22,5.17,0.0,31.020000000000003
2016-05-23,25.849999999999998,19.95,29.37
2016-05-24,29.61,39.9,29.040000000000003
2016-05-25,35.25,19.95,28.380000000000003
2016-05-26,29.61,41.04,27.720000000000002
2016-05-27,27.729999999999997,0.0,28.05
2016-05-28,5.17,25.08,30.69
2016-05-29,3.29,0.0,30.03
2016-05-30,5.64,0.0,30.69
2016-05-31,23.97,0.0,28.05
2016-06-01,21.96,0.0,24.75
2016-06-02,21.96,0.0,25.41
2016-06-03,14.04,0.0,22.77
2016-06-04,2.52,0.0,25.080000000000002
2016-06-05,1.08,0.0,27.060000000000002
2016-06-06,18.0,39.0,24.42
2016-06-07,19.439999999999998,0.0,24.75
2016-06-08,15.479999999999999,0.0,25.740000000000002
2016-06-09,16.2,41.0,25.080000000000002
2016-06-10,14.399999999999999,0.0,24.09
2016-06-11,3.2399999999999998,0.0,26.73
2016-06-12,1.7999999999999998,48.0,25.740000000000002
2016-06-13,23.4,40.5,33.0
2016-06-14,18.72,39.5,31.35
2016-06-15,15.479999999999999,40.5,28.05
2016-06-16,14.76,0.0,27.060000000000002
2016-06-17,17.64,0.0,26.07
2016-06-18,5.3999999999999995,0.0,28.71
2016-06-19,3.2399999999999998,50.0,30.03
2016-06-20,14.399999999999999,0.0,26.07
2016-06-21,14.76,40.0,27.39
2016-06-22,15.12,0.0,25.740000000000002
2016-06-23,16.2,0.0,26.73
2016-06-24,36.0,41.5,25.080000000000002
2016-06-25,5.3999999999999995,49.5,27.060000000000002
2016-06-26,2.88,0.0,27.060000000000002
2016-06-27,21.96,0.0,26.07
2016-06-28,21.96,40.0,24.75
2016-06-29,19.439999999999998,0.0,25.41
2016-06-30,19.08,0.0,24.42
2016-07-01,9.120000000000001,33.12,30.03
2016-07-02,1.9,19.2,29.700000000000003
2016-07-03,1.1400000000000001,0.0,31.35
2016-07-04,1.1400000000000001,0.0,30.360000000000003
2016-07-05,10.26,0.0,29.700000000000003
2016-07-06,9.88,32.64,28.05
2016-07-07,7.6,0.0,29.37
2016-07-08,9.120000000000001,16.32,27.720000000000002
2016-07-09,1.52,0.0,29.37
2016-07-10,1.9,0.0,30.360000000000003
2016-07-11,9.5,16.32,29.040000000000003
2016-07-12,12.16,32.64,31.68
2016-07-13,9.120000000000001,0.0,29.700000000000003
2016-07-14,9.5,31.68,27.720000000000002
2016-07-15,11.4,0.0,28.05
2016-07-16,1.1400000000000001,0.0,30.360000000000003
2016-07-17,1.52,0.0,30.360000000000003
2016-07-18,11.78,16.32,28.380000000000003
2016-07-19,9.5,32.16,29.040000000000003
2016-07-20,11.02,0.0,29.040000000000003
2016-07-21,11.4,16.32,27.39
2016-07-22,11.4,33.12,29.37
2016-07-23,1.9,0.0,30.360000000000003
2016-07-24,1.9,0.0,32.01
2016-07-25,10.26,48.0,29.37
2016-07-26,30.02,15.84,30.69
2016-07-27,38.0,32.16,31.35
2016-07-28,18.62,15.84,29.700000000000003
2016-07-29,14.82,16.32,29.040000000000003
2016-07-30,4.5600000000000005,0.0,33.0
2016-07-31,1.9,0.0,33.0
2016-08-01,28.349999999999998,32.76,31.849999999999998
2016-08-02,30.45,16.56,30.799999999999997
2016-08-03,24.15,16.919999999999998,30.45
2016-08-04,29.749999999999996,16.919999999999998,29.749999999999996
2016-08-05,30.099999999999998,0.0,30.799999999999997
2016-08-06,9.799999999999999,20.88,31.499999999999996
2016-08-07,3.5,20.52,31.15
2016-08-08,25.549999999999997,34.56,29.4
2016-08-09,28.7,0.0,29.4
2016-08-10,25.2,0.0,29.4
2016-08-11,23.45,35.64,28.7
2016-08-12,24.15,36.0,28.7
2016-08-13,4.199999999999999,0.0,31.499999999999996
2016-08-14,4.55,20.52,31.849999999999998
2016-08-15,22.75,0.0,30.799999999999997
2016-08-16,25.549999999999997,17.64,30.799999999999997
2016-08-17,22.75,18.0,29.4
2016-08-18,19.599999999999998,27.36,28.7
2016-08-19,18.549999999999997,0.0,29.4
2016-08-20,5.6,21.24,31.849999999999998
2016-08-21,4.8999999999999995,0.0,33.599999999999994
2016-08-22,17.15,17.64,31.15
2016-08-23,17.849999999999998,26.279999999999998,31.499999999999996
2016-08-24,20.65,34.56,31.15
2016-08-25,18.9,32.76,31.499999999999996
2016-08-26,16.45,0.0,32.9
2016-08-27,3.8499999999999996,19.439999999999998,35.0
2016-08-28,4.199999999999999,19.08,33.599999999999994
2016-08-29,19.95,16.2,32.55
2016-08-30,35.0,16.2,34.3
2016-08-31,18.2,0.0,32.199999999999996
2016-09-01,11.31,36.72,14.580000000000002
2016-09-02,15.21,37.800000000000004,15.120000000000001
2016-09-03,3.9000000000000004,0.0,16.740000000000002
2016-09-04,1.9500000000000002,0.0,17.82
2016-09-05,2.34,0.0,17.82
2016-09-06,16.38,17.82,17.82
2016-09-07,39.0,35.64,54.0
2016-09-08,27.69,0.0,33.480000000000004
2016-09-09,23.400000000000002,37.260000000000005,29.160000000000004
2016-09-10,3.12,21.060000000000002,23.220000000000002
2016-09-11,3.5100000000000002,0.0,21.060000000000002
2016-09-12,13.65,0.0,17.82
2016-09-13,20.67,52.92,19.44
2016-09-14,25.35,54.0,19.98
2016-09-15,31.59,36.18,19.44
2016-09-16,27.69,18.36,23.76
2016-09-17,5.46,21.6,26.46
2016-09-18,4.29,0.0,23.76
2016-09-19,19.5,17.28,19.98
2016-09-20,17.55,0.0,18.900000000000002
2016-09-21,18.330000000000002,0.0,19.44
2016-09-22,16.77,0.0,19.44
2016-09-23,22.23,37.260000000000005,20.520000000000003
2016-09-24,5.8500000000000005,21.6,24.840000000000003
2016-09-25,3.12,21.060000000000002,24.840000000000003
2016-09-26,12.48,0.0,19.44
2016-09-27,14.43,35.64,18.36
2016-09-28,14.43,0.0,19.98
2016-09-29,11.700000000000001,17.82,18.36
2016-09-30,14.040000000000001,0.0,19.98
2016-10-01,2.2199999999999998,0.0,45.080000000000005
2016-10-02,1.85,20.67,46.0
2016-10-03,11.1,52.470000000000006,35.42
2016-10-04,10.73,17.490000000000002,35.88
2016-10-05,11.84,17.490000000000002,33.120000000000005
2016-10-06,9.99,0.0,32.660000000000004
2016-10-07,8.879999999999999,0.0,33.120000000000005
2016-10-08,1.85,0.0,42.32
2016-10-09,1.48,20.67,43.7
2016-10-10,14.43,36.04,34.5
2016-10-11,16.65,17.490000000000002,32.660000000000004
2016-10-12,16.65,26.5,31.740000000000002
2016-10-13,14.06,0.0,32.660000000000004
2016-10-14,12.58,37.1,33.120000000000005
2016-10-15,4.07,21.200000000000003,42.32
2016-10-16,1.48,21.200000000000003,41.86
2016-10-17,11.84,17.490000000000002,32.2
2016-10-18,13.32,34.980000000000004,30.82
2016-10-19,10.36,44.52,31.740000000000002
2016-10-20,9.62,34.45,29.44
2016-10-21,11.1,18.02,32.660000000000004
2016-10-22,2.59,22.26,39.1
2016-10-23,1.1099999999999999,21.200000000000003,37.72
2016-10-24,15.17,25.970000000000002,30.360000000000003
2016-10-25,37.0,34.45,32.2
2016-10-26,35.89,34.45,32.660000000000004
2016-10-27,17.39,51.940000000000005,44.160000000000004
2016-10-28,16.28,18.02,37.72
2016-10-29,1.85,53.0,38.64
2016-10-30,1.85,20.14,35.88
2016-10-31,11.84,34.45,28.060000000000002
2016-11-01,15.39,0.0,21.150000000000002
2016-11-02,13.5,0.0,22.5
2016-11-03,12.15,38.71,20.25
2016-11-04,11.610000000000001,0.0,22.05
2016-11-05,2.7,0.0,24.75
2016-11-06,1.35,48.019999999999996,24.75
2016-11-07,14.31,39.69,21.150000000000002
2016-11-08,13.770000000000001,0.0,18.900000000000002
2016-11-09,27.0,16.169999999999998,13.5
2016-11-10,21.6,40.67,19.8
2016-11-11,17.28,21.07,21.150000000000002
2016-11-12,3.7800000000000002,0.0,23.85
2016-11-13,2.16,24.009999999999998,22.5
2016-11-14,18.36,20.09,21.150000000000002
2016-11-15,15.66,20.09,21.150000000000002
2016-11-16,16.740000000000002,20.09,21.6
2016-11-17,15.120000000000001,41.16,21.150000000000002
2016-11-18,14.040000000000001,0.0,22.05
2016-11-19,3.24,49.0,26.1
2016-11-20,2.7,23.52,27.900000000000002
2016-11-21,12.96,40.67,26.55
2016-11-22,13.770000000000001,20.58,28.35
2016-11-23,12.690000000000001,22.05,36.0
2016-11-24,3.5100000000000002,0.0,44.1
2016-11-25,7.83,0.0,45.0
2016-11-26,2.43,23.03,31.05
2016-11-27,2.97,46.55,27.45
2016-11-28,9.18,0.0,27.900000000000002
2016-11-29,11.610000000000001,18.62,22.95
2016-11-30,11.88,38.22,22.05
2016-12-01,19.09,20.16,23.099999999999998
2016-12-02,16.560000000000002,12.18,22.68
2016-12-03,3.91,14.28,26.04
2016-12-04,1.84,8.82,26.88
2016-12-05,14.49,10.92,22.68
2016-12-06,14.49,22.68,23.52
2016-12-07,15.41,23.52,23.939999999999998
2016-12-08,19.55,7.9799999999999995,23.52
2016-12-09,18.400000000000002,42.0,23.099999999999998
2016-12-10,5.29,0.0,25.2
2016-12-11,3.22,9.66,27.72
2016-12-12,15.64,15.54,23.939999999999998
2016-12-13,20.93,31.08,23.52
2016-12-14,21.16,7.9799999999999995,23.939999999999998
2016-12-15,23.0,7.9799999999999995,23.939999999999998
2016-12-16,17.48,0.0,26.04
2016-12-17,3.68,0.0,27.3
2016-12-18,3.68,0.0,28.98
2016-12-19,18.86,8.4,25.619999999999997
2016-12-20,17.71,8.82,26.88
2016-12-21,19.32,8.82,27.3
2016-12-22,15.180000000000001,9.24,27.72
2016-12-23,16.330000000000002,0.0,29.82
2016-12-24,4.37,0.0,30.66
2016-12-25,2.99,0.0,42.0
2016-12-26,5.75,0.0,39.059999999999995
2016-12-27,13.8,8.82,31.08
2016-12-28,19.32,0.0,28.14
2016-12-29,15.870000000000001,13.02,27.72
2016-12-30,12.42,8.82,26.459999999999997
2016-12-31,4.37,9.66,26.04
2017-01-01,0.54,0.0,35.34
2017-01-02,2.16,19.35,38.0
2017-01-03,5.4,0.0,34.58
2017-01-04,5.94,13.5,34.2
2017-01-05,5.67,45.0,33.06
2017-01-06,7.290000000000001,13.5,32.3
2017-01-07,2.43,0.0,35.34
2017-01-08,0.81,10.35,37.24
2017-01-09,6.75,8.55,32.68
2017-01-10,7.290000000000001,13.05,33.06
2017-01-11,7.290000000000001,17.55,31.54
2017-01-12,6.75,9.0,31.54
2017-01-13,5.94,9.0,29.64
2017-01-14,1.62,10.35,34.2
2017-01-15,0.81,10.35,35.34
2017-01-16,1.8900000000000001,9.0,32.3
2017-01-17,6.48,8.55,30.4
2017-01-18,6.210000000000001,8.55,31.16
2017-01-19,6.210000000000001,17.1,29.26
2017-01-20,5.94,8.55,26.98
2017-01-21,1.62,0.0,30.02
2017-01-22,1.08,9.9,32.68
2017-01-23,6.48,12.6,30.02
2017-01-24,7.290000000000001,29.7,30.02
2017-01-25,8.100000000000001,17.55,30.02
2017-01-26,7.83,0.0,29.64
2017-01-27,7.83,9.0,28.88
2017-01-28,2.43,10.35,33.82
2017-01-29,1.35,0.0,33.82
2017-01-30,8.100000000000001,8.1,28.88
2017-01-31,27.0,17.1,31.92
2017-02-01,39.0,13.11,30.94
2017-02-02,17.16,13.11,30.26
2017-02-03,11.31,69.0,29.580000000000002
2017-02-04,3.12,15.87,31.62
2017-02-05,1.56,62.78999999999999,34.0
2017-02-06,10.14,13.11,28.220000000000002
2017-02-07,11.31,26.22,28.220000000000002
2017-02-08,11.700000000000001,40.019999999999996,29.240000000000002
2017-02-09,11.700000000000001,13.11,29.580000000000002
2017-02-10,10.14,27.599999999999998,28.220000000000002
2017-02-11,2.34,16.56,32.300000000000004
2017-02-12,1.56,32.43,32.64
2017-02-13,11.31,13.11,29.240000000000002
2017-02-14,12.870000000000001,0.0,28.900000000000002
2017-02-15,14.82,13.799999999999999,28.900000000000002
2017-02-16,11.31,13.11,29.240000000000002
2017-02-17,8.97,0.0,27.540000000000003
2017-02-18,2.34,15.87,31.28
2017-02-19,1.56,0.0,32.300000000000004
2017-02-20,3.9000000000000004,0.0,29.580000000000002
2017-02-21,10.92,0.0,28.220000000000002
2017-02-22,10.530000000000001,39.33,28.900000000000002
2017-02-23,8.97,13.11,27.540000000000003
2017-02-24,10.14,13.799999999999999,29.580000000000002
2017-02-25,3.5100000000000002,0.0,32.300000000000004
2017-02-26,1.56,0.0,32.980000000000004
2017-02-27,10.14,24.839999999999996,28.220000000000002
2017-02-28,10.92,25.529999999999998,28.560000000000002
2017-03-01,28.999999999999996,10.58,29.88
2017-03-02,25.52,11.040000000000001,29.16
2017-03-03,20.59,11.5,30.599999999999998
2017-03-04,5.8,20.240000000000002,32.76
2017-03-05,2.03,13.34,35.28
2017-03-06,20.009999999999998,33.120000000000005,31.32
2017-03-07,19.72,21.62,30.24
2017-03-08,17.11,11.5,30.24
2017-03-09,20.009999999999998,0.0,29.16
2017-03-10,15.659999999999998,17.48,28.799999999999997
2017-03-11,5.51,13.8,33.12
2017-03-12,1.7399999999999998,12.88,33.12
2017-03-13,15.079999999999998,10.58,32.04
2017-03-14,15.37,11.5,30.959999999999997
2017-03-15,17.98,23.0,29.16
2017-03-16,19.72,11.5,29.16
2017-03-17,16.82,11.96,29.52
2017-03-18,4.06,21.16,34.199999999999996
2017-03-19,2.03,0.0,33.48
2017-03-20,16.82,0.0,31.32
2017-03-21,23.2,46.0,36.0
2017-03-22,22.04,23.0,33.839999999999996
2017-03-23,17.98,11.5,32.4
2017-03-24,17.4,11.5,32.76
2017-03-25,4.64,0.0,35.28
2017-03-26,3.4799999999999995,20.240000000000002,34.199999999999996
2017-03-27,16.529999999999998,23.0,32.04
2017-03-28,25.81,34.5,33.48
2017-03-29,22.619999999999997,17.48,32.04
2017-03-30,18.849999999999998,17.48,31.68
2017-03-31,16.82,23.92,31.32
2017-04-01,4.4,22.44,34.92
2017-04-02,2.42,21.78,34.199999999999996
2017-04-03,18.7,35.64,33.12
2017-04-04,17.82,17.82,33.48
2017-04-05,20.9,36.300000000000004,32.4
2017-04-06,12.98,18.48,31.68
2017-04-07,19.580000000000002,37.620000000000005,31.32
2017-04-08,3.52,22.44,34.199999999999996
2017-04-09,3.08,22.44,36.0
2017-04-10,16.94,55.440000000000005,33.12
2017-04-11,16.94,18.48,30.959999999999997
2017-04-12,15.62,18.48,31.68
2017-04-13,12.540000000000001,37.620000000000005,31.68
2017-04-14,11.22,20.46,32.76
2017-04-15,2.86,23.1,35.28
2017-04-16,4.4,23.76,34.199999999999996
2017-04-17,15.62,46.2,32.04
2017-04-18,17.16,44.88,30.959999999999997
2017-04-19,14.96,36.300000000000004,31.32
2017-04-20,14.52,0.0,31.32
2017-04-21,13.86,29.040000000000003,30.24
2017-04-22,3.52,22.44,34.92
2017-04-23,2.42,22.44,34.56
2017-04-24,15.62,36.300000000000004,32.76
2017-04-25,16.94,54.120000000000005,32.76
2017-04-26,17.16,17.82,32.4
2017-04-27,22.0,36.300000000000004,31.32
2017-04-28,17.38,66.0,30.959999999999997
2017-04-29,4.18,0.0,34.199999999999996
2017-04-30,3.74,22.44,34.92
2017-05-01,15.200000000000001,15.75,32.04
2017-05-02,40.0,15.75,32.04
2017-05-03,30.0,15.75,32.76
2017-05-04,14.4,23.85,30.599999999999998
2017-05-05,15.200000000000001,16.650000000000002,30.959999999999997
2017-05-06,4.4,20.25,32.76
2017-05-07,2.4000000000000004,0.0,34.199999999999996
2017-05-08,20.400000000000002,40.050000000000004,32.04
2017-05-09,20.8,16.2,32.76
2017-05-10,14.4,0.0,32.4
2017-05-11,11.200000000000001,0.0,32.04
2017-05-12,16.8,25.650000000000002,32.04
2017-05-13,4.4,20.25,34.56
2017-05-14,3.2,0.0,36.0
2017-05-15,15.600000000000001,26.1,33.839999999999996
2017-05-16,11.600000000000001,0.0,32.76
2017-05-17,14.8,35.1,32.04
2017-05-18,15.200000000000001,0.0,29.88
2017-05-19,12.0,0.0,29.52
2017-05-20,4.0,0.0,32.04
2017-05-21,2.4000000000000004,21.150000000000002,33.48
2017-05-22,10.4,42.75,30.24
2017-05-23,10.8,33.300000000000004,30.599999999999998
2017-05-24,10.8,17.55,29.88
2017-05-25,11.200000000000001,34.65,29.16
2017-05-26,9.600000000000001,18.45,30.599999999999998
2017-05-27,2.0,0.0,31.68
2017-05-28,2.4000000000000004,45.0,33.48
2017-05-29,2.4000000000000004,0.0,34.56
2017-05-30,10.4,35.1,32.4
2017-05-31,10.8,0.0,30.24
2017-06-01,13.76,33.21,23.94
2017-06-02,16.0,0.0,23.18
2017-06-03,6.08,20.09,24.7
2017-06-04,2.24,0.0,26.22
2017-06-05,25.28,16.4,38.0
2017-06-06,22.72,15.989999999999998,33.44
2017-06-07,15.36,32.8,28.12
2017-06-08,17.92,16.4,25.46
2017-06-09,24.0,0.0,26.22
2017-06-10,4.8,0.0,27.36
2017-06-11,2.88,41.0,27.36
2017-06-12,32.0,32.39,25.46
2017-06-13,21.12,32.39,25.46
2017-06-14,19.2,16.4,26.22
2017-06-15,20.48,16.81,25.080000000000002
2017-06-16,14.08,17.22,26.6
2017-06-17,5.76,0.0,27.740000000000002
2017-06-18,1.92,40.589999999999996,28.5
2017-06-19,17.92,32.8,25.46
2017-06-20,16.96,15.579999999999998,25.84
2017-06-21,13.120000000000001,15.579999999999998,24.32
2017-06-22,14.08,15.989999999999998,25.84
2017-06-23,10.88,0.0,23.18
2017-06-24,3.52,19.27,26.22
2017-06-25,1.6,0.0,25.46
2017-06-26,12.16,0.0,25.46
2017-06-27,18.240000000000002,0.0,24.7
2017-06-28,17.6,0.0,24.7
2017-06-29,13.76,17.22,25.46
2017-06-30,11.52,18.04,25.080000000000002
2017-07-01,3.9000000000000004,0.0,35.519999999999996
2017-07-02,2.08,0.0,35.519999999999996
2017-07-03,16.12,0.0,35.15
2017-07-04,13.0,29.23,36.63
2017-07-05,18.98,32.93,32.56
2017-07-06,17.16,31.45,33.3
2017-07-07,14.3,0.0,33.3
2017-07-08,5.98,14.43,33.67
2017-07-09,2.8600000000000003,14.8,34.04
2017-07-10,19.5,12.209999999999999,34.04
2017-07-11,16.38,30.71,33.3
2017-07-12,19.76,24.419999999999998,33.67
2017-07-13,20.8,12.58,31.82
2017-07-14,16.64,12.58,33.3
2017-07-15,5.98,0.0,35.15
2017-07-16,3.12,0.0,35.89
2017-07-17,17.68,12.58,34.78
2017-07-18,20.02,18.5,33.3
2017-07-19,24.18,12.209999999999999,33.67
2017-07-20,21.32,12.58,32.19
2017-07-21,20.02,18.87,33.3
2017-07-22,3.9000000000000004,0.0,32.93
2017-07-23,3.12,14.43,35.519999999999996
2017-07-24,19.76,12.209999999999999,35.89
2017-07-25,22.62,12.209999999999999,34.41
2017-07-26,21.060000000000002,0.0,34.41
2017-07-27,24.96,37.0,34.78
2017-07-28,21.580000000000002,24.79,34.04
2017-07-29,5.46,14.06,34.78
2017-07-30,3.64,0.0,37.0
2017-07-31,26.0,24.419999999999998,34.04
2017-08-01,32.800000000000004,15.68,35.89
2017-08-02,40.0,23.03,36.26
2017-08-03,16.8,16.169999999999998,34.78
2017-08-04,11.600000000000001,0.0,33.67
2017-08-05,2.4000000000000004,19.11,35.519999999999996
2017-08-06,1.6,19.6,37.0
2017-08-07,14.0,31.36,35.15
2017-08-08,14.4,30.87,34.41
2017-08-09,14.0,0.0,35.519999999999996
2017-08-10,13.600000000000001,0.0,34.04
2017-08-11,13.600000000000001,24.99,33.3
2017-08-12,2.0,19.11,36.63
2017-08-13,2.0,19.11,35.519999999999996
2017-08-14,10.4,41.16,34.78
2017-08-15,12.4,16.169999999999998,34.78
2017-08-16,12.4,49.0,33.67
2017-08-17,9.600000000000001,32.339999999999996,34.04
2017-08-18,9.200000000000001,16.169999999999998,32.93
2017-08-19,2.8000000000000003,19.11,34.41
2017-08-20,1.2000000000000002,0.0,37.0
2017-08-21,7.2,0.0,31.45
2017-08-22,9.200000000000001,16.169999999999998,34.41
2017-08-23,8.4,24.009999999999998,34.78
2017-08-24,7.6000000000000005,15.68,35.15
2017-08-25,7.6000000000000005,16.66,35.89
2017-08-26,1.6,0.0,36.63
2017-08-27,1.6,18.13,35.15
2017-08-28,10.0,31.849999999999998,34.04
2017-08-29,9.600000000000001,15.68,34.04
2017-08-30,8.8,24.009999999999998,33.67
2017-08-31,10.0,15.68,33.67
2017-09-01,11.56,18.900000000000002,14.31
2017-09-02,2.04,21.6,15.9
2017-09-03,1.02,0.0,15.9
2017-09-04,2.3800000000000003,20.520000000000003,16.96
2017-09-05,10.88,17.82,13.780000000000001
2017-09-06,8.84,51.84,13.780000000000001
2017-09-07,11.56,44.82,13.25
2017-09-08,8.84,27.0,13.780000000000001
2017-09-09,3.06,42.120000000000005,15.9
2017-09-10,1.7000000000000002,0.0,16.43
2017-09-11,11.22,53.46,15.9
2017-09-12,34.0,17.82,53.0
2017-09-13,22.1,36.18,31.270000000000003
2017-09-14,14.96,18.36,21.73
2017-09-15,11.9,18.36,22.790000000000003
2017-09-16,4.08,0.0,22.26
2017-09-17,2.3800000000000003,21.060000000000002,21.73
2017-09-18,10.200000000000001,36.18,18.55
2017-09-19,9.860000000000001,35.64,18.55
2017-09-20,14.96,0.0,19.61
2017-09-21,12.920000000000002,18.36,19.080000000000002
2017-09-22,14.280000000000001,37.260000000000005,21.200000000000003
2017-09-23,2.04,0.0,23.85
2017-09-24,1.7000000000000002,21.060000000000002,22.790000000000003
2017-09-25,13.260000000000002,36.18,19.080000000000002
2017-09-26,15.64,54.0,19.080000000000002
2017-09-27,12.24,36.18,18.55
2017-09-28,10.540000000000001,36.72,18.55
2017-09-29,8.16,28.080000000000002,18.55
2017-09-30,2.72,22.14,22.790000000000003
2017-10-01,3.7699999999999996,0.0,48.0
2017-10-02,14.499999999999998,26.880000000000003,35.519999999999996
2017-10-03,14.209999999999999,56.00000000000001,35.04
2017-10-04,15.95,14.000000000000002,35.519999999999996
2017-10-05,12.76,56.00000000000001,36.0
2017-10-06,12.18,14.000000000000002,36.48
2017-10-07,3.4799999999999995,0.0,45.12
2017-10-08,3.7699999999999996,0.0,45.6
2017-10-09,12.18,41.440000000000005,36.48
2017-10-10,12.18,0.0,33.6
2017-10-11,13.049999999999999,27.44,33.6
2017-10-12,14.499999999999998,27.44,33.12
2017-10-13,14.499999999999998,14.560000000000002,34.08
2017-10-14,3.19,0.0,43.199999999999996
2017-10-15,2.9,0.0,42.72
2017-10-16,17.4,0.0,35.04
2017-10-17,15.659999999999998,56.00000000000001,34.56
2017-10-18,14.499999999999998,42.00000000000001,33.6
2017-10-19,22.33,28.560000000000002,33.6
2017-10-20,18.56,0.0,35.04
2017-10-21,3.4799999999999995,34.720000000000006,42.239999999999995
2017-10-22,3.7699999999999996,49.84,40.8
2017-10-23,15.95,14.000000000000002,34.08
2017-10-24,15.079999999999998,14.000000000000002,34.56
2017-10-25,14.79,14.000000000000002,34.08
2017-10-26,14.499999999999998,0.0,34.56
2017-10-27,27.549999999999997,14.560000000000002,45.6
2017-10-28,8.41,0.0,39.839999999999996
2017-10-29,3.7699999999999996,16.8,39.839999999999996
2017-10-30,21.459999999999997,13.440000000000001,34.08
2017-10-31,28.999999999999996,0.0,32.16
2017-11-01,18.5,40.26,22.95
2017-11-02,37.0,12.81,24.48
2017-11-03,36.63,13.42,28.05
2017-11-04,6.66,0.0,31.11
2017-11-05,3.33,14.64,30.09
2017-11-06,18.87,50.629999999999995,26.01
2017-11-07,14.43,51.24,26.52
2017-11-08,17.39,25.62,25.5
2017-11-09,12.58,32.33,26.01
2017-11-10,12.95,13.42,27.03
2017-11-11,3.33,15.25,28.560000000000002
2017-11-12,2.2199999999999998,15.25,30.09
2017-11-13,9.99,25.62,26.01
2017-11-14,11.1,12.81,25.5
2017-11-15,11.1,18.91,25.5
2017-11-16,10.73,32.33,26.01
2017-11-17,14.06,13.42,26.52
2017-11-18,3.33,15.86,30.6
2017-11-19,1.85,61.0,32.64
2017-11-20,8.51,13.42,30.6
2017-11-21,10.36,32.94,31.62
2017-11-22,10.36,28.06,40.29
2017-11-23,3.33,15.86,51.0
2017-11-24,5.92,14.64,46.92
2017-11-25,2.96,29.89,37.230000000000004
2017-11-26,1.1099999999999999,15.25,35.7
2017-11-27,11.47,24.4,34.17
2017-11-28,11.84,18.3,27.54
2017-11-29,13.69,25.62,24.990000000000002
2017-11-30,14.8,12.81,24.990000000000002
2017-12-01,22.400000000000002,0.0,24.990000000000002
2017-12-02,6.44,16.96,29.07
2017-12-03,4.48,0.0,29.07
2017-12-04,28.000000000000004,14.08,26.01
2017-12-05,21.840000000000003,13.76,26.52
2017-12-06,19.32,14.08,24.990000000000002
2017-12-07,18.76,28.16,25.5
2017-12-08,18.48,0.0,24.48
2017-12-09,4.2,16.96,28.05
2017-12-10,3.6400000000000006,16.96,28.560000000000002
2017-12-11,19.040000000000003,14.08,24.48
2017-12-12,20.160000000000004,13.76,25.5
2017-12-13,19.6,14.08,23.97
2017-12-14,15.96,28.8,24.48
2017-12-15,18.76,0.0,27.54
2017-12-16,5.880000000000001,0.0,31.62
2017-12-17,3.9200000000000004,17.28,31.11
2017-12-18,21.28,0.0,27.54
2017-12-19,24.64,14.72,28.560000000000002
2017-12-20,19.32,15.040000000000001,28.05
2017-12-21,24.92,15.68,31.62
2017-12-22,19.040000000000003,16.64,33.15
2017-12-23,5.6000000000000005,0.0,34.68
2017-12-24,3.6400000000000006,0.0,34.68
2017-12-25,3.08,0.0,51.0
2017-12-26,27.720000000000002,16.96,43.86
2017-12-27,24.360000000000003,16.0,38.25
2017-12-28,21.840000000000003,16.0,34.68
2017-12-29,22.680000000000003,32.0,36.72
2017-12-30,5.6000000000000005,17.28,33.15
2017-12-31,3.9200000000000004,0.0,30.6
2018-01-01,2.3800000000000003,0.0,39.9
2018-01-02,21.080000000000002,31.720000000000002,41.58
2018-01-03,22.44,15.08,38.22
2018-01-04,23.12,22.880000000000003,39.9
2018-01-05,24.48,15.600000000000001,41.16
2018-01-06,5.1000000000000005,17.16,42.0
2018-01-07,3.4000000000000004,52.0,40.32
2018-01-08,17.0,15.08,35.699999999999996
2018-01-09,19.040000000000003,29.64,36.12
2018-01-10,18.02,30.68,35.28
2018-01-11,22.44,22.880000000000003,34.86
2018-01-12,22.44,0.0,33.18
2018-01-13,8.5,0.0,38.22
2018-01-14,4.08,0.0,37.8
2018-01-15,7.140000000000001,23.400000000000002,34.44
2018-01-16,23.12,15.08,32.76
2018-01-17,23.12,29.64,32.76
2018-01-18,31.62,15.08,37.8
2018-01-19,24.14,15.600000000000001,34.86
2018-01-20,5.78,17.68,36.12
2018-01-21,3.06,34.84,37.8
2018-01-22,19.380000000000003,43.160000000000004,33.18
2018-01-23,21.76,29.64,34.019999999999996
2018-01-24,24.14,15.08,33.18
2018-01-25,27.200000000000003,14.56,34.019999999999996
2018-01-26,27.880000000000003,15.08,33.6
2018-01-27,10.200000000000001,0.0,36.12
2018-01-28,4.08,26.52,36.96
2018-01-29,28.900000000000002,14.56,33.6
2018-01-30,32.64,14.56,33.18
2018-01-31,34.0,44.2,32.339999999999996
2018-02-01,40.419999999999995,63.0,34.2
2018-02-02,47.0,21.42,33.44
2018-02-03,8.93,0.0,37.62
2018-02-04,4.2299999999999995,0.0,35.72
2018-02-05,23.97,61.11,30.78
2018-02-06,30.08,0.0,33.06
2018-02-07,21.15,41.58,33.44
2018-02-08,21.15,20.79,32.3
2018-02-09,23.97,0.0,34.2
2018-02-10,4.699999999999999,49.77,38.0
2018-02-11,2.82,0.0,37.24
2018-02-12,20.68,41.58,33.44
2018-02-13,19.27,20.79,33.06
2018-02-14,16.45,21.42,31.16
2018-02-15,21.15,21.42,31.54
2018-02-16,20.209999999999997,0.0,32.3
2018-02-17,4.2299999999999995,50.4,36.86
2018-02-18,2.3499999999999996,0.0,36.1
2018-02-19,5.64,0.0,33.82
2018-02-20,15.04,20.79,31.16
2018-02-21,15.04,20.79,31.54
2018-02-22,14.1,41.58,31.16
2018-02-23,12.69,21.42,31.92
2018-02-24,2.3499999999999996,24.57,34.96
2018-02-25,2.3499999999999996,0.0,35.72
2018-02-26,15.51,0.0,33.06
2018-02-27,18.33,40.95,32.3
2018-02-28,14.569999999999999,61.74,31.54
2018-03-01,26.66,15.3,30.71
2018-03-02,24.8,10.2,29.97
2018-03-03,5.27,0.0,33.3
2018-03-04,5.58,12.75,34.78
2018-03-05,26.97,20.4,31.08
2018-03-06,27.28,20.91,30.71
2018-03-07,24.18,10.71,29.97
2018-03-08,22.32,20.91,29.6
2018-03-09,23.56,16.32,30.71
2018-03-10,5.27,0.0,33.67
2018-03-11,4.96,12.24,35.15
2018-03-12,23.25,10.2,31.08
2018-03-13,26.35,10.2,30.71
2018-03-14,19.53,20.91,29.97
2018-03-15,19.84,0.0,29.23
2018-03-16,19.84,16.32,29.23
2018-03-17,5.27,0.0,32.19
2018-03-18,3.41,12.75,32.93
2018-03-19,25.11,21.42,30.71
2018-03-20,25.73,10.2,29.6
2018-03-21,23.87,15.81,29.97
2018-03-22,23.25,26.52,30.34
2018-03-23,25.419999999999998,16.32,29.97
2018-03-24,4.65,12.75,31.82
2018-03-25,5.27,51.0,33.67
2018-03-26,27.28,0.0,31.08
2018-03-27,31.0,0.0,37.0
2018-03-28,29.759999999999998,10.71,34.04
2018-03-29,22.63,16.32,30.71
2018-03-30,11.47,11.73,33.3
2018-03-31,4.65,38.76,33.67
2018-04-01,2.48,0.0,33.839999999999996
2018-04-02,21.39,0.0,32.4
2018-04-03,23.87,13.200000000000001,32.4
2018-04-04,22.63,0.0,33.12
2018-04-05,18.29,0.0,31.68
2018-04-06,20.46,13.600000000000001,30.959999999999997
2018-04-07,4.96,15.200000000000001,33.839999999999996
2018-04-08,3.1,0.0,36.0
2018-04-09,18.91,12.8,33.12
2018-04-10,20.46,25.6,31.32
2018-04-11,18.29,12.8,31.32
2018-04-12,18.29,0.0,31.32
2018-04-13,18.29,13.200000000000001,31.32
2018-04-14,4.03,0.0,33.839999999999996
2018-04-15,2.48,0.0,33.839999999999996
2018-04-16,14.57,0.0,30.24
2018-04-17,23.25,0.0,30.24
2018-04-18,18.91,12.8,30.959999999999997
2018-04-19,19.53,12.8,30.599999999999998
2018-04-20,26.35,40.0,32.4
2018-04-21,6.2,0.0,33.12
2018-04-22,4.96,15.600000000000001,35.64
2018-04-23,20.15,12.8,30.959999999999997
2018-04-24,22.32,0.0,31.32
2018-04-25,22.01,12.4,30.959999999999997
2018-04-26,23.56,0.0,29.52
2018-04-27,23.25,13.200000000000001,29.88
2018-04-28,5.58,0.0,32.04
2018-04-29,4.65,0.0,32.04
2018-04-30,31.0,0.0,32.4
2018-05-01,43.0,28.98,34.04
2018-05-02,42.14,14.72,32.93
2018-05-03,20.64,14.72,30.34
2018-05-04,30.099999999999998,0.0,31.82
2018-05-05,9.03,0.0,34.04
2018-05-06,3.44,0.0,34.41
2018-05-07,23.65,14.72,32.56
2018-05-08,20.64,0.0,31.82
2018-05-09,18.919999999999998,0.0,31.08
2018-05-10,20.64,30.360000000000003,31.45
2018-05-11,18.49,15.180000000000001,30.71
2018-05-12,5.16,36.800000000000004,37.0
2018-05-13,2.58,18.400000000000002,35.89
2018-05-14,15.91,46.0,33.3
2018-05-15,13.76,44.160000000000004,31.82
2018-05-16,15.049999999999999,0.0,31.08
2018-05-17,11.61,15.180000000000001,29.97
2018-05-18,13.76,46.0,30.34
2018-05-19,3.01,35.88,31.08
2018-05-20,0.43,0.0,34.04
2018-05-21,12.9,29.44,31.82
2018-05-22,11.61,14.72,30.71
2018-05-23,11.18,15.180000000000001,31.45
2018-05-24,15.91,31.740000000000002,31.45
2018-05-25,11.61,0.0,30.71
2018-05-26,3.01,0.0,33.3
2018-05-27,1.29,18.86,32.56
2018-05-28,1.72,0.0,35.519999999999996
2018-05-29,12.04,0.0,31.45
2018-05-30,11.61,0.0,32.19
2018-05-31,11.18,0.0,32.19
2018-06-01,21.9,8.68,28.88
2018-06-02,5.3999999999999995,0.0,31.92
2018-06-03,4.5,31.0,31.16
2018-06-04,29.7,25.73,38.0
2018-06-05,30.0,0.0,34.58
2018-06-06,26.7,26.04,31.54
2018-06-07,22.2,8.37,31.16
2018-06-08,23.4,0.0,30.4
2018-06-09,4.8,0.0,33.06
2018-06-10,4.2,0.0,33.44
2018-06-11,19.2,8.37,31.54
2018-06-12,19.2,0.0,30.78
2018-06-13,18.9,16.12,29.64
2018-06-14,19.8,8.68,30.02
2018-06-15,16.8,0.0,32.68
2018-06-16,4.5,0.0,32.68
2018-06-17,4.2,10.23,33.44
2018-06-18,19.5,8.68,30.78
2018-06-19,24.599999999999998,0.0,30.4
2018-06-20,21.599999999999998,0.0,29.64
2018-06-21,20.099999999999998,17.36,28.88
2018-06-22,15.6,8.99,29.26
2018-06-23,4.8,0.0,31.16
2018-06-24,3.0,0.0,30.4
2018-06-25,19.8,26.04,29.64
2018-06-26,19.2,26.04,30.02
2018-06-27,18.0,26.04,28.88
2018-06-28,16.2,8.68,29.64
2018-06-29,17.7,0.0,30.02
2018-06-30,3.5999999999999996,0.0,31.92
2018-07-01,1.24,15.579999999999998,34.2
2018-07-02,5.58,13.12,32.68
2018-07-03,4.34,0.0,32.3
2018-07-04,0.9299999999999999,0.0,34.96
2018-07-05,5.58,0.0,31.92
2018-07-06,4.65,0.0,31.92
2018-07-07,1.24,0.0,34.2
2018-07-08,0.62,15.17,35.34
2018-07-09,4.96,0.0,33.44
2018-07-10,7.4399999999999995,12.709999999999999,33.82
2018-07-11,6.2,0.0,33.82
2018-07-12,6.2,13.53,35.34
2018-07-13,5.89,41.0,34.96
2018-07-14,1.8599999999999999,0.0,35.72
2018-07-15,0.9299999999999999,15.17,35.34
2018-07-16,5.58,0.0,37.24
2018-07-17,5.58,0.0,38.0
2018-07-18,5.58,0.0,34.96
2018-07-19,5.89,0.0,34.2
2018-07-20,5.89,0.0,33.82
2018-07-21,1.55,0.0,34.96
2018-07-22,0.62,0.0,36.480000000000004
2018-07-23,5.58,0.0,34.96
2018-07-24,6.2,13.12,34.2
2018-07-25,5.89,13.12,33.82
2018-07-26,10.54,0.0,34.58
2018-07-27,7.75,0.0,33.44
2018-07-28,1.24,0.0,35.34
2018-07-29,1.24,15.579999999999998,36.480000000000004
2018-07-30,8.99,13.12,35.34
2018-07-31,31.0,0.0,37.24
2018-08-01,48.0,0.0,35.49
2018-08-02,38.879999999999995,0.0,39.0
2018-08-03,23.04,11.879999999999999,37.050000000000004
2018-08-04,4.32,27.36,36.27
2018-08-05,2.4,0.0,34.32
2018-08-06,14.399999999999999,11.879999999999999,33.93
2018-08-07,14.399999999999999,0.0,33.15
2018-08-08,11.52,23.04,32.370000000000005
2018-08-09,11.52,0.0,33.15
2018-08-10,12.0,36.0,33.15
2018-08-11,3.36,0.0,34.71
2018-08-12,1.92,0.0,35.49
2018-08-13,10.08,0.0,33.54
2018-08-14,12.0,0.0,32.370000000000005
2018-08-15,11.52,23.759999999999998,31.98
2018-08-16,12.0,0.0,31.98
2018-08-17,13.44,11.879999999999999,32.370000000000005
2018-08-18,3.36,13.68,33.93
2018-08-19,2.4,0.0,33.93
2018-08-20,12.48,23.759999999999998,32.76
2018-08-21,13.44,34.92,33.15
2018-08-22,10.559999999999999,11.879999999999999,31.98
2018-08-23,11.04,11.879999999999999,31.98
2018-08-24,9.12,0.0,31.59
2018-08-25,1.92,14.04,33.54
2018-08-26,1.92,0.0,33.93
2018-08-27,9.6,0.0,32.370000000000005
2018-08-28,13.44,23.04,33.15
2018-08-29,13.44,0.0,32.370000000000005
2018-08-30,14.399999999999999,11.52,33.15
2018-08-31,14.399999999999999,11.879999999999999,34.32
2018-09-01,6.4799999999999995,0.0,20.35
2018-09-02,3.2399999999999998,0.0,20.900000000000002
2018-09-03,4.68,24.91,20.900000000000002
2018-09-04,17.28,10.600000000000001,18.700000000000003
2018-09-05,20.52,0.0,18.150000000000002
2018-09-06,16.919999999999998,10.600000000000001,18.150000000000002
2018-09-07,15.479999999999999,21.73,18.150000000000002
2018-09-08,6.12,12.190000000000001,20.900000000000002
2018-09-09,3.2399999999999998,0.0,22.55
2018-09-10,16.2,10.600000000000001,20.35
2018-09-11,20.88,10.600000000000001,20.35
2018-09-12,36.0,25.970000000000002,55.00000000000001
2018-09-13,27.72,10.600000000000001,37.400000000000006
2018-09-14,20.52,32.86,31.900000000000002
2018-09-15,2.52,12.72,27.500000000000004
2018-09-16,4.68,24.91,26.400000000000002
2018-09-17,14.76,53.0,24.200000000000003
2018-09-18,17.64,10.600000000000001,24.200000000000003
2018-09-19,14.76,27.03,23.1
2018-09-20,15.84,10.600000000000001,23.650000000000002
2018-09-21,14.04,0.0,26.400000000000002
2018-09-22,1.7999999999999998,12.72,31.900000000000002
2018-09-23,2.52,0.0,30.800000000000004
2018-09-24,13.68,15.9,25.85
2018-09-25,14.399999999999999,10.600000000000001,24.750000000000004
2018-09-26,13.68,10.600000000000001,23.650000000000002
2018-09-27,16.2,11.13,23.650000000000002
2018-09-28,15.12,0.0,23.650000000000002
2018-09-29,2.16,13.25,29.700000000000003
2018-09-30,2.52,12.72,30.250000000000004
2018-10-01,23.79,10.32,40.32
2018-10-02,20.67,15.48,38.879999999999995
2018-10-03,21.060000000000002,10.32,38.4
2018-10-04,26.130000000000003,0.0,38.879999999999995
2018-10-05,28.080000000000002,10.75,41.28
2018-10-06,7.41,12.9,47.04
2018-10-07,5.07,24.509999999999998,48.0
2018-10-08,19.5,10.75,39.839999999999996
2018-10-09,19.5,10.75,37.92
2018-10-10,29.64,15.91,36.0
2018-10-11,35.88,0.0,36.96
2018-10-12,28.470000000000002,16.77,37.92
2018-10-13,6.24,12.9,47.519999999999996
2018-10-14,2.73,12.9,45.12
2018-10-15,22.23,26.66,36.0
2018-10-16,30.03,43.0,36.0
2018-10-17,20.67,15.91,35.04
2018-10-18,23.400000000000002,10.75,36.0
2018-10-19,21.45,11.18,37.44
2018-10-20,5.07,0.0,41.76
2018-10-21,2.73,24.94,42.239999999999995
2018-10-22,21.060000000000002,10.75,34.08
2018-10-23,24.57,15.91,36.96
2018-10-24,25.740000000000002,20.64,36.0
2018-10-25,28.86,0.0,34.56
2018-10-26,28.86,0.0,36.48
2018-10-27,5.07,0.0,41.76
2018-10-28,3.9000000000000004,0.0,39.36
2018-10-29,23.400000000000002,10.32,33.6
2018-10-30,39.0,21.07,46.08
2018-10-31,31.59,33.11,37.92
2018-11-01,53.0,19.68,24.96
2018-11-02,51.410000000000004,25.439999999999998,24.44
2018-11-03,8.48,0.0,27.04
2018-11-04,3.71,14.399999999999999,26.52
2018-11-05,24.380000000000003,34.56,23.400000000000002
2018-11-06,19.080000000000002,12.0,22.36
2018-11-07,19.61,11.04,20.8
2018-11-08,18.02,12.0,21.84
2018-11-09,14.84,12.48,23.400000000000002
2018-11-10,3.71,14.399999999999999,27.04
2018-11-11,1.06,14.399999999999999,27.560000000000002
2018-11-12,22.26,0.0,24.96
2018-11-13,22.26,36.96,24.96
2018-11-14,27.560000000000002,12.48,23.92
2018-11-15,21.73,12.0,23.400000000000002
2018-11-16,19.61,0.0,23.92
2018-11-17,5.300000000000001,29.759999999999998,28.6
2018-11-18,2.6500000000000004,22.08,30.68
2018-11-19,23.32,12.48,28.6
2018-11-20,28.09,18.72,30.68
2018-11-21,23.32,26.88,39.52
2018-11-22,4.7700000000000005,0.0,50.440000000000005
2018-11-23,12.72,13.44,52.0
2018-11-24,5.300000000000001,13.92,39.0
2018-11-25,3.71,0.0,31.200000000000003
2018-11-26,20.67,23.04,34.84
2018-11-27,22.790000000000003,17.759999999999998,27.04
2018-11-28,21.73,48.0,23.92
2018-11-29,20.14,18.24,24.44
2018-11-30,15.9,0.0,23.400000000000002
2018-12-01,7.98,0.0,25.5
2018-12-02,4.18,19.76,27.5
2018-12-03,33.82,0.0,24.0
2018-12-04,31.16,16.72,24.0
2018-12-05,17.48,0.0,24.0
2018-12-06,35.34,0.0,24.5
2018-12-07,28.5,17.48,24.5
2018-12-08,8.74,20.52,28.0
2018-12-09,3.42,0.0,27.5
2018-12-10,37.24,17.1,25.5
2018-12-11,27.740000000000002,17.1,24.0
2018-12-12,26.6,0.0,24.0
2018-12-13,28.12,0.0,25.0
2018-12-14,29.26,16.72,25.5
2018-12-15,8.36,0.0,30.0
2018-12-16,4.18,0.0,29.5
2018-12-17,23.18,15.96,26.0
2018-12-18,26.6,0.0,26.0
2018-12-19,26.98,17.86,26.5
2018-12-20,30.78,36.480000000000004,27.0
2018-12-21,34.58,37.62,28.5
2018-12-22,10.64,21.66,32.0
2018-12-23,5.7,22.04,32.5
2018-12-24,31.54,0.0,32.5
2018-12-25,8.36,0.0,50.0
2018-12-26,38.0,20.14,42.0
2018-12-27,34.96,0.0,34.5
2018-12-28,26.6,38.0,30.5
2018-12-29,6.08,0.0,30.5
2018-12-30,5.7,0.0,27.5
2018-12-31,22.04,19.0,26.0
2019-01-01,3.3000000000000003,0.0,35.28
2019-01-02,24.200000000000003,18.9,37.8
2019-01-03,55.00000000000001,36.54,42.0
2019-01-04,30.800000000000004,36.54,39.48
2019-01-05,6.6000000000000005,21.0,38.64
2019-01-06,3.8500000000000005,0.0,36.54
2019-01-07,15.950000000000001,34.86,33.18
2019-01-08,13.200000000000001,34.86,33.18
2019-01-09,17.05,17.64,32.339999999999996
2019-01-10,11.55,0.0,30.66
2019-01-11,12.100000000000001,27.3,30.66
2019-01-12,3.3000000000000003,20.58,34.019999999999996
2019-01-13,1.6500000000000001,0.0,35.28
2019-01-14,9.9,34.44,30.66
2019-01-15,9.9,26.04,29.82
2019-01-16,11.0,34.86,30.24
2019-01-17,9.9,0.0,31.08
2019-01-18,11.0,26.459999999999997,29.82
2019-01-19,2.2,0.0,32.339999999999996
2019-01-20,2.2,0.0,33.18
2019-01-21,3.8500000000000005,17.64,30.66
2019-01-22,9.350000000000001,0.0,28.98
2019-01-23,8.8,17.22,28.98
2019-01-24,9.9,16.8,30.24
2019-01-25,11.0,17.64,29.82
2019-01-26,3.3000000000000003,42.0,32.339999999999996
2019-01-27,2.2,0.0,33.18
2019-01-28,8.8,34.44,28.56
2019-01-29,34.1,34.019999999999996,33.6
2019-01-30,31.900000000000002,16.8,31.08
2019-01-31,18.700000000000003,0.0,28.98
2019-02-01,22.04,10.36,32.56
2019-02-02,6.38,12.58,37.0
2019-02-03,3.7699999999999996,0.0,34.78
2019-02-04,23.2,19.98,30.34
2019-02-05,28.999999999999996,10.36,32.93
2019-02-06,21.75,10.36,32.19
2019-02-07,23.2,9.99,31.45
2019-02-08,21.459999999999997,10.73,32.56
2019-02-09,5.8,0.0,36.26
2019-02-10,2.9,37.0,36.63
2019-02-11,16.529999999999998,0.0,31.82
2019-02-12,18.56,9.99,31.45
2019-02-13,20.88,0.0,31.82
2019-02-14,17.4,0.0,31.08
2019-02-15,20.009999999999998,11.1,31.82
2019-02-16,4.64,0.0,34.78
2019-02-17,2.32,12.58,35.15
2019-02-18,5.22,16.65,34.41
2019-02-19,21.169999999999998,10.36,33.3
2019-02-20,15.079999999999998,10.36,31.45
2019-02-21,18.849999999999998,21.09,31.82
2019-02-22,17.11,10.73,31.82
2019-02-23,4.64,18.13,35.519999999999996
2019-02-24,3.19,0.0,34.78
2019-02-25,15.37,20.35,31.08
2019-02-26,17.689999999999998,10.36,31.45
2019-02-27,15.659999999999998,10.36,31.45
2019-02-28,16.24,15.54,30.71
2019-03-01,11.88,15.68,22.42
2019-03-02,4.95,0.0,25.46
2019-03-03,2.64,18.62,26.22
2019-03-04,12.21,46.55,22.8
2019-03-05,13.530000000000001,0.0,22.04
2019-03-06,10.23,0.0,21.66
2019-03-07,10.56,31.36,23.56
2019-03-08,12.21,0.0,23.18
2019-03-09,3.3000000000000003,19.11,25.080000000000002
2019-03-10,2.64,19.11,25.080000000000002
2019-03-11,17.490000000000002,15.68,23.94
2019-03-12,14.190000000000001,15.68,23.56
2019-03-13,15.510000000000002,31.36,23.18
2019-03-14,19.14,47.53,23.18
2019-03-15,14.190000000000001,32.339999999999996,22.04
2019-03-16,5.61,0.0,23.94
2019-03-17,1.6500000000000001,0.0,24.7
2019-03-18,16.5,16.169999999999998,23.94
2019-03-19,14.190000000000001,0.0,24.32
2019-03-20,15.510000000000002,32.83,24.7
2019-03-21,22.11,31.849999999999998,24.7
2019-03-22,20.130000000000003,0.0,23.18
2019-03-23,3.3000000000000003,0.0,24.7
2019-03-24,3.3000000000000003,0.0,25.080000000000002
2019-03-25,33.0,16.169999999999998,38.0
2019-03-26,25.740000000000002,49.0,33.06
2019-03-27,17.16,0.0,26.22
2019-03-28,16.5,16.169999999999998,24.7
2019-03-29,15.510000000000002,0.0,24.32
2019-03-30,5.94,0.0,25.84
2019-03-31,1.98,0.0,25.080000000000002
2019-04-01,12.6,12.48,33.67
2019-04-02,14.0,0.0,34.04
2019-04-03,12.25,0.0,34.04
2019-04-04,13.299999999999999,25.48,32.56
2019-04-05,12.25,0.0,32.56
2019-04-06,2.8,16.12,35.89
2019-04-07,2.0999999999999996,0.0,37.0
2019-04-08,12.95,13.0,32.93
2019-04-09,14.0,0.0,32.56
2019-04-10,12.95,50.96,32.19
2019-04-11,10.85,25.48,31.82
2019-04-12,12.25,0.0,31.82
2019-04-13,2.8,15.600000000000001,35.15
2019-04-14,1.4,15.600000000000001,35.15
2019-04-15,11.549999999999999,0.0,31.82
2019-04-16,14.35,13.0,31.82
2019-04-17,13.299999999999999,13.0,33.3
2019-04-18,13.649999999999999,0.0,32.56
2019-04-19,4.8999999999999995,14.040000000000001,34.04
2019-04-20,1.4,16.12,35.89
2019-04-21,1.75,33.800000000000004,35.519999999999996
2019-04-22,13.299999999999999,13.52,32.93
2019-04-23,14.35,26.52,34.04
2019-04-24,12.6,13.0,31.82
2019-04-25,13.649999999999999,12.48,31.45
2019-04-26,12.25,52.0,31.45
2019-04-27,2.8,0.0,33.67
2019-04-28,2.4499999999999997,15.600000000000001,34.78
2019-04-29,12.6,38.480000000000004,32.56
2019-04-30,35.0,12.48,33.3
2019-05-01,37.0,22.1,30.599999999999998
2019-05-02,18.5,22.1,28.08
2019-05-03,14.06,11.56,30.599999999999998
2019-05-04,3.33,13.260000000000002,32.4
2019-05-05,2.2199999999999998,13.600000000000001,32.4
2019-05-06,15.17,11.22,30.24
2019-05-07,13.69,22.1,27.72
2019-05-08,12.95,0.0,29.52
2019-05-09,11.47,22.44,28.799999999999997
2019-05-10,14.06,0.0,29.88
2019-05-11,2.96,13.940000000000001,31.68
2019-05-12,1.85,13.940000000000001,36.0
2019-05-13,20.35,11.56,33.12
2019-05-14,18.13,22.78,32.4
2019-05-15,14.8,11.56,30.24
2019-05-16,13.32,11.56,29.52
2019-05-17,9.99,0.0,30.24
2019-05-18,4.4399999999999995,0.0,31.68
2019-05-19,1.85,0.0,32.04
2019-05-20,12.209999999999999,0.0,32.76
2019-05-21,11.1,34.0,30.959999999999997
2019-05-22,10.36,11.56,29.88
2019-05-23,14.8,11.9,30.599999999999998
2019-05-24,10.73,24.14,29.88
2019-05-25,2.96,14.620000000000001,30.599999999999998
2019-05-26,1.48,14.620000000000001,32.04
2019-05-27,1.48,13.600000000000001,32.76
2019-05-28,9.62,11.56,29.52
2019-05-29,9.99,11.22,30.24
2019-05-30,11.84,0.0,29.16
2019-05-31,11.1,0.0,30.959999999999997
2019-06-01,4.86,10.56,30.0
2019-06-02,2.7,0.0,30.0
2019-06-03,24.3,0.0,35.6
2019-06-04,20.25,8.8,40.0
2019-06-05,22.68,17.6,36.800000000000004
2019-06-06,19.17,17.6,32.0
2019-06-07,16.470000000000002,0.0,31.6
2019-06-08,5.4,10.56,31.6
2019-06-09,1.62,10.56,32.4
2019-06-10,18.09,0.0,29.200000000000003
2019-06-11,21.87,0.0,29.6
2019-06-12,18.900000000000002,18.04,30.0
2019-06-13,15.66,44.0,28.400000000000002
2019-06-14,18.09,8.8,29.200000000000003
2019-06-15,5.130000000000001,0.0,29.6
2019-06-16,1.62,0.0,32.0
2019-06-17,15.930000000000001,0.0,29.200000000000003
2019-06-18,19.98,0.0,28.8
2019-06-19,24.840000000000003,0.0,28.8
2019-06-20,18.36,8.8,28.0
2019-06-21,19.17,9.24,28.8
2019-06-22,6.75,0.0,28.400000000000002
2019-06-23,2.43,11.0,30.0
2019-06-24,14.580000000000002,9.24,28.400000000000002
2019-06-25,17.82,8.8,28.400000000000002
2019-06-26,27.0,0.0,28.8
2019-06-27,21.060000000000002,0.0,28.400000000000002
2019-06-28,23.220000000000002,0.0,29.200000000000003
2019-06-29,5.94,10.56,30.0
2019-06-30,3.24,0.0,29.200000000000003
2019-07-01,12.9,25.83,32.68
2019-07-02,9.9,25.83,33.44
2019-07-03,11.4,13.12,32.3
2019-07-04,3.3,14.76,34.58
2019-07-05,8.1,14.35,33.06
2019-07-06,3.0,0.0,32.68
2019-07-07,1.7999999999999998,14.35,31.54
2019-07-08,10.799999999999999,12.709999999999999,33.06
2019-07-09,10.5,13.12,33.06
2019-07-10,10.2,0.0,31.92
2019-07-11,10.799999999999999,0.0,32.68
2019-07-12,9.0,0.0,32.3
2019-07-13,3.0,15.17,33.82
2019-07-14,1.2,0.0,33.82
2019-07-15,10.2,0.0,38.0
2019-07-16,10.2,12.709999999999999,35.72
2019-07-17,10.2,12.709999999999999,33.82
2019-07-18,10.2,13.12,32.3
2019-07-19,8.7,13.53,33.44
2019-07-20,2.1,0.0,32.3
2019-07-21,1.5,0.0,34.58
2019-07-22,10.799999999999999,12.709999999999999,32.3
2019-07-23,9.9,25.419999999999998,33.44
2019-07-24,10.2,13.53,32.3
2019-07-25,12.299999999999999,13.12,31.54
2019-07-26,8.7,41.0,34.58
2019-07-27,2.4,15.579999999999998,34.58
2019-07-28,2.6999999999999997,15.17,35.34
2019-07-29,10.799999999999999,0.0,33.06
2019-07-30,30.0,19.68,34.58
2019-07-31,28.5,13.12,34.2
2019-08-01,31.0,0.0,11.44
2019-08-02,21.08,21.45,11.0
2019-08-03,4.03,15.600000000000001,11.44
2019-08-04,2.17,15.600000000000001,11.0
2019-08-05,30.38,13.65,11.0
2019-08-06,26.97,13.65,11.88
2019-08-07,21.39,27.69,11.0
2019-08-08,20.77,13.65,11.44
2019-08-09,20.77,13.65,11.44
2019-08-10,4.65,0.0,11.88
2019-08-11,3.41,15.99,11.88
2019-08-12,18.91,13.26,11.44
2019-08-13,29.759999999999998,26.52,11.88
2019-08-14,26.04,39.0,11.88
2019-08-15,20.15,26.91,11.44
2019-08-16,17.98,13.65,11.88
2019-08-17,5.27,15.600000000000001,12.32
2019-08-18,2.79,15.600000000000001,12.32
2019-08-19,21.7,0.0,11.44
2019-08-20,22.32,13.26,11.88
2019-08-21,19.22,12.870000000000001,12.76
2019-08-22,18.6,0.0,12.76
2019-08-23,22.63,0.0,11.88
2019-08-24,5.27,30.810000000000002,12.32
2019-08-25,4.03,0.0,12.32
2019-08-26,19.53,12.870000000000001,11.88
2019-08-27,19.84,12.870000000000001,11.88
2019-08-28,15.5,0.0,11.88
2019-08-29,18.91,12.870000000000001,11.44
2019-08-30,14.26,25.35,28.6
2019-08-31,4.34,14.43,44.0
2019-09-01,1.04,0.0,91.0
2019-09-02,2.08,0.0,79.0
2019-09-03,10.92,0.0,70.0
2019-09-04,9.88,0.0,76.0
2019-09-05,14.3,22.05,85.0
2019-09-06,13.52,0.0,75.0
2019-09-07,2.8600000000000003,0.0,65.0
2019-09-08,1.82,0.0,66.0
2019-09-09,12.74,44.550000000000004,62.0
2019-09-10,26.0,44.1,100.0
2019-09-11,18.72,0.0,83.0
2019-09-12,19.76,22.5,69.0
2019-09-13,20.28,22.5,65.0
2019-09-14,3.38,0.0,72.0
2019-09-15,1.56,0.0,70.0
2019-09-16,11.96,21.6,63.0
2019-09-17,14.56,21.6,61.0
2019-09-18,12.74,22.05,59.0
2019-09-19,12.74,45.0,58.0
2019-09-20,14.3,22.05,61.0
2019-09-21,2.34,26.1,73.0
2019-09-22,1.56,0.0,68.0
2019-09-23,10.92,21.6,57.0
2019-09-24,12.74,0.0,53.0
2019-09-25,10.92,22.5,48.0
2019-09-26,10.4,0.0,46.0
2019-09-27,10.66,0.0,37.0
2019-09-28,2.6,0.0,42.0
2019-09-29,1.82,0.0,42.0
2019-09-30,12.48,0.0,35.0
2019-10-01,10.56,15.84,37.92
2019-10-02,10.89,30.72,36.96
2019-10-03,8.58,0.0,36.48
2019-10-04,13.200000000000001,0.0,38.879999999999995
2019-10-05,2.64,0.0,48.0
2019-10-06,2.64,0.0,48.0
2019-10-07,9.57,15.84,37.92
2019-10-08,9.24,15.84,37.44
2019-10-09,11.22,15.84,37.44
2019-10-10,11.55,31.2,36.96
2019-10-11,14.850000000000001,48.0,37.44
2019-10-12,3.3000000000000003,0.0,46.08
2019-10-13,1.98,0.0,47.04
2019-10-14,12.870000000000001,0.0,38.879999999999995
2019-10-15,10.23,15.36,36.0
2019-10-16,9.9,47.519999999999996,36.0
2019-10-17,10.56,15.84,35.519999999999996
2019-10-18,9.24,0.0,36.48
2019-10-19,1.98,0.0,42.72
2019-10-20,1.6500000000000001,36.0,42.72
2019-10-21,11.55,15.36,36.48
2019-10-22,12.540000000000001,14.879999999999999,34.56
2019-10-23,12.540000000000001,46.08,33.12
2019-10-24,12.870000000000001,15.84,32.16
2019-10-25,12.21,15.84,33.6
2019-10-26,3.6300000000000003,18.24,39.36
2019-10-27,1.98,0.0,37.92
2019-10-28,14.190000000000001,30.24,37.44
2019-10-29,16.5,0.0,37.44
2019-10-30,33.0,0.0,36.48
2019-10-31,23.76,0.0,33.6
2019-11-01,26.320000000000004,13.34,24.200000000000003
2019-11-02,8.4,30.82,30.250000000000004
2019-11-03,5.880000000000001,23.0,28.6
2019-11-04,28.000000000000004,12.88,23.650000000000002
2019-11-05,22.96,32.2,23.1
2019-11-06,19.880000000000003,0.0,22.0
2019-11-07,23.520000000000003,12.88,22.55
2019-11-08,22.400000000000002,0.0,23.1
2019-11-09,5.040000000000001,0.0,25.85
2019-11-10,2.8000000000000003,0.0,26.400000000000002
2019-11-11,19.6,12.88,25.3
2019-11-12,21.28,18.400000000000002,23.650000000000002
2019-11-13,22.96,12.88,24.750000000000004
2019-11-14,21.000000000000004,12.42,25.85
2019-11-15,20.44,32.2,27.500000000000004
2019-11-16,6.44,29.900000000000002,28.6
2019-11-17,4.760000000000001,15.180000000000001,28.05
2019-11-18,20.160000000000004,25.3,24.200000000000003
2019-11-19,20.160000000000004,19.32,24.200000000000003
2019-11-20,20.160000000000004,12.88,23.650000000000002
2019-11-21,19.32,19.32,24.750000000000004
2019-11-22,15.400000000000002,46.0,24.750000000000004
2019-11-23,4.760000000000001,14.72,29.700000000000003
2019-11-24,2.5200000000000005,22.540000000000003,31.35
2019-11-25,16.240000000000002,25.76,28.05
2019-11-26,20.720000000000002,20.240000000000002,29.700000000000003
2019-11-27,16.240000000000002,27.6,36.85
2019-11-28,7.000000000000001,0.0,50.6
2019-11-29,12.32,14.26,55.00000000000001
2019-11-30,5.040000000000001,14.72,37.95
2019-12-01,4.2,28.080000000000002,34.32
2019-12-02,17.360000000000003,17.94,38.480000000000004
2019-12-03,15.96,24.57,30.68
2019-12-04,18.200000000000003,37.83,26.0
2019-12-05,18.200000000000003,12.870000000000001,30.16
2019-12-06,22.400000000000002,12.870000000000001,28.080000000000002
2019-12-07,5.32,14.82,29.64
2019-12-08,2.8000000000000003,14.43,29.64
2019-12-09,19.32,24.96,25.48
2019-12-10,21.28,39.0,26.52
2019-12-11,19.32,24.96,24.96
2019-12-12,23.520000000000003,24.96,24.96
2019-12-13,23.8,12.48,26.0
2019-12-14,4.760000000000001,29.64,30.16
2019-12-15,2.24,0.0,29.64
2019-12-16,22.12,24.96,27.560000000000002
2019-12-17,26.6,24.96,27.04
2019-12-18,21.000000000000004,12.870000000000001,27.04
2019-12-19,21.560000000000002,13.26,26.0
2019-12-20,23.520000000000003,0.0,27.560000000000002
2019-12-21,4.760000000000001,15.600000000000001,31.720000000000002
2019-12-22,3.08,0.0,32.24
2019-12-23,20.720000000000002,14.43,32.24
2019-12-24,19.040000000000003,0.0,34.84
2019-12-25,5.040000000000001,0.0,52.0
2019-12-26,24.360000000000003,0.0,43.160000000000004
2019-12-27,28.000000000000004,0.0,36.4
2019-12-28,7.5600000000000005,15.21,33.28
2019-12-29,3.6400000000000006,0.0,29.64
2019-12-30,22.12,0.0,28.6
2019-12-31,22.680000000000003,14.040000000000001,28.6
2020-01-01,4.4,18.6,38.949999999999996
2020-01-02,24.64,16.12,41.0
2020-01-03,22.0,15.81,40.18
2020-01-04,5.28,26.04,40.589999999999996
2020-01-05,2.64,0.0,39.769999999999996
2020-01-06,16.72,0.0,37.309999999999995
2020-01-07,16.72,31.0,36.489999999999995
2020-01-08,21.56,15.5,35.669999999999995
2020-01-09,24.64,15.5,34.85
2020-01-10,19.8,0.0,35.26
2020-01-11,5.28,17.36,36.9
2020-01-12,3.08,0.0,37.309999999999995
2020-01-13,19.36,0.0,33.21
2020-01-14,21.12,13.64,33.62
2020-01-15,18.48,14.26,33.21
2020-01-16,18.92,14.879999999999999,32.39
2020-01-17,18.48,15.5,34.85
2020-01-18,3.96,17.36,36.08
2020-01-19,3.08,0.0,34.85
2020-01-20,5.28,16.12,35.26
2020-01-21,16.72,30.38,33.62
2020-01-22,18.04,15.19,32.8
2020-01-23,16.28,14.879999999999999,32.8
2020-01-24,16.72,22.63,33.62
2020-01-25,5.72,17.669999999999998,35.26
2020-01-26,2.64,16.12,33.62
2020-01-27,18.92,14.26,30.34
2020-01-28,44.0,14.879999999999999,31.569999999999997
2020-01-29,43.12,14.879999999999999,34.03
2020-01-30,25.52,22.94,31.979999999999997
2020-01-31,22.0,15.5,31.979999999999997
2020-02-01,5.72,14.8,38.0
2020-02-02,3.08,0.0,36.86
2020-02-03,22.0,11.600000000000001,30.78
2020-02-04,23.76,12.8,34.58
2020-02-05,21.12,24.8,33.44
2020-02-06,18.92,12.8,33.06
2020-02-07,17.16,12.8,34.58
2020-02-08,2.64,22.400000000000002,37.24
2020-02-09,1.32,14.8,37.24
2020-02-10,17.16,24.8,33.44
2020-02-11,18.48,24.400000000000002,33.82
2020-02-12,19.36,25.200000000000003,33.82
2020-02-13,20.68,25.6,33.82
2020-02-14,16.28,40.0,33.82
2020-02-15,3.52,14.8,37.24
2020-02-16,3.08,0.0,36.86
2020-02-17,9.68,13.200000000000001,36.1
2020-02-18,38.28,24.400000000000002,35.34
2020-02-19,21.12,24.400000000000002,34.58
2020-02-20,15.4,12.0,32.68
2020-02-21,17.16,25.200000000000003,33.06
2020-02-22,4.84,28.8,37.24
2020-02-23,3.08,14.8,36.480000000000004
2020-02-24,30.8,0.0,34.58
2020-02-25,30.36,36.0,34.96
2020-02-26,28.6,12.0,34.2
2020-02-27,36.08,12.4,36.1
2020-02-28,44.0,0.0,35.72
2020-02-29,10.56,0.0,37.24
2020-03-01,5.8500000000000005,0.0,37.44
2020-03-02,53.95,10.64,36.27
2020-03-03,48.1,0.0,36.660000000000004
2020-03-04,38.35,0.0,34.32
2020-03-05,35.1,10.64,33.93
2020-03-06,40.300000000000004,0.0,34.32
2020-03-07,9.1,12.92,37.050000000000004
2020-03-08,4.55,0.0,34.71
2020-03-09,57.2,0.0,33.93
2020-03-10,48.1,10.64,33.93
2020-03-11,44.85,31.92,31.98
2020-03-12,63.050000000000004,10.26,30.810000000000002
2020-03-13,57.2,0.0,32.370000000000005
2020-03-14,16.900000000000002,38.0,39.0
2020-03-15,12.35,0.0,35.49
2020-03-16,65.0,21.28,33.93
2020-03-17,46.15,10.64,33.15
2020-03-18,47.45,0.0,37.050000000000004
2020-03-19,42.9,0.0,34.71
2020-03-20,41.6,10.64,33.54
2020-03-21,13.65,11.78,35.88
2020-03-22,9.1,12.16,37.44
2020-03-23,50.050000000000004,9.88,35.1
2020-03-24,50.050000000000004,10.64,35.88
2020-03-25,44.85,10.64,35.49
2020-03-26,39.0,0.0,34.32
2020-03-27,35.1,30.4,35.1
2020-03-28,9.1,35.72,38.22
2020-03-29,7.15,0.0,35.88
2020-03-30,32.5,10.26,33.15
2020-03-31,26.0,0.0,33.54
2020-04-01,18.400000000000002,11.56,33.88
2020-04-02,21.200000000000003,11.22,32.56
2020-04-03,18.0,0.0,33.88
2020-04-04,6.0,13.260000000000002,36.52
2020-04-05,3.2,13.260000000000002,35.64
2020-04-06,23.6,11.56,32.12
2020-04-07,23.6,0.0,33.44
2020-04-08,18.400000000000002,11.56,33.44
2020-04-09,18.400000000000002,11.56,33.88
2020-04-10,8.8,11.9,36.08
2020-04-11,3.2,13.260000000000002,39.160000000000004
2020-04-12,2.8000000000000003,13.260000000000002,37.84
2020-04-13,20.8,17.34,35.2
2020-04-14,23.200000000000003,17.0,36.96
2020-04-15,21.200000000000003,16.66,40.04
2020-04-16,22.0,11.22,40.92
2020-04-17,24.400000000000002,33.32,44.0
2020-04-18,5.6000000000000005,25.840000000000003,44.0
2020-04-19,4.0,12.920000000000002,42.24
2020-04-20,18.400000000000002,0.0,37.84
2020-04-21,18.400000000000002,0.0,37.4
2020-04-22,19.200000000000003,34.0,37.84
2020-04-23,15.600000000000001,21.76,38.28
2020-04-24,14.0,22.1,37.4
2020-04-25,4.800000000000001,12.58,39.160000000000004
2020-04-26,3.2,12.920000000000002,40.04
2020-04-27,18.0,34.0,36.96
2020-04-28,17.6,0.0,36.52
2020-04-29,21.200000000000003,16.66,37.84
2020-04-30,40.0,10.88,41.8
2020-05-01,34.0,23.8,40.42
2020-05-02,6.460000000000001,14.000000000000002,42.14
2020-05-03,4.760000000000001,28.000000000000004,41.28
2020-05-04,18.02,11.760000000000002,39.56
2020-05-05,21.42,10.920000000000002,40.42
2020-05-06,20.400000000000002,0.0,39.56
2020-05-07,20.400000000000002,12.040000000000001,38.269999999999996
2020-05-08,21.080000000000002,12.040000000000001,39.56
2020-05-09,4.760000000000001,0.0,43.0
2020-05-10,4.42,14.000000000000002,42.14
2020-05-11,17.34,0.0,39.13
2020-05-12,20.400000000000002,12.040000000000001,37.839999999999996
2020-05-13,20.060000000000002,12.040000000000001,38.269999999999996
2020-05-14,16.66,11.760000000000002,38.269999999999996
2020-05-15,17.34,0.0,37.839999999999996
2020-05-16,5.78,0.0,41.28
2020-05-17,3.4000000000000004,0.0,40.85
2020-05-18,16.32,0.0,38.7
2020-05-19,18.360000000000003,12.040000000000001,39.13
2020-05-20,19.720000000000002,24.080000000000002,39.56
2020-05-21,14.96,0.0,39.13
2020-05-22,14.620000000000001,24.64,39.99
2020-05-23,3.06,0.0,40.42
2020-05-24,2.04,0.0,40.42
2020-05-25,3.06,28.000000000000004,40.42
2020-05-26,18.700000000000003,0.0,38.269999999999996
2020-05-27,17.0,24.360000000000003,38.269999999999996
2020-05-28,13.600000000000001,12.040000000000001,39.99
2020-05-29,13.260000000000002,0.0,37.41
2020-05-30,3.06,14.280000000000001,38.269999999999996
2020-05-31,3.06,0.0,37.839999999999996
2020-06-01,20.28,0.0,32.56
2020-06-02,20.67,10.729999999999999,34.76
2020-06-03,20.67,6.67,33.88
2020-06-04,21.45,6.67,32.56
2020-06-05,23.400000000000002,6.959999999999999,32.56
2020-06-06,6.63,0.0,36.52
2020-06-07,3.5100000000000002,8.12,36.08
2020-06-08,23.400000000000002,6.67,35.64
2020-06-09,28.86,6.959999999999999,35.64
2020-06-10,36.27,10.729999999999999,36.52
2020-06-11,33.54,10.44,35.2
2020-06-12,29.64,14.79,35.2
2020-06-13,7.800000000000001,0.0,36.96
2020-06-14,5.07,8.41,36.08
2020-06-15,25.35,10.729999999999999,36.08
2020-06-16,27.3,6.959999999999999,36.96
2020-06-17,28.470000000000002,28.999999999999996,36.52
2020-06-18,27.3,7.249999999999999,35.64
2020-06-19,28.080000000000002,7.539999999999999,37.84
2020-06-20,6.24,16.82,37.84
2020-06-21,4.68,8.7,39.160000000000004
2020-06-22,36.27,7.249999999999999,44.0
2020-06-23,39.0,7.249999999999999,43.12
2020-06-24,34.32,0.0,39.160000000000004
2020-06-25,28.86,11.02,37.4
2020-06-26,27.3,0.0,37.4
2020-06-27,6.24,8.41,38.72
2020-06-28,6.63,0.0,37.84
2020-06-29,26.91,7.539999999999999,37.4
2020-06-30,28.470000000000002,7.539999999999999,35.64
2020-07-01,11.52,47.0,38.64
2020-07-02,10.08,23.5,38.18
2020-07-03,3.84,16.919999999999998,38.18
2020-07-04,1.92,18.799999999999997,39.1
2020-07-05,1.44,0.0,36.800000000000004
2020-07-06,12.959999999999999,30.549999999999997,36.800000000000004
2020-07-07,12.0,15.51,38.64
2020-07-08,13.92,15.51,38.18
2020-07-09,12.959999999999999,23.5,38.64
2020-07-10,11.52,15.979999999999999,42.32
2020-07-11,2.88,0.0,40.940000000000005
2020-07-12,1.44,36.19,39.1
2020-07-13,16.8,15.51,39.1
2020-07-14,14.879999999999999,15.51,40.940000000000005
2020-07-15,16.32,15.51,40.02
2020-07-16,12.48,0.0,40.02
2020-07-17,12.48,23.97,37.72
2020-07-18,2.4,0.0,41.4
2020-07-19,1.92,0.0,40.480000000000004
2020-07-20,10.559999999999999,15.979999999999999,37.72
2020-07-21,12.959999999999999,31.49,39.56
2020-07-22,12.48,15.51,39.56
2020-07-23,14.399999999999999,15.51,39.1
2020-07-24,15.84,15.979999999999999,39.1
2020-07-25,2.88,36.19,40.940000000000005
2020-07-26,1.92,0.0,39.56
2020-07-27,12.0,15.979999999999999,37.260000000000005
2020-07-28,11.52,23.5,38.18
2020-07-29,12.959999999999999,31.959999999999997,38.18
2020-07-30,31.68,23.5,40.940000000000005
2020-07-31,48.0,32.43,46.0
2020-08-01,12.8,0.0,44.1
2020-08-02,8.0,9.0,48.019999999999996
2020-08-03,37.6,0.0,46.06
2020-08-04,32.0,7.56,44.1
2020-08-05,31.200000000000003,7.92,41.65
2020-08-06,32.800000000000004,23.04,41.65
2020-08-07,27.200000000000003,7.92,43.61
2020-08-08,8.8,0.0,42.14
2020-08-09,4.0,9.0,42.14
2020-08-10,28.8,7.56,40.18
2020-08-11,32.800000000000004,7.56,40.18
2020-08-12,31.200000000000003,0.0,40.67
2020-08-13,38.400000000000006,7.56,42.63
2020-08-14,28.8,15.84,45.57
2020-08-15,6.4,9.0,43.12
2020-08-16,4.800000000000001,0.0,42.63
2020-08-17,24.0,0.0,40.67
2020-08-18,27.200000000000003,7.56,40.18
2020-08-19,32.0,15.12,42.14
2020-08-20,33.6,7.56,40.67
2020-08-21,44.0,7.56,43.12
2020-08-22,10.4,9.0,43.61
2020-08-23,8.0,9.0,44.1
2020-08-24,48.800000000000004,7.199999999999999,45.08
2020-08-25,43.2,21.96,43.12
2020-08-26,34.4,7.199999999999999,41.65
2020-08-27,35.2,14.399999999999999,39.69
2020-08-28,36.0,0.0,42.14
2020-08-29,14.4,25.2,42.63
2020-08-30,11.200000000000001,8.64,43.12
2020-08-31,80.0,36.0,49.0
2020-09-01,85.0,27.0,35.84
2020-09-02,84.0,54.0,34.720000000000006
2020-09-03,85.0,26.46,33.6
2020-09-04,100.0,28.62,34.720000000000006
2020-09-05,20.0,16.740000000000002,34.160000000000004
2020-09-06,13.0,0.0,33.040000000000006
2020-09-07,12.0,15.66,34.160000000000004
2020-09-08,83.0,26.46,35.28
2020-09-09,73.0,26.46,33.040000000000006
2020-09-10,63.0,25.92,31.92
2020-09-11,58.0,13.5,31.92
2020-09-12,12.0,16.200000000000003,35.28
2020-09-13,8.0,16.200000000000003,36.96
2020-09-14,55.0,26.46,34.160000000000004
2020-09-15,73.0,40.5,56.00000000000001
2020-09-16,56.0,13.5,46.480000000000004
2020-09-17,55.0,12.96,40.88
2020-09-18,54.0,0.0,43.120000000000005
2020-09-19,12.0,0.0,48.720000000000006
2020-09-20,10.0,0.0,48.160000000000004
2020-09-21,56.0,0.0,39.760000000000005
2020-09-22,52.0,0.0,38.64
2020-09-23,53.0,13.5,37.52
2020-09-24,50.0,0.0,36.96
2020-09-25,47.0,44.82,38.080000000000005
2020-09-26,11.0,17.82,44.800000000000004
2020-09-27,6.0,0.0,43.68000000000001
2020-09-28,45.0,14.580000000000002,36.96
2020-09-29,42.0,0.0,35.28
2020-09-30,42.0,14.580000000000002,34.720000000000006
2020-10-01,40.5,21.66,30.78
2020-10-02,39.75,11.02,30.78
2020-10-03,6.75,12.92,35.64
2020-10-04,4.5,38.0,35.1
2020-10-05,33.0,10.64,30.240000000000002
2020-10-06,38.25,0.0,29.700000000000003
2020-10-07,31.5,10.64,29.700000000000003
2020-10-08,27.75,0.0,27.540000000000003
2020-10-09,31.5,0.0,29.160000000000004
2020-10-10,9.75,13.3,33.480000000000004
2020-10-11,5.25,13.3,34.02
2020-10-12,52.5,24.32,31.860000000000003
2020-10-13,75.0,24.32,54.0
2020-10-14,50.25,12.16,41.040000000000006
2020-10-15,34.5,12.16,31.860000000000003
2020-10-16,36.75,0.0,35.64
2020-10-17,9.0,0.0,36.18
2020-10-18,5.25,13.68,33.480000000000004
2020-10-19,36.75,23.94,29.160000000000004
2020-10-20,32.25,12.16,29.160000000000004
2020-10-21,28.5,0.0,28.62
2020-10-22,24.75,0.0,29.160000000000004
2020-10-23,30.0,24.7,29.700000000000003
2020-10-24,6.75,0.0,34.56
2020-10-25,3.75,13.68,30.78
2020-10-26,33.75,11.78,27.0
2020-10-27,31.5,0.0,27.540000000000003
2020-10-28,33.0,12.16,27.0
2020-10-29,60.75,23.94,28.080000000000002
2020-10-30,61.5,0.0,31.860000000000003
2020-10-31,10.5,0.0,30.78
2020-11-01,5.83,40.0,31.35
2020-11-02,43.46,8.4,29.700000000000003
2020-11-03,37.63,12.4,28.6
2020-11-04,25.970000000000002,5.6000000000000005,17.6
2020-11-05,32.86,12.4,22.0
2020-11-06,30.740000000000002,6.800000000000001,26.950000000000003
2020-11-07,7.42,8.0,28.05
2020-11-08,5.300000000000001,13.200000000000001,29.150000000000002
2020-11-09,53.0,0.0,29.700000000000003
2020-11-10,41.870000000000005,16.400000000000002,33.0
2020-11-11,41.870000000000005,16.400000000000002,32.45
2020-11-12,35.510000000000005,16.0,30.250000000000004
2020-11-13,31.8,0.0,31.900000000000002
2020-11-14,5.300000000000001,0.0,34.650000000000006
2020-11-15,5.300000000000001,0.0,34.650000000000006
2020-11-16,33.39,8.0,31.35
2020-11-17,31.8,8.4,31.900000000000002
2020-11-18,29.68,0.0,30.800000000000004
2020-11-19,30.21,33.2,31.35
2020-11-20,24.380000000000003,25.6,33.550000000000004
2020-11-21,6.36,9.600000000000001,35.75
2020-11-22,4.24,0.0,37.400000000000006
2020-11-23,31.270000000000003,8.4,35.75
2020-11-24,40.28,8.8,39.050000000000004
2020-11-25,29.68,0.0,45.650000000000006
2020-11-26,8.48,18.400000000000002,55.00000000000001
2020-11-27,20.67,9.200000000000001,52.800000000000004
2020-11-28,5.83,0.0,41.800000000000004
2020-11-29,4.24,9.200000000000001,36.300000000000004
2020-11-30,32.86,8.0,39.050000000000004
2020-12-01,74.0,0.0,46.800000000000004
2020-12-02,68.82,0.0,65.0
2020-12-03,58.46,100.0,48.75
