Date,AMZN,"Amazon.com, Inc.","Amazon.com,"
2015-01-01,0.6,,0.0
2015-01-02,1.3199999999999998,,11.969999999999999
2015-01-03,0.6,,13.02
2015-01-04,0.48,,0.0
2015-01-05,1.3199999999999998,,0.0
2015-01-06,1.92,,0.0
2015-01-07,1.44,,0.0
2015-01-08,1.44,,0.0
2015-01-09,1.08,,0.0
2015-01-10,0.24,,13.229999999999999
2015-01-11,0.6,,0.0
2015-01-12,1.44,,21.0
2015-01-13,1.56,,0.0
2015-01-14,1.2,,10.709999999999999
2015-01-15,2.16,,10.709999999999999
2015-01-16,1.44,,11.129999999999999
2015-01-17,0.48,,0.0
2015-01-18,0.36,,0.0
2015-01-19,1.2,,0.0
2015-01-20,1.92,,0.0
2015-01-21,2.28,,0.0
2015-01-22,2.16,,0.0
2015-01-23,2.6399999999999997,,0.0
2015-01-24,0.84,,0.0
2015-01-25,0.48,,13.229999999999999
2015-01-26,1.68,,0.0
2015-01-27,2.28,,10.29
2015-01-28,2.52,,10.5
2015-01-29,6.24,,10.5
2015-01-30,12.0,,10.709999999999999
2015-01-31,2.16,,0.0
2015-02-01,3.48,0.0,0.0
2015-02-02,7.68,2.79,12.09
2015-02-03,12.0,0.0,0.0
2015-02-04,5.64,0.0,0.0
2015-02-05,8.879999999999999,0.0,6.11
2015-02-06,7.4399999999999995,0.0,6.24
2015-02-07,3.12,0.0,0.0
2015-02-08,0.48,0.0,0.0
2015-02-09,4.32,0.0,0.0
2015-02-10,4.68,0.0,0.0
2015-02-11,7.199999999999999,0.0,12.09
2015-02-12,7.199999999999999,0.0,12.09
2015-02-13,8.52,0.0,0.0
2015-02-14,2.6399999999999997,0.0,0.0
2015-02-15,4.2,0.0,7.930000000000001
2015-02-16,4.32,3.0,13.0
2015-02-17,8.16,0.0,0.0
2015-02-18,4.4399999999999995,2.82,12.35
2015-02-19,7.68,0.0,12.48
2015-02-20,5.52,0.0,6.37
2015-02-21,3.96,0.0,0.0
2015-02-22,2.04,0.0,0.0
2015-02-23,3.5999999999999996,0.0,5.98
2015-02-24,2.4,0.0,0.0
2015-02-25,4.08,0.0,0.0
2015-02-26,6.12,0.0,0.0
2015-02-27,7.8,0.0,6.24
2015-02-28,2.04,0.0,0.0
2015-03-01,0.0,,0.0
2015-03-02,6.16,,0.0
2015-03-03,6.510000000000001,,8.33
2015-03-04,6.580000000000001,,0.0
2015-03-05,5.390000000000001,,4.25
2015-03-06,5.6000000000000005,,0.0
2015-03-07,0.0,,0.0
2015-03-08,0.0,,5.2700000000000005
2015-03-09,4.69,,17.0
2015-03-10,5.460000000000001,,0.0
2015-03-11,3.7800000000000002,,0.0
2015-03-12,3.43,,4.25
2015-03-13,7.000000000000001,,9.01
2015-03-14,2.1,,0.0
2015-03-15,0.56,,0.0
2015-03-16,3.9200000000000004,,4.42
2015-03-17,3.43,,4.25
2015-03-18,4.69,,4.25
2015-03-19,4.340000000000001,,4.25
2015-03-20,6.930000000000001,,0.0
2015-03-21,1.61,,5.44
2015-03-22,0.0,,0.0
2015-03-23,4.62,,4.25
2015-03-24,3.0100000000000002,,4.25
2015-03-25,3.5700000000000003,,7.3100000000000005
2015-03-26,3.5700000000000003,,0.0
2015-03-27,4.41,,4.590000000000001
2015-03-28,2.3800000000000003,,0.0
2015-03-29,0.56,,0.0
2015-03-30,3.0100000000000002,,4.42
2015-03-31,3.9200000000000004,,4.42
2015-04-01,1.4300000000000002,0.0,5.7
2015-04-02,1.9500000000000002,5.0,6.0
2015-04-03,0.91,0.0,6.3
2015-04-04,0.39,0.0,0.0
2015-04-05,0.52,0.0,0.0
2015-04-06,0.78,0.0,5.85
2015-04-07,1.17,0.0,0.0
2015-04-08,1.56,0.0,11.25
2015-04-09,1.3,0.0,11.25
2015-04-10,1.04,0.0,5.85
2015-04-11,0.52,0.0,15.0
2015-04-12,0.52,0.0,7.5
2015-04-13,1.17,0.0,0.0
2015-04-14,1.56,0.0,5.3999999999999995
2015-04-15,0.91,0.0,5.55
2015-04-16,0.78,4.75,11.1
2015-04-17,1.9500000000000002,0.0,6.0
2015-04-18,0.39,0.0,7.5
2015-04-19,0.78,0.0,7.199999999999999
2015-04-20,1.82,0.0,0.0
2015-04-21,2.6,0.0,0.0
2015-04-22,2.08,0.0,5.55
2015-04-23,6.63,4.9,5.7
2015-04-24,13.0,0.0,11.85
2015-04-25,3.64,0.0,7.35
2015-04-26,1.69,0.0,7.35
2015-04-27,3.5100000000000002,4.800000000000001,5.7
2015-04-28,3.38,0.0,0.0
2015-04-29,2.99,0.0,0.0
2015-04-30,1.82,0.0,5.7
2015-05-01,7.36,0.0,0.0
2015-05-02,2.32,0.0,7.67
2015-05-03,2.32,0.0,0.0
2015-05-04,2.64,0.0,0.0
2015-05-05,6.48,0.0,0.0
2015-05-06,4.4,0.0,5.8500000000000005
2015-05-07,5.84,0.0,0.0
2015-05-08,5.6000000000000005,0.0,0.0
2015-05-09,2.96,0.0,0.0
2015-05-10,0.56,0.0,0.0
2015-05-11,5.36,0.0,0.0
2015-05-12,4.8,0.0,0.0
2015-05-13,2.64,0.0,0.0
2015-05-14,3.52,0.0,0.0
2015-05-15,6.96,0.0,0.0
2015-05-16,1.2,0.0,0.0
2015-05-17,2.4,0.0,7.800000000000001
2015-05-18,4.0,0.0,0.0
2015-05-19,3.6,0.0,0.0
2015-05-20,3.6,0.0,11.83
2015-05-21,8.0,0.0,0.0
2015-05-22,7.36,0.0,13.0
2015-05-23,3.68,0.0,8.19
2015-05-24,0.64,0.0,0.0
2015-05-25,1.2,0.0,7.800000000000001
2015-05-26,5.44,3.0,0.0
2015-05-27,5.84,0.0,5.98
2015-05-28,5.44,0.0,0.0
2015-05-29,5.2,0.0,0.0
2015-05-30,0.56,0.0,0.0
2015-05-31,1.76,0.0,7.800000000000001
2015-06-01,3.5000000000000004,,0.0
2015-06-02,4.550000000000001,,7.22
2015-06-03,4.9,,0.0
2015-06-04,4.2,,0.0
2015-06-05,4.62,,0.0
2015-06-06,1.61,,0.0
2015-06-07,0.0,,0.0
2015-06-08,3.9200000000000004,,0.0
2015-06-09,3.1500000000000004,,7.41
2015-06-10,2.7300000000000004,,0.0
2015-06-11,3.5700000000000003,,0.0
2015-06-12,3.9200000000000004,,7.98
2015-06-13,2.24,,0.0
2015-06-14,1.9600000000000002,,0.0
2015-06-15,4.2,,0.0
2015-06-16,2.9400000000000004,,0.0
2015-06-17,5.11,,0.0
2015-06-18,3.43,,0.0
2015-06-19,4.130000000000001,,15.77
2015-06-20,2.45,,19.0
2015-06-21,1.61,,0.0
2015-06-22,3.43,,7.6
2015-06-23,7.000000000000001,,7.41
2015-06-24,6.370000000000001,,7.6
2015-06-25,4.2700000000000005,,0.0
2015-06-26,4.130000000000001,,0.0
2015-06-27,2.8000000000000003,,0.0
2015-06-28,1.2600000000000002,,0.0
2015-06-29,4.2,,7.6
2015-06-30,5.6000000000000005,,0.0
2015-07-01,1.0,,17.04
2015-07-02,0.6000000000000001,,0.0
2015-07-03,0.8,,0.0
2015-07-04,0.6000000000000001,,0.0
2015-07-05,0.8,,24.0
2015-07-06,0.8,,0.0
2015-07-07,1.4000000000000001,,0.0
2015-07-08,1.6,,0.0
2015-07-09,1.6,,0.0
2015-07-10,1.6,,0.0
2015-07-11,0.4,,0.0
2015-07-12,0.4,,0.0
2015-07-13,1.6,,0.0
2015-07-14,2.8000000000000003,,0.0
2015-07-15,4.0,,8.4
2015-07-16,4.4,,0.0
2015-07-17,4.0,,0.0
2015-07-18,0.8,,11.28
2015-07-19,0.6000000000000001,,11.76
2015-07-20,2.6,,0.0
2015-07-21,3.4000000000000004,,0.0
2015-07-22,3.8000000000000003,,0.0
2015-07-23,14.0,,8.64
2015-07-24,20.0,,0.0
2015-07-25,2.8000000000000003,,0.0
2015-07-26,1.6,,11.04
2015-07-27,4.800000000000001,,0.0
2015-07-28,3.4000000000000004,,0.0
2015-07-29,2.4000000000000004,,0.0
2015-07-30,3.2,,0.0
2015-07-31,3.0,,8.64
2015-08-01,2.3800000000000003,0.0,0.0
2015-08-02,0.0,0.0,4.8
2015-08-03,5.74,0.0,0.0
2015-08-04,6.0200000000000005,0.0,3.75
2015-08-05,5.180000000000001,0.0,0.0
2015-08-06,6.580000000000001,0.0,3.75
2015-08-07,5.32,0.0,0.0
2015-08-08,0.56,0.0,0.0
2015-08-09,3.6400000000000006,0.0,0.0
2015-08-10,3.7800000000000002,0.0,0.0
2015-08-11,7.000000000000001,0.0,0.0
2015-08-12,5.180000000000001,0.0,15.0
2015-08-13,3.7800000000000002,0.0,0.0
2015-08-14,1.9600000000000002,0.0,7.8
2015-08-15,0.56,0.0,4.8
2015-08-16,2.9400000000000004,0.0,0.0
2015-08-17,7.420000000000001,0.0,0.0
2015-08-18,9.940000000000001,2.0,3.5999999999999996
2015-08-19,6.0200000000000005,0.0,0.0
2015-08-20,7.840000000000001,0.0,3.5999999999999996
2015-08-21,10.920000000000002,0.0,0.0
2015-08-22,5.880000000000001,0.0,0.0
2015-08-23,1.12,0.0,0.0
2015-08-24,14.000000000000002,0.0,0.0
2015-08-25,12.740000000000002,0.0,3.5999999999999996
2015-08-26,10.780000000000001,0.0,7.199999999999999
2015-08-27,11.760000000000002,0.0,0.0
2015-08-28,9.8,0.0,0.0
2015-08-29,2.8000000000000003,0.0,4.6499999999999995
2015-08-30,2.24,0.0,0.0
2015-08-31,4.9,0.0,3.4499999999999997
2015-09-01,8.73,0.0,9.600000000000001
2015-09-02,6.4799999999999995,0.0,0.0
2015-09-03,8.28,2.31,9.8
2015-09-04,6.84,0.0,10.200000000000001
2015-09-05,2.34,3.0,12.8
2015-09-06,1.6199999999999999,0.0,13.0
2015-09-07,2.9699999999999998,0.0,0.0
2015-09-08,5.85,2.28,9.600000000000001
2015-09-09,8.01,0.0,0.0
2015-09-10,6.84,2.25,9.600000000000001
2015-09-11,7.739999999999999,0.0,19.6
2015-09-12,2.25,0.0,12.4
2015-09-13,0.72,0.0,0.0
2015-09-14,5.22,0.0,9.600000000000001
2015-09-15,5.22,0.0,9.600000000000001
2015-09-16,4.05,0.0,9.600000000000001
2015-09-17,8.1,0.0,14.4
2015-09-18,4.2299999999999995,0.0,20.0
2015-09-19,2.25,0.0,0.0
2015-09-20,1.44,0.0,0.0
2015-09-21,5.13,0.0,9.4
2015-09-22,6.84,0.0,9.4
2015-09-23,6.93,0.0,9.600000000000001
2015-09-24,6.39,2.28,9.600000000000001
2015-09-25,9.0,0.0,10.0
2015-09-26,5.22,0.0,0.0
2015-09-27,2.9699999999999998,0.0,0.0
2015-09-28,8.37,0.0,9.200000000000001
2015-09-29,8.37,0.0,0.0
2015-09-30,2.88,0.0,9.4
2015-10-01,2.4,0.0,8.5
2015-10-02,1.44,0.0,17.5
2015-10-03,1.12,0.0,0.0
2015-10-04,0.48,0.0,11.0
2015-10-05,2.56,0.0,17.0
2015-10-06,2.72,0.0,0.0
2015-10-07,3.36,0.0,0.0
2015-10-08,2.72,0.0,8.5
2015-10-09,2.4,0.0,17.75
2015-10-10,0.8,0.0,0.0
2015-10-11,0.64,0.0,0.0
2015-10-12,2.56,0.0,0.0
2015-10-13,2.72,0.0,8.5
2015-10-14,2.88,0.0,12.5
2015-10-15,4.32,0.0,8.5
2015-10-16,3.52,0.0,17.25
2015-10-17,0.96,0.0,0.0
2015-10-18,1.44,0.0,11.0
2015-10-19,3.04,0.0,0.0
2015-10-20,3.68,3.0,8.25
2015-10-21,3.04,0.0,0.0
2015-10-22,16.0,0.0,0.0
2015-10-23,15.68,0.0,8.75
2015-10-24,2.56,0.0,21.75
2015-10-25,2.08,0.0,10.75
2015-10-26,5.28,0.0,25.0
2015-10-27,4.8,0.0,0.0
2015-10-28,4.64,0.0,0.0
2015-10-29,4.16,0.0,8.25
2015-10-30,4.96,0.0,0.0
2015-10-31,2.08,0.0,11.0
2015-11-01,2.72,0.0,0.0
2015-11-02,10.540000000000001,0.0,0.0
2015-11-03,8.33,0.0,0.0
2015-11-04,15.13,0.0,0.0
2015-11-05,16.32,0.0,0.0
2015-11-06,11.22,0.0,0.0
2015-11-07,4.930000000000001,0.0,0.0
2015-11-08,3.91,0.0,0.0
2015-11-09,10.540000000000001,0.0,0.0
2015-11-10,9.350000000000001,0.0,0.0
2015-11-11,17.0,0.0,12.690000000000001
2015-11-12,11.9,3.92,12.690000000000001
2015-11-13,12.750000000000002,4.0,12.96
2015-11-14,4.590000000000001,0.0,15.66
2015-11-15,2.5500000000000003,0.0,0.0
2015-11-16,10.030000000000001,0.0,0.0
2015-11-17,11.22,0.0,0.0
2015-11-18,9.690000000000001,0.0,12.15
2015-11-19,10.370000000000001,0.0,24.3
2015-11-20,15.3,0.0,25.110000000000003
2015-11-21,3.91,0.0,0.0
2015-11-22,2.21,0.0,0.0
2015-11-23,14.620000000000001,0.0,0.0
2015-11-24,16.830000000000002,0.0,25.110000000000003
2015-11-25,12.07,0.0,27.0
2015-11-26,4.590000000000001,0.0,15.930000000000001
2015-11-27,9.860000000000001,0.0,0.0
2015-11-28,4.760000000000001,0.0,0.0
2015-11-29,3.5700000000000003,0.0,0.0
2015-11-30,14.790000000000001,0.0,0.0
2015-12-01,13.580000000000002,0.0,0.0
2015-12-02,9.8,0.0,0.0
2015-12-03,10.22,0.0,10.920000000000002
2015-12-04,6.580000000000001,0.0,0.0
2015-12-05,5.32,0.0,0.0
2015-12-06,1.12,4.0,0.0
2015-12-07,9.100000000000001,0.0,21.560000000000002
2015-12-08,6.300000000000001,0.0,10.64
2015-12-09,8.120000000000001,0.0,10.920000000000002
2015-12-10,8.82,3.12,0.0
2015-12-11,7.840000000000001,0.0,0.0
2015-12-12,2.9400000000000004,0.0,0.0
2015-12-13,3.5000000000000004,0.0,28.000000000000004
2015-12-14,8.540000000000001,0.0,0.0
2015-12-15,7.000000000000001,0.0,0.0
2015-12-16,7.700000000000001,0.0,11.200000000000001
2015-12-17,8.120000000000001,0.0,11.760000000000002
2015-12-18,8.540000000000001,0.0,12.32
2015-12-19,3.3600000000000003,0.0,0.0
2015-12-20,1.54,0.0,0.0
2015-12-21,9.520000000000001,0.0,0.0
2015-12-22,9.66,0.0,12.32
2015-12-23,7.700000000000001,0.0,12.88
2015-12-24,5.460000000000001,0.0,0.0
2015-12-25,1.6800000000000002,0.0,17.080000000000002
2015-12-26,3.7800000000000002,0.0,0.0
2015-12-27,2.1,0.0,0.0
2015-12-28,10.500000000000002,0.0,12.32
2015-12-29,14.000000000000002,0.0,0.0
2015-12-30,13.3,0.0,0.0
2015-12-31,10.22,0.0,0.0
2016-01-01,1.08,0.0,0.0
2016-01-02,0.54,0.0,21.0
2016-01-03,1.08,0.0,20.58
2016-01-04,7.0200000000000005,0.0,17.64
2016-01-05,8.64,0.0,0.0
2016-01-06,4.86,0.0,0.0
2016-01-07,7.0200000000000005,0.0,0.0
2016-01-08,6.75,0.0,17.849999999999998
2016-01-09,1.35,0.0,0.0
2016-01-10,0.81,0.0,0.0
2016-01-11,4.86,0.0,0.0
2016-01-12,4.59,0.0,17.009999999999998
2016-01-13,6.48,0.0,17.22
2016-01-14,5.94,1.62,16.38
2016-01-15,6.210000000000001,0.0,17.849999999999998
2016-01-16,2.16,0.0,20.58
2016-01-17,0.81,2.0,19.95
2016-01-18,1.62,0.0,0.0
2016-01-19,4.86,0.0,0.0
2016-01-20,7.290000000000001,1.72,0.0
2016-01-21,5.94,0.0,0.0
2016-01-22,5.94,0.0,17.43
2016-01-23,1.62,0.0,0.0
2016-01-24,0.54,0.0,0.0
2016-01-25,4.59,0.0,0.0
2016-01-26,7.0200000000000005,0.0,0.0
2016-01-27,6.48,0.0,0.0
2016-01-28,26.73,0.0,0.0
2016-01-29,27.0,0.0,0.0
2016-01-30,3.24,0.0,0.0
2016-01-31,1.8900000000000001,0.0,20.58
2016-02-01,19.36,0.0,6.37
2016-02-02,16.28,0.0,0.0
2016-02-03,18.48,0.0,0.0
2016-02-04,16.94,0.0,6.37
2016-02-05,19.580000000000002,0.0,13.0
2016-02-06,5.94,0.0,7.67
2016-02-07,3.74,0.0,7.54
2016-02-08,17.82,2.0,9.1
2016-02-09,17.16,0.0,6.24
2016-02-10,22.0,0.0,0.0
2016-02-11,18.7,0.0,0.0
2016-02-12,15.4,0.0,0.0
2016-02-13,5.06,0.0,0.0
2016-02-14,1.76,0.0,7.54
2016-02-15,5.94,0.0,6.5
2016-02-16,16.72,0.0,0.0
2016-02-17,12.98,0.0,0.0
2016-02-18,13.86,0.0,0.0
2016-02-19,12.1,0.0,6.37
2016-02-20,3.74,0.0,0.0
2016-02-21,1.32,0.0,7.54
2016-02-22,16.5,0.0,9.23
2016-02-23,12.1,0.0,6.11
2016-02-24,9.46,0.0,0.0
2016-02-25,12.540000000000001,0.0,0.0
2016-02-26,12.540000000000001,0.0,0.0
2016-02-27,2.42,0.0,7.67
2016-02-28,1.76,0.0,0.0
2016-02-29,9.02,0.0,0.0
2016-03-01,14.000000000000002,0.92,6.5600000000000005
2016-03-02,13.3,0.92,13.280000000000001
2016-03-03,11.620000000000001,0.0,4.48
2016-03-04,11.340000000000002,0.96,4.64
2016-03-05,4.2,0.0,5.44
2016-03-06,1.6800000000000002,1.12,16.0
2016-03-07,11.9,0.0,4.64
2016-03-08,8.82,0.0,0.0
2016-03-09,9.8,0.9400000000000001,4.48
2016-03-10,9.8,0.0,4.48
2016-03-11,10.360000000000001,0.0,0.0
2016-03-12,1.9600000000000002,0.0,0.0
2016-03-13,1.2600000000000002,0.0,0.0
2016-03-14,9.66,0.0,0.0
2016-03-15,9.8,0.9400000000000001,4.48
2016-03-16,10.500000000000002,0.0,4.48
2016-03-17,10.22,0.0,0.0
2016-03-18,12.040000000000001,2.0,9.76
2016-03-19,0.9800000000000001,0.0,5.6000000000000005
2016-03-20,1.9600000000000002,0.0,10.88
2016-03-21,11.200000000000001,0.0,9.28
2016-03-22,10.22,0.0,4.64
2016-03-23,9.66,0.0,4.64
2016-03-24,8.260000000000002,0.0,0.0
2016-03-25,5.460000000000001,0.0,4.96
2016-03-26,1.8200000000000003,0.0,0.0
2016-03-27,2.3800000000000003,1.2,5.76
2016-03-28,9.100000000000001,0.98,0.0
2016-03-29,11.9,0.0,4.64
2016-03-30,9.38,0.0,0.0
2016-03-31,8.260000000000002,0.0,4.64
2016-04-01,4.2,0.0,12.6
2016-04-02,1.68,0.0,9.6
2016-04-03,0.84,0.0,9.6
2016-04-04,3.78,1.8800000000000001,7.8
2016-04-05,3.78,0.0,0.0
2016-04-06,6.93,0.0,0.0
2016-04-07,4.2,0.0,0.0
2016-04-08,4.41,0.0,8.1
2016-04-09,1.68,0.0,0.0
2016-04-10,1.47,0.0,9.6
2016-04-11,2.73,0.0,16.2
2016-04-12,4.83,0.0,7.8
2016-04-13,5.04,0.0,8.1
2016-04-14,3.57,0.0,0.0
2016-04-15,6.3,2.0,8.4
2016-04-16,1.26,0.0,10.2
2016-04-17,1.05,0.0,0.0
2016-04-18,7.35,0.0,0.0
2016-04-19,6.51,0.0,12.0
2016-04-20,5.25,0.0,0.0
2016-04-21,5.46,0.0,7.8
2016-04-22,4.41,0.0,8.1
2016-04-23,2.1,0.0,30.0
2016-04-24,1.47,0.0,9.9
2016-04-25,5.88,0.0,0.0
2016-04-26,4.2,0.0,7.8
2016-04-27,5.88,0.0,8.1
2016-04-28,21.0,0.0,8.1
2016-04-29,20.16,0.0,16.8
2016-04-30,4.41,0.0,0.0
2016-05-01,3.5999999999999996,0.0,0.0
2016-05-02,15.6,0.0,6.46
2016-05-03,17.04,0.0,19.0
2016-05-04,14.399999999999999,0.0,6.2700000000000005
2016-05-05,12.24,0.0,0.0
2016-05-06,11.52,0.0,0.0
2016-05-07,5.76,0.0,7.98
2016-05-08,0.72,0.0,8.17
2016-05-09,10.559999999999999,0.0,13.11
2016-05-10,21.36,0.0,6.46
2016-05-11,24.0,0.0,12.92
2016-05-12,22.32,0.0,0.0
2016-05-13,20.88,0.0,0.0
2016-05-14,4.56,0.0,16.53
2016-05-15,2.4,0.0,7.98
2016-05-16,17.759999999999998,0.0,6.65
2016-05-17,13.44,0.0,6.46
2016-05-18,13.92,0.0,6.65
2016-05-19,15.6,0.0,6.65
2016-05-20,11.52,0.0,10.45
2016-05-21,2.16,0.0,0.0
2016-05-22,1.2,0.0,0.0
2016-05-23,12.48,2.0,6.65
2016-05-24,14.16,0.0,0.0
2016-05-25,12.24,0.0,6.65
2016-05-26,10.559999999999999,0.0,6.84
2016-05-27,8.879999999999999,0.0,10.64
2016-05-28,2.16,0.0,0.0
2016-05-29,0.96,0.0,0.0
2016-05-30,2.4,0.0,15.77
2016-05-31,8.4,0.0,6.65
2016-06-01,10.799999999999999,0.0,17.94
2016-06-02,8.28,0.0,9.200000000000001
2016-06-03,9.36,0.0,0.0
2016-06-04,1.7999999999999998,0.0,0.0
2016-06-05,1.26,0.0,0.0
2016-06-06,8.64,0.0,8.97
2016-06-07,6.4799999999999995,0.96,8.97
2016-06-08,8.459999999999999,0.0,9.200000000000001
2016-06-09,8.64,0.0,0.0
2016-06-10,6.4799999999999995,0.0,0.0
2016-06-11,1.44,0.0,0.0
2016-06-12,0.8999999999999999,0.0,0.0
2016-06-13,5.9399999999999995,0.0,0.0
2016-06-14,7.92,0.0,9.200000000000001
2016-06-15,6.84,0.0,0.0
2016-06-16,7.56,0.0,0.0
2016-06-17,5.58,0.0,0.0
2016-06-18,2.16,0.0,0.0
2016-06-19,0.8999999999999999,0.0,23.0
2016-06-20,6.66,0.0,9.200000000000001
2016-06-21,5.9399999999999995,1.0,0.0
2016-06-22,5.3999999999999995,0.0,0.0
2016-06-23,6.4799999999999995,0.0,9.43
2016-06-24,18.0,0.0,0.0
2016-06-25,2.34,0.0,0.0
2016-06-26,0.8999999999999999,0.0,11.270000000000001
2016-06-27,8.82,0.0,0.0
2016-06-28,9.54,0.0,18.400000000000002
2016-06-29,9.18,0.0,0.0
2016-06-30,7.199999999999999,0.0,0.0
2016-07-01,5.52,0.0,0.0
2016-07-02,1.2,0.0,0.0
2016-07-03,0.72,0.0,27.0
2016-07-04,0.96,0.0,0.0
2016-07-05,3.5999999999999996,0.0,17.28
2016-07-06,5.04,0.0,10.8
2016-07-07,3.5999999999999996,0.0,10.8
2016-07-08,4.8,0.0,11.07
2016-07-09,1.44,0.0,0.0
2016-07-10,1.68,0.0,12.690000000000001
2016-07-11,5.04,0.0,11.07
2016-07-12,8.879999999999999,0.0,0.0
2016-07-13,6.0,0.0,0.0
2016-07-14,3.5999999999999996,0.0,10.530000000000001
2016-07-15,3.5999999999999996,0.0,11.34
2016-07-16,1.44,0.0,0.0
2016-07-17,0.72,0.0,12.96
2016-07-18,2.6399999999999997,0.0,11.07
2016-07-19,3.84,0.0,10.8
2016-07-20,5.04,0.0,11.07
2016-07-21,4.08,0.0,11.07
2016-07-22,2.88,0.0,22.41
2016-07-23,0.96,0.0,12.690000000000001
2016-07-24,0.72,0.0,25.650000000000002
2016-07-25,3.12,0.0,10.530000000000001
2016-07-26,5.04,0.0,10.8
2016-07-27,6.0,0.0,0.0
2016-07-28,24.0,0.0,0.0
2016-07-29,14.399999999999999,0.0,10.8
2016-07-30,3.12,0.0,12.690000000000001
2016-07-31,0.96,0.0,0.0
2016-08-01,15.0,0.0,0.0
2016-08-02,10.35,0.0,5.89
2016-08-03,9.0,3.0,6.08
2016-08-04,9.9,0.0,0.0
2016-08-05,9.9,0.0,19.0
2016-08-06,4.2,0.0,7.22
2016-08-07,2.25,0.0,0.0
2016-08-08,11.1,0.0,6.08
2016-08-09,9.75,0.0,0.0
2016-08-10,11.25,0.0,6.08
2016-08-11,8.4,0.0,0.0
2016-08-12,7.6499999999999995,0.0,6.2700000000000005
2016-08-13,1.7999999999999998,0.0,7.22
2016-08-14,0.8999999999999999,0.0,0.0
2016-08-15,7.05,0.0,0.0
2016-08-16,9.45,0.0,6.2700000000000005
2016-08-17,7.5,0.0,0.0
2016-08-18,3.5999999999999996,0.0,0.0
2016-08-19,9.0,0.0,0.0
2016-08-20,0.8999999999999999,0.0,0.0
2016-08-21,0.8999999999999999,0.0,0.0
2016-08-22,3.9,0.0,6.2700000000000005
2016-08-23,11.7,0.0,0.0
2016-08-24,6.1499999999999995,0.0,6.08
2016-08-25,7.199999999999999,0.0,0.0
2016-08-26,7.35,2.9699999999999998,0.0
2016-08-27,1.3499999999999999,0.0,0.0
2016-08-28,1.2,0.0,0.0
2016-08-29,8.85,0.0,0.0
2016-08-30,8.1,0.0,0.0
2016-08-31,6.75,0.0,5.7
2016-09-01,5.25,0.0,0.0
2016-09-02,3.9,0.0,0.0
2016-09-03,2.85,0.0,17.46
2016-09-04,0.6,0.0,18.0
2016-09-05,2.1,0.0,0.0
2016-09-06,6.1499999999999995,0.0,0.0
2016-09-07,8.25,0.0,14.399999999999999
2016-09-08,5.7,4.0,0.0
2016-09-09,4.8,0.0,0.0
2016-09-10,2.1,0.0,0.0
2016-09-11,2.1,0.0,16.56
2016-09-12,7.8,0.0,0.0
2016-09-13,6.8999999999999995,0.0,0.0
2016-09-14,5.25,0.0,14.58
2016-09-15,6.8999999999999995,0.0,0.0
2016-09-16,7.5,0.0,14.94
2016-09-17,1.5,0.0,0.0
2016-09-18,1.7999999999999998,0.0,0.0
2016-09-19,4.5,0.0,0.0
2016-09-20,5.7,0.0,0.0
2016-09-21,4.95,4.0,0.0
2016-09-22,15.0,0.0,14.399999999999999
2016-09-23,10.049999999999999,0.0,0.0
2016-09-24,3.4499999999999997,0.0,0.0
2016-09-25,1.7999999999999998,0.0,0.0
2016-09-26,7.35,0.0,0.0
2016-09-27,9.299999999999999,0.0,0.0
2016-09-28,13.799999999999999,0.0,0.0
2016-09-29,11.25,0.0,0.0
2016-09-30,11.7,0.0,14.94
2016-10-01,2.0,0.0,10.62
2016-10-02,1.0,0.0,0.0
2016-10-03,4.5,0.0,0.0
2016-10-04,4.75,0.0,12.959999999999999
2016-10-05,6.75,2.61,0.0
2016-10-06,5.0,0.0,0.0
2016-10-07,5.75,0.0,0.0
2016-10-08,1.75,0.0,10.62
2016-10-09,1.0,0.0,0.0
2016-10-10,4.5,2.6999999999999997,9.0
2016-10-11,5.0,0.0,8.82
2016-10-12,4.75,0.0,8.82
2016-10-13,5.5,0.0,9.0
2016-10-14,6.25,0.0,0.0
2016-10-15,1.75,0.0,10.799999999999999
2016-10-16,1.0,0.0,0.0
2016-10-17,5.5,0.0,0.0
2016-10-18,7.0,0.0,8.82
2016-10-19,5.25,0.0,0.0
2016-10-20,5.75,0.0,0.0
2016-10-21,5.25,0.0,0.0
2016-10-22,1.75,0.0,0.0
2016-10-23,1.5,0.0,0.0
2016-10-24,9.0,0.0,8.64
2016-10-25,8.25,2.52,8.64
2016-10-26,8.0,0.0,0.0
2016-10-27,25.0,0.0,0.0
2016-10-28,25.0,0.0,18.0
2016-10-29,4.0,0.0,0.0
2016-10-30,2.25,3.0,0.0
2016-10-31,9.5,2.52,8.64
2016-11-01,15.120000000000001,0.0,0.0
2016-11-02,11.760000000000002,0.0,0.0
2016-11-03,12.88,0.0,4.5600000000000005
2016-11-04,12.88,1.76,0.0
2016-11-05,4.2,0.0,11.59
2016-11-06,1.9600000000000002,2.0,5.7
2016-11-07,11.760000000000002,0.0,0.0
2016-11-08,10.920000000000002,0.0,0.0
2016-11-09,24.92,0.0,3.8
2016-11-10,28.000000000000004,0.0,4.75
2016-11-11,21.28,0.0,4.94
2016-11-12,5.6000000000000005,0.0,11.4
2016-11-13,1.6800000000000002,0.0,0.0
2016-11-14,12.040000000000001,0.0,4.75
2016-11-15,22.400000000000002,0.0,4.5600000000000005
2016-11-16,12.88,0.0,4.75
2016-11-17,13.160000000000002,0.0,0.0
2016-11-18,15.400000000000002,1.7,4.75
2016-11-19,4.48,0.0,0.0
2016-11-20,5.32,0.0,0.0
2016-11-21,12.88,0.0,9.5
2016-11-22,17.360000000000003,0.0,19.0
2016-11-23,12.600000000000001,0.0,5.13
2016-11-24,5.040000000000001,0.0,0.0
2016-11-25,10.920000000000002,0.0,10.45
2016-11-26,4.48,0.0,10.64
2016-11-27,3.6400000000000006,0.0,0.0
2016-11-28,11.48,0.0,4.18
2016-11-29,15.400000000000002,0.0,8.74
2016-11-30,15.680000000000001,1.58,8.93
2016-12-01,12.78,0.0,4.08
2016-12-02,14.94,0.0,4.08
2016-12-03,3.96,0.0,9.48
2016-12-04,1.7999999999999998,0.0,4.4399999999999995
2016-12-05,18.0,0.0,3.5999999999999996
2016-12-06,17.28,0.0,7.56
2016-12-07,15.66,0.0,3.96
2016-12-08,15.84,0.0,3.96
2016-12-09,12.42,0.0,6.24
2016-12-10,5.22,0.0,9.6
2016-12-11,1.7999999999999998,0.0,9.36
2016-12-12,10.799999999999999,0.0,3.96
2016-12-13,15.479999999999999,0.0,3.96
2016-12-14,12.959999999999999,0.0,12.0
2016-12-15,12.059999999999999,0.0,4.08
2016-12-16,12.059999999999999,0.0,8.52
2016-12-17,3.2399999999999998,0.0,4.92
2016-12-18,3.06,0.0,0.0
2016-12-19,12.6,0.0,4.2
2016-12-20,13.86,0.0,0.0
2016-12-21,11.7,0.0,4.32
2016-12-22,9.9,0.0,0.0
2016-12-23,10.44,0.0,4.68
2016-12-24,4.859999999999999,0.0,5.04
2016-12-25,2.52,0.0,0.0
2016-12-26,3.2399999999999998,0.0,0.0
2016-12-27,9.18,0.0,4.32
2016-12-28,12.6,0.0,4.4399999999999995
2016-12-29,13.5,0.0,4.32
2016-12-30,10.62,0.0,0.0
2016-12-31,3.42,0.0,0.0
2017-01-01,1.44,0.0,0.0
2017-01-02,5.279999999999999,0.0,0.0
2017-01-03,10.559999999999999,0.0,0.0
2017-01-04,13.44,0.0,0.0
2017-01-05,18.0,0.0,0.0
2017-01-06,24.0,0.0,7.5
2017-01-07,6.72,3.0,8.549999999999999
2017-01-08,2.6399999999999997,0.0,0.0
2017-01-09,16.56,0.0,0.0
2017-01-10,16.56,0.0,0.0
2017-01-11,13.2,0.0,14.549999999999999
2017-01-12,21.84,0.0,7.35
2017-01-13,21.84,0.0,0.0
2017-01-14,4.32,0.0,0.0
2017-01-15,1.2,0.0,0.0
2017-01-16,6.24,0.0,15.0
2017-01-17,16.56,0.0,7.05
2017-01-18,16.32,0.0,0.0
2017-01-19,17.28,0.0,7.05
2017-01-20,13.44,2.52,7.199999999999999
2017-01-21,6.4799999999999995,0.0,0.0
2017-01-22,3.36,0.0,0.0
2017-01-23,14.16,0.0,6.8999999999999995
2017-01-24,19.68,0.0,7.05
2017-01-25,18.48,0.0,0.0
2017-01-26,19.439999999999998,0.0,7.05
2017-01-27,18.48,2.55,7.35
2017-01-28,6.72,0.0,0.0
2017-01-29,3.12,0.0,0.0
2017-01-30,16.8,0.0,0.0
2017-01-31,19.68,0.0,0.0
2017-02-01,9.0,0.0,0.0
2017-02-02,30.0,0.0,0.0
2017-02-03,30.0,0.0,0.0
2017-02-04,3.9,0.0,0.0
2017-02-05,1.7999999999999998,0.0,0.0
2017-02-06,9.299999999999999,0.0,0.0
2017-02-07,7.8,0.0,0.0
2017-02-08,7.8,0.0,0.0
2017-02-09,6.8999999999999995,0.0,0.0
2017-02-10,5.1,0.0,10.200000000000001
2017-02-11,3.3,0.0,0.0
2017-02-12,0.8999999999999999,0.0,0.0
2017-02-13,7.8,0.0,0.0
2017-02-14,5.7,0.0,20.0
2017-02-15,9.299999999999999,0.0,0.0
2017-02-16,6.3,0.0,0.0
2017-02-17,7.199999999999999,0.0,9.8
2017-02-18,0.8999999999999999,0.0,0.0
2017-02-19,1.7999999999999998,0.0,12.200000000000001
2017-02-20,3.0,0.0,10.4
2017-02-21,8.7,2.0,9.8
2017-02-22,6.3,0.0,9.8
2017-02-23,6.3,0.0,19.6
2017-02-24,6.8999999999999995,0.0,0.0
2017-02-25,1.7999999999999998,0.0,12.0
2017-02-26,1.5,0.0,11.600000000000001
2017-02-27,7.8,0.0,0.0
2017-02-28,12.0,0.0,0.0
2017-03-01,16.6,24.0,42.0
2017-03-02,13.4,14.399999999999999,21.0
2017-03-03,13.0,0.0,7.56
2017-03-04,2.6,8.16,8.82
2017-03-05,2.6,0.0,0.0
2017-03-06,13.0,0.0,0.0
2017-03-07,8.0,3.12,0.0
2017-03-08,10.200000000000001,3.36,3.78
2017-03-09,12.200000000000001,3.36,0.0
2017-03-10,11.4,0.0,0.0
2017-03-11,3.6,0.0,0.0
2017-03-12,2.6,0.0,0.0
2017-03-13,11.200000000000001,3.12,3.36
2017-03-14,11.200000000000001,3.36,7.56
2017-03-15,11.0,10.08,0.0
2017-03-16,10.4,0.0,0.0
2017-03-17,10.600000000000001,3.5999999999999996,7.56
2017-03-18,3.2,0.0,4.62
2017-03-19,3.6,4.08,4.62
2017-03-20,11.200000000000001,0.0,0.0
2017-03-21,12.8,0.0,0.0
2017-03-22,10.8,6.72,0.0
2017-03-23,8.6,0.0,0.0
2017-03-24,9.600000000000001,0.0,0.0
2017-03-25,4.2,4.08,0.0
2017-03-26,3.2,0.0,4.62
2017-03-27,12.600000000000001,0.0,7.56
2017-03-28,10.4,0.0,0.0
2017-03-29,19.0,0.0,0.0
2017-03-30,20.0,0.0,3.78
2017-03-31,20.0,3.5999999999999996,0.0
2017-04-01,2.31,0.0,0.0
2017-04-02,1.6500000000000001,3.0,17.689999999999998
2017-04-03,7.92,0.0,14.209999999999999
2017-04-04,11.88,0.0,0.0
2017-04-05,13.530000000000001,1.26,14.499999999999998
2017-04-06,12.21,0.0,14.499999999999998
2017-04-07,11.22,0.0,15.079999999999998
2017-04-08,2.64,1.56,17.98
2017-04-09,1.32,1.56,0.0
2017-04-10,9.57,0.0,14.499999999999998
2017-04-11,8.58,1.26,14.79
2017-04-12,6.2700000000000005,1.29,0.0
2017-04-13,8.25,0.0,0.0
2017-04-14,4.95,0.0,15.95
2017-04-15,2.31,0.0,18.27
2017-04-16,1.32,0.0,0.0
2017-04-17,9.24,1.26,28.999999999999996
2017-04-18,7.590000000000001,0.0,0.0
2017-04-19,8.25,0.0,0.0
2017-04-20,7.92,0.0,0.0
2017-04-21,7.590000000000001,0.0,15.079999999999998
2017-04-22,1.6500000000000001,0.0,0.0
2017-04-23,1.6500000000000001,0.0,17.689999999999998
2017-04-24,7.590000000000001,1.23,28.709999999999997
2017-04-25,9.9,0.0,14.209999999999999
2017-04-26,8.25,0.0,14.209999999999999
2017-04-27,33.0,0.0,14.209999999999999
2017-04-28,28.71,0.0,0.0
2017-04-29,5.94,1.53,17.689999999999998
2017-04-30,2.31,0.0,0.0
2017-05-01,19.08,0.0,0.0
2017-05-02,18.0,0.0,11.700000000000001
2017-05-03,14.76,0.0,23.66
2017-05-04,12.24,0.0,0.0
2017-05-05,13.68,0.0,24.7
2017-05-06,3.5999999999999996,0.0,14.82
2017-05-07,2.52,0.0,14.56
2017-05-08,12.959999999999999,0.0,11.96
2017-05-09,16.56,0.0,11.96
2017-05-10,17.28,0.0,0.0
2017-05-11,14.04,3.08,18.46
2017-05-12,12.959999999999999,0.0,12.74
2017-05-13,6.84,0.0,0.0
2017-05-14,2.88,0.0,0.0
2017-05-15,17.64,3.22,12.74
2017-05-16,18.72,0.0,13.0
2017-05-17,19.439999999999998,0.0,26.0
2017-05-18,13.68,0.0,0.0
2017-05-19,13.68,0.0,20.02
2017-05-20,3.2399999999999998,0.0,15.600000000000001
2017-05-21,2.16,0.0,15.860000000000001
2017-05-22,12.6,0.0,0.0
2017-05-23,13.68,0.0,12.22
2017-05-24,16.56,0.0,13.0
2017-05-25,36.0,0.0,13.0
2017-05-26,26.279999999999998,7.000000000000001,20.54
2017-05-27,2.88,0.0,16.38
2017-05-28,3.2399999999999998,0.0,0.0
2017-05-29,3.5999999999999996,0.0,0.0
2017-05-30,30.24,0.0,0.0
2017-05-31,24.119999999999997,3.1500000000000004,12.48
2017-06-01,11.88,3.0,0.0
2017-06-02,15.84,0.0,2.0
2017-06-03,4.84,0.0,0.0
2017-06-04,2.2,0.0,0.0
2017-06-05,16.72,0.0,0.0
2017-06-06,14.08,0.0,2.0
2017-06-07,14.52,0.0,0.0
2017-06-08,13.2,0.0,2.0
2017-06-09,20.24,0.0,5.0
2017-06-10,6.6,0.0,0.0
2017-06-11,3.08,8.0,9.0
2017-06-12,19.36,0.0,0.0
2017-06-13,15.4,0.0,0.0
2017-06-14,10.56,0.0,0.0
2017-06-15,15.84,3.0,0.0
2017-06-16,44.0,41.0,29.0
2017-06-17,10.12,100.0,100.0
2017-06-18,5.28,57.0,34.0
2017-06-19,21.56,15.0,16.0
2017-06-20,16.28,6.0,7.0
2017-06-21,14.08,9.0,2.0
2017-06-22,14.52,0.0,4.0
2017-06-23,12.76,5.0,2.0
2017-06-24,3.52,0.0,3.0
2017-06-25,2.64,0.0,8.0
2017-06-26,16.72,0.0,5.0
2017-06-27,16.72,3.0,0.0
2017-06-28,15.4,3.0,5.0
2017-06-29,15.4,5.0,0.0
2017-06-30,11.44,3.0,7.0
2017-07-01,3.22,8.58,10.920000000000002
2017-07-02,1.84,0.0,11.200000000000001
2017-07-03,9.200000000000001,0.0,20.160000000000004
2017-07-04,11.040000000000001,0.0,10.920000000000002
2017-07-05,8.280000000000001,0.0,9.8
2017-07-06,9.200000000000001,0.0,14.000000000000002
2017-07-07,7.36,7.54,18.76
2017-07-08,1.3800000000000001,8.58,10.64
2017-07-09,0.92,8.58,22.12
2017-07-10,8.74,10.92,9.24
2017-07-11,12.42,0.0,13.72
2017-07-12,11.5,7.28,9.24
2017-07-13,11.040000000000001,0.0,9.24
2017-07-14,7.82,0.0,18.48
2017-07-15,3.22,0.0,0.0
2017-07-16,0.92,0.0,0.0
2017-07-17,8.74,0.0,9.520000000000001
2017-07-18,9.200000000000001,0.0,9.24
2017-07-19,10.58,0.0,9.24
2017-07-20,9.200000000000001,7.28,9.24
2017-07-21,10.58,7.54,9.520000000000001
2017-07-22,2.7600000000000002,8.32,10.64
2017-07-23,1.3800000000000001,8.58,10.64
2017-07-24,10.120000000000001,10.92,9.24
2017-07-25,9.66,14.82,18.48
2017-07-26,11.96,7.28,18.200000000000003
2017-07-27,46.0,14.56,13.72
2017-07-28,34.04,7.28,28.000000000000004
2017-07-29,5.98,8.32,15.96
2017-07-30,2.7600000000000002,26.0,21.840000000000003
2017-07-31,14.72,10.92,27.720000000000002
2017-08-01,37.0,0.0,24.599999999999998
2017-08-02,31.45,17.92,27.88
2017-08-03,30.34,5.040000000000001,12.299999999999999
2017-08-04,20.72,5.040000000000001,17.22
2017-08-05,8.51,0.0,0.0
2017-08-06,2.59,11.760000000000002,30.34
2017-08-07,25.9,9.520000000000001,20.5
2017-08-08,24.79,4.48,0.0
2017-08-09,21.83,5.040000000000001,8.2
2017-08-10,28.12,10.080000000000002,17.22
2017-08-11,24.05,5.040000000000001,17.22
2017-08-12,4.81,5.6000000000000005,39.36
2017-08-13,2.59,5.6000000000000005,19.68
2017-08-14,24.05,0.0,17.22
2017-08-15,19.98,0.0,8.2
2017-08-16,30.71,0.0,42.64
2017-08-17,25.9,5.040000000000001,16.4
2017-08-18,18.87,0.0,8.2
2017-08-19,4.07,5.6000000000000005,14.76
2017-08-20,2.96,5.6000000000000005,9.84
2017-08-21,14.43,0.0,15.579999999999998
2017-08-22,19.24,5.040000000000001,8.2
2017-08-23,20.72,5.040000000000001,12.299999999999999
2017-08-24,22.94,9.520000000000001,28.7
2017-08-25,19.61,49.28,81.17999999999999
2017-08-26,2.59,56.00000000000001,82.0
2017-08-27,3.7,5.6000000000000005,9.02
2017-08-28,22.57,24.080000000000002,16.4
2017-08-29,21.46,4.48,12.299999999999999
2017-08-30,15.54,5.040000000000001,20.5
2017-08-31,17.39,4.48,28.7
2017-09-01,21.119999999999997,5.6000000000000005,6.82
2017-09-02,4.56,6.4,7.75
2017-09-03,0.96,16.0,31.0
2017-09-04,4.32,0.0,22.32
2017-09-05,13.92,0.0,0.0
2017-09-06,12.48,7.68,0.0
2017-09-07,19.919999999999998,0.0,0.0
2017-09-08,20.64,0.0,13.02
2017-09-09,3.5999999999999996,6.24,14.879999999999999
2017-09-10,4.8,0.0,0.0
2017-09-11,15.12,5.28,0.0
2017-09-12,19.2,5.28,6.51
2017-09-13,23.52,0.0,13.02
2017-09-14,22.8,5.28,0.0
2017-09-15,18.48,5.44,6.51
2017-09-16,5.279999999999999,6.4,0.0
2017-09-17,3.12,6.24,22.63
2017-09-18,14.16,0.0,6.51
2017-09-19,19.2,0.0,0.0
2017-09-20,18.72,0.0,6.51
2017-09-21,17.759999999999998,5.28,6.51
2017-09-22,19.439999999999998,0.0,0.0
2017-09-23,5.04,6.4,15.5
2017-09-24,1.44,0.0,0.0
2017-09-25,24.0,5.28,0.0
2017-09-26,18.96,5.28,12.709999999999999
2017-09-27,18.0,0.0,6.51
2017-09-28,17.759999999999998,8.0,6.51
2017-09-29,19.2,8.32,6.82
2017-09-30,5.52,0.0,0.0
2017-10-01,1.48,0.0,0.0
2017-10-02,3.7,0.0,0.0
2017-10-03,4.81,4.9799999999999995,0.0
2017-10-04,4.4399999999999995,0.0,4.42
2017-10-05,5.92,0.0,4.42
2017-10-06,5.92,0.0,0.0
2017-10-07,1.85,6.0,0.0
2017-10-08,0.74,0.0,0.0
2017-10-09,4.81,0.0,8.67
2017-10-10,5.92,0.0,4.25
2017-10-11,5.55,0.0,0.0
2017-10-12,6.29,0.0,0.0
2017-10-13,5.55,0.0,4.42
2017-10-14,1.1099999999999999,0.0,10.540000000000001
2017-10-15,1.1099999999999999,0.0,10.370000000000001
2017-10-16,4.81,0.0,0.0
2017-10-17,5.92,0.0,0.0
2017-10-18,7.4,0.0,8.67
2017-10-19,5.92,0.0,4.42
2017-10-20,5.18,0.0,0.0
2017-10-21,1.1099999999999999,0.0,0.0
2017-10-22,1.48,0.0,10.370000000000001
2017-10-23,7.03,0.0,4.42
2017-10-24,6.66,0.0,0.0
2017-10-25,7.03,4.9799999999999995,8.67
2017-10-26,22.94,0.0,4.42
2017-10-27,37.0,0.0,0.0
2017-10-28,8.879999999999999,0.0,5.2700000000000005
2017-10-29,2.59,0.0,5.1000000000000005
2017-10-30,12.95,4.9799999999999995,17.0
2017-10-31,10.36,0.0,0.0
2017-11-01,22.2,3.7100000000000004,0.0
2017-11-02,19.24,0.0,9.62
2017-11-03,20.72,0.0,0.0
2017-11-04,7.4,0.0,0.0
2017-11-05,2.96,0.0,0.0
2017-11-06,17.02,3.5000000000000004,9.62
2017-11-07,18.5,7.000000000000001,9.62
2017-11-08,22.2,0.0,0.0
2017-11-09,17.759999999999998,3.5700000000000003,0.0
2017-11-10,15.17,0.0,20.35
2017-11-11,4.81,0.0,0.0
2017-11-12,4.07,4.2,0.0
2017-11-13,19.98,3.5700000000000003,9.62
2017-11-14,20.35,3.5000000000000004,0.0
2017-11-15,16.28,3.5000000000000004,9.62
2017-11-16,19.61,0.0,19.61
2017-11-17,15.91,3.6400000000000006,0.0
2017-11-18,5.18,0.0,11.47
2017-11-19,2.96,4.2,0.0
2017-11-20,13.32,0.0,19.98
2017-11-21,19.98,0.0,20.35
2017-11-22,16.65,3.8500000000000005,21.09
2017-11-23,5.18,0.0,11.84
2017-11-24,15.54,0.0,0.0
2017-11-25,13.69,0.0,11.47
2017-11-26,8.14,0.0,11.47
2017-11-27,31.08,0.0,27.75
2017-11-28,28.49,0.0,37.0
2017-11-29,37.0,3.5000000000000004,19.24
2017-11-30,25.16,0.0,9.62
2017-12-01,25.52,0.0,0.0
2017-12-02,5.8,0.0,0.0
2017-12-03,3.19,0.0,0.0
2017-12-04,28.999999999999996,3.7600000000000002,6.76
2017-12-05,28.999999999999996,3.7600000000000002,26.0
2017-12-06,27.839999999999996,0.0,6.5
2017-12-07,24.65,3.84,6.76
2017-12-08,21.75,0.0,0.0
2017-12-09,5.51,0.0,0.0
2017-12-10,5.8,0.0,0.0
2017-12-11,14.79,0.0,6.5
2017-12-12,22.04,0.0,0.0
2017-12-13,15.659999999999998,0.0,6.76
2017-12-14,19.139999999999997,3.92,0.0
2017-12-15,21.169999999999998,8.0,7.0200000000000005
2017-12-16,7.249999999999999,4.72,8.32
2017-12-17,4.64,0.0,0.0
2017-12-18,17.689999999999998,0.0,7.0200000000000005
2017-12-19,19.139999999999997,0.0,0.0
2017-12-20,18.849999999999998,4.08,14.3
2017-12-21,21.169999999999998,0.0,0.0
2017-12-22,14.79,0.0,15.600000000000001
2017-12-23,6.67,4.96,8.58
2017-12-24,1.7399999999999998,5.04,17.68
2017-12-25,2.9,0.0,0.0
2017-12-26,17.11,0.0,8.06
2017-12-27,19.139999999999997,0.0,7.54
2017-12-28,14.79,0.0,7.54
2017-12-29,22.91,6.5600000000000005,0.0
2017-12-30,8.12,0.0,0.0
2017-12-31,4.64,0.0,8.06
2018-01-01,2.4,0.0,0.0
2018-01-02,18.24,7.000000000000001,0.0
2018-01-03,22.08,0.0,0.0
2018-01-04,20.16,2.24,7.04
2018-01-05,22.08,2.31,22.0
2018-01-06,6.72,2.5900000000000003,0.0
2018-01-07,3.84,0.0,16.06
2018-01-08,22.08,0.0,0.0
2018-01-09,24.48,0.0,0.0
2018-01-10,24.96,0.0,0.0
2018-01-11,20.64,0.0,7.04
2018-01-12,29.759999999999998,2.24,14.08
2018-01-13,11.04,0.0,8.36
2018-01-14,5.279999999999999,0.0,8.14
2018-01-15,11.04,0.0,7.26
2018-01-16,26.4,0.0,13.86
2018-01-17,25.439999999999998,0.0,0.0
2018-01-18,24.96,0.0,0.0
2018-01-19,24.96,0.0,7.26
2018-01-20,7.199999999999999,0.0,8.14
2018-01-21,4.8,2.5200000000000005,7.92
2018-01-22,25.439999999999998,0.0,13.42
2018-01-23,35.519999999999996,2.1,0.0
2018-01-24,35.04,2.1700000000000004,20.68
2018-01-25,32.16,2.1700000000000004,0.0
2018-01-26,32.16,2.24,0.0
2018-01-27,11.04,2.5900000000000003,8.14
2018-01-28,5.279999999999999,0.0,0.0
2018-01-29,32.16,2.1,6.6
2018-01-30,45.12,0.0,20.24
2018-01-31,48.0,0.0,0.0
2018-02-01,61.42,0.0,0.0
2018-02-02,74.0,4.25,18.26
2018-02-03,12.58,0.0,0.0
2018-02-04,5.18,0.0,8.14
2018-02-05,34.78,0.0,6.82
2018-02-06,41.44,0.0,20.9
2018-02-07,27.38,0.0,7.04
2018-02-08,31.82,0.0,7.04
2018-02-09,34.78,0.0,0.0
2018-02-10,7.4,0.0,8.36
2018-02-11,4.4399999999999995,4.9,8.36
2018-02-12,24.419999999999998,0.0,7.04
2018-02-13,25.16,4.2,7.04
2018-02-14,24.419999999999998,0.0,7.04
2018-02-15,24.419999999999998,4.2,7.26
2018-02-16,20.72,0.0,11.0
2018-02-17,5.18,5.0,0.0
2018-02-18,3.7,5.0,12.76
2018-02-19,7.4,0.0,22.0
2018-02-20,22.2,4.15,7.04
2018-02-21,22.94,0.0,7.04
2018-02-22,24.419999999999998,0.0,21.12
2018-02-23,21.46,4.25,7.04
2018-02-24,5.18,4.95,8.36
2018-02-25,3.7,0.0,0.0
2018-02-26,21.46,0.0,0.0
2018-02-27,22.2,0.0,7.04
2018-02-28,19.24,0.0,0.0
2018-03-01,19.2,0.0,11.52
2018-03-02,21.0,6.930000000000001,0.0
2018-03-03,6.6,0.0,7.199999999999999
2018-03-04,2.4,4.2,0.0
2018-03-05,18.0,0.0,0.0
2018-03-06,22.8,0.0,0.0
2018-03-07,25.2,0.0,18.0
2018-03-08,25.8,0.0,5.9399999999999995
2018-03-09,22.2,0.0,12.42
2018-03-10,7.8,4.130000000000001,14.219999999999999
2018-03-11,3.0,4.130000000000001,7.199999999999999
2018-03-12,23.4,0.0,9.0
2018-03-13,29.4,3.5000000000000004,5.9399999999999995
2018-03-14,24.0,0.0,5.9399999999999995
2018-03-15,24.0,0.0,12.24
2018-03-16,19.8,0.0,0.0
2018-03-17,4.8,4.2,7.199999999999999
2018-03-18,4.8,0.0,7.38
2018-03-19,24.0,7.000000000000001,15.12
2018-03-20,27.599999999999998,0.0,5.9399999999999995
2018-03-21,24.599999999999998,0.0,5.9399999999999995
2018-03-22,24.599999999999998,3.5000000000000004,6.12
2018-03-23,30.599999999999998,0.0,12.6
2018-03-24,7.8,0.0,7.38
2018-03-25,4.2,0.0,7.38
2018-03-26,24.599999999999998,0.0,12.24
2018-03-27,33.0,0.0,9.36
2018-03-28,60.0,0.0,6.3
2018-03-29,54.6,3.6400000000000006,15.84
2018-03-30,21.599999999999998,0.0,6.66
2018-03-31,9.0,0.0,0.0
2018-04-01,7.290000000000001,7.000000000000001,18.0
2018-04-02,54.27,2.87,7.38
2018-04-03,50.220000000000006,0.0,7.199999999999999
2018-04-04,40.5,0.0,0.0
2018-04-05,42.120000000000005,5.670000000000001,7.38
2018-04-06,39.690000000000005,0.0,0.0
2018-04-07,7.290000000000001,0.0,8.459999999999999
2018-04-08,5.67,3.2900000000000005,8.459999999999999
2018-04-09,25.110000000000003,2.7300000000000004,7.199999999999999
2018-04-10,29.160000000000004,0.0,7.02
2018-04-11,19.44,5.53,7.199999999999999
2018-04-12,20.25,0.0,0.0
2018-04-13,22.68,0.0,14.94
2018-04-14,6.48,3.3600000000000003,0.0
2018-04-15,4.050000000000001,3.22,16.74
2018-04-16,21.87,0.0,13.68
2018-04-17,26.73,0.0,7.02
2018-04-18,34.830000000000005,0.0,7.199999999999999
2018-04-19,39.690000000000005,0.0,0.0
2018-04-20,27.540000000000003,0.0,10.98
2018-04-21,8.91,0.0,8.64
2018-04-22,4.86,0.0,0.0
2018-04-23,25.110000000000003,0.0,7.02
2018-04-24,32.400000000000006,0.0,0.0
2018-04-25,32.400000000000006,0.0,10.44
2018-04-26,70.47,2.8000000000000003,0.0
2018-04-27,81.0,0.0,7.38
2018-04-28,12.15,0.0,8.82
2018-04-29,4.86,0.0,8.82
2018-04-30,28.35,0.0,7.199999999999999
2018-05-01,48.0,0.0,8.47
2018-05-02,43.199999999999996,0.0,0.0
2018-05-03,37.44,0.0,0.0
2018-05-04,36.96,4.800000000000001,0.0
2018-05-05,10.08,0.0,0.0
2018-05-06,4.32,0.0,0.0
2018-05-07,36.96,0.0,0.0
2018-05-08,36.48,0.0,0.0
2018-05-09,36.48,0.0,8.58
2018-05-10,39.36,0.0,0.0
2018-05-11,33.12,0.0,8.8
2018-05-12,9.6,0.0,0.0
2018-05-13,6.24,0.0,0.0
2018-05-14,33.12,0.0,0.0
2018-05-15,38.4,0.0,8.58
2018-05-16,32.64,4.75,0.0
2018-05-17,28.32,0.0,8.8
2018-05-18,22.56,0.0,8.8
2018-05-19,6.72,0.0,0.0
2018-05-20,4.8,0.0,10.56
2018-05-21,31.2,0.0,8.58
2018-05-22,24.48,0.0,8.58
2018-05-23,29.279999999999998,0.0,8.8
2018-05-24,30.24,5.0,0.0
2018-05-25,28.799999999999997,0.0,0.0
2018-05-26,6.24,0.0,11.0
2018-05-27,3.84,0.0,0.0
2018-05-28,4.8,0.0,10.34
2018-05-29,26.88,0.0,0.0
2018-05-30,29.759999999999998,0.0,8.69
2018-05-31,30.72,0.0,0.0
2018-06-01,34.0,0.0,9.66
2018-06-02,8.0,0.0,11.5
2018-06-03,6.0,1.95,23.0
2018-06-04,26.5,0.0,9.66
2018-06-05,37.0,0.0,9.43
2018-06-06,40.0,0.0,9.66
2018-06-07,35.5,0.0,19.09
2018-06-08,35.5,0.0,9.89
2018-06-09,7.5,0.0,0.0
2018-06-10,8.0,0.0,11.5
2018-06-11,27.5,0.0,0.0
2018-06-12,35.0,3.0,8.97
2018-06-13,33.0,1.5,17.94
2018-06-14,38.5,0.0,19.09
2018-06-15,36.0,0.0,10.120000000000001
2018-06-16,11.5,0.0,0.0
2018-06-17,6.5,0.0,0.0
2018-06-18,32.5,0.0,0.0
2018-06-19,35.5,0.0,0.0
2018-06-20,45.5,0.0,9.66
2018-06-21,50.0,0.0,0.0
2018-06-22,37.5,1.68,19.78
2018-06-23,9.0,0.0,0.0
2018-06-24,4.5,0.0,0.0
2018-06-25,46.0,0.0,9.66
2018-06-26,41.5,0.0,19.32
2018-06-27,33.5,0.0,9.66
2018-06-28,32.0,0.0,9.66
2018-06-29,45.5,0.0,0.0
2018-06-30,10.0,0.0,0.0
2018-07-01,3.04,2.4,8.4
2018-07-02,12.92,0.0,0.0
2018-07-03,12.92,0.0,0.0
2018-07-04,3.04,0.0,0.0
2018-07-05,10.64,0.0,0.0
2018-07-06,9.120000000000001,4.0,14.000000000000002
2018-07-07,3.04,0.0,0.0
2018-07-08,3.04,0.0,0.0
2018-07-09,12.92,0.0,0.0
2018-07-10,15.96,0.0,0.0
2018-07-11,15.96,1.92,6.580000000000001
2018-07-12,19.0,2.08,0.0
2018-07-13,21.28,0.0,7.280000000000001
2018-07-14,6.08,0.0,0.0
2018-07-15,4.5600000000000005,2.2800000000000002,7.98
2018-07-16,31.16,2.04,0.0
2018-07-17,31.16,0.0,0.0
2018-07-18,26.6,0.0,7.280000000000001
2018-07-19,18.240000000000002,0.0,0.0
2018-07-20,15.2,2.12,0.0
2018-07-21,6.08,0.0,0.0
2018-07-22,3.04,0.0,0.0
2018-07-23,20.52,0.0,7.000000000000001
2018-07-24,21.28,2.0,0.0
2018-07-25,27.36,1.96,6.86
2018-07-26,76.0,0.0,0.0
2018-07-27,59.28,0.0,0.0
2018-07-28,5.32,0.0,0.0
2018-07-29,3.8,2.44,0.0
2018-07-30,22.04,0.0,0.0
2018-07-31,24.32,0.0,7.000000000000001
2018-08-01,43.4,0.0,0.0
2018-08-02,44.8,1.26,7.05
2018-08-03,36.4,0.0,4.95
2018-08-04,11.2,0.0,5.7
2018-08-05,7.0,0.0,0.0
2018-08-06,36.4,0.0,0.0
2018-08-07,38.5,0.0,0.0
2018-08-08,42.0,0.0,4.8
2018-08-09,42.699999999999996,0.0,4.95
2018-08-10,32.199999999999996,0.0,15.0
2018-08-11,5.6,0.76,5.7
2018-08-12,4.8999999999999995,0.0,5.55
2018-08-13,32.9,0.0,0.0
2018-08-14,44.099999999999994,0.66,4.95
2018-08-15,40.599999999999994,0.0,4.95
2018-08-16,39.9,2.0,4.95
2018-08-17,32.199999999999996,0.0,0.0
2018-08-18,7.0,0.78,5.85
2018-08-19,6.3,0.0,5.7
2018-08-20,28.7,0.0,0.0
2018-08-21,32.199999999999996,0.64,4.8
2018-08-22,36.4,0.0,4.95
2018-08-23,33.599999999999994,0.0,0.0
2018-08-24,29.4,0.0,4.95
2018-08-25,7.699999999999999,0.0,5.7
2018-08-26,3.5,0.0,0.0
2018-08-27,33.599999999999994,0.0,9.6
2018-08-28,40.599999999999994,0.0,7.199999999999999
2018-08-29,65.1,0.0,4.8
2018-08-30,70.0,0.0,9.6
2018-08-31,45.5,0.0,0.0
2018-09-01,16.38,0.0,7.800000000000001
2018-09-02,5.67,0.0,0.0
2018-09-03,11.34,0.0,7.54
2018-09-04,63.0,0.0,0.0
2018-09-05,54.81,0.0,12.870000000000001
2018-09-06,51.660000000000004,0.0,0.0
2018-09-07,51.03,0.0,13.0
2018-09-08,8.19,0.0,0.0
2018-09-09,5.04,0.0,0.0
2018-09-10,37.17,0.0,0.0
2018-09-11,42.84,0.0,6.37
2018-09-12,35.910000000000004,0.0,0.0
2018-09-13,42.21,0.0,0.0
2018-09-14,38.43,0.0,0.0
2018-09-15,8.82,0.0,0.0
2018-09-16,7.5600000000000005,4.0,0.0
2018-09-17,45.36,0.0,6.37
2018-09-18,47.25,0.0,0.0
2018-09-19,42.21,0.0,0.0
2018-09-20,42.84,0.0,0.0
2018-09-21,39.06,0.0,0.0
2018-09-22,5.67,0.0,8.06
2018-09-23,5.67,0.0,0.0
2018-09-24,32.13,0.0,6.37
2018-09-25,42.21,0.0,0.0
2018-09-26,43.47,0.0,12.870000000000001
2018-09-27,42.21,0.0,0.0
2018-09-28,42.21,0.0,0.0
2018-09-29,8.19,0.0,0.0
2018-09-30,7.5600000000000005,0.0,0.0
2018-10-01,25.0,0.0,0.0
2018-10-02,32.0,5.76,5.33
2018-10-03,28.0,0.0,5.33
2018-10-04,29.0,0.0,0.0
2018-10-05,29.0,6.0,5.46
2018-10-06,6.0,0.0,0.0
2018-10-07,4.0,0.0,6.24
2018-10-08,29.0,5.819999999999999,5.33
2018-10-09,26.0,0.0,5.33
2018-10-10,43.0,5.819999999999999,5.33
2018-10-11,61.0,0.0,5.46
2018-10-12,50.0,0.0,0.0
2018-10-13,9.0,0.0,0.0
2018-10-14,6.0,0.0,13.0
2018-10-15,32.0,5.88,5.33
2018-10-16,38.0,5.9399999999999995,10.92
2018-10-17,34.0,5.819999999999999,0.0
2018-10-18,30.0,6.0,11.05
2018-10-19,31.0,0.0,0.0
2018-10-20,9.0,0.0,12.74
2018-10-21,4.0,0.0,0.0
2018-10-22,29.0,0.0,10.790000000000001
2018-10-23,32.0,5.76,5.33
2018-10-24,41.0,0.0,0.0
2018-10-25,100.0,0.0,5.46
2018-10-26,93.0,0.0,0.0
2018-10-27,15.0,0.0,0.0
2018-10-28,9.0,0.0,12.870000000000001
2018-10-29,61.0,0.0,0.0
2018-10-30,75.0,0.0,10.790000000000001
2018-10-31,52.0,0.0,5.59
2018-11-01,81.0,0.0,0.0
2018-11-02,59.940000000000005,0.0,0.0
2018-11-03,13.770000000000001,0.0,0.0
2018-11-04,8.100000000000001,0.0,11.8
2018-11-05,55.080000000000005,1.5,14.0
2018-11-06,46.980000000000004,0.0,10.0
2018-11-07,55.080000000000005,0.0,0.0
2018-11-08,56.7,0.0,9.8
2018-11-09,44.550000000000004,0.0,0.0
2018-11-10,10.530000000000001,0.0,0.0
2018-11-11,8.100000000000001,0.0,12.0
2018-11-12,46.17,0.0,10.200000000000001
2018-11-13,50.220000000000006,0.0,10.0
2018-11-14,52.650000000000006,0.0,10.200000000000001
2018-11-15,51.03,0.0,10.200000000000001
2018-11-16,49.410000000000004,0.0,0.0
2018-11-17,11.34,2.0,12.4
2018-11-18,8.100000000000001,0.0,0.0
2018-11-19,56.7,0.0,10.600000000000001
2018-11-20,70.47,0.0,0.0
2018-11-21,59.940000000000005,0.0,0.0
2018-11-22,11.34,0.0,12.4
2018-11-23,31.590000000000003,0.0,0.0
2018-11-24,11.34,1.86,11.600000000000001
2018-11-25,9.72,0.0,11.8
2018-11-26,54.27,0.0,9.4
2018-11-27,52.650000000000006,0.0,9.8
2018-11-28,56.7,0.0,20.0
2018-11-29,61.56,1.6400000000000001,10.0
2018-11-30,45.36,0.0,19.6
2018-12-01,11.729999999999999,0.0,7.68
2018-12-02,8.28,0.0,0.0
2018-12-03,55.88999999999999,0.0,6.24
2018-12-04,68.30999999999999,0.0,0.0
2018-12-05,31.049999999999997,0.0,6.4
2018-12-06,55.88999999999999,0.0,0.0
2018-12-07,56.58,0.0,0.0
2018-12-08,12.419999999999998,2.85,0.0
2018-12-09,6.8999999999999995,0.0,0.0
2018-12-10,46.23,0.0,0.0
2018-12-11,42.089999999999996,0.0,0.0
2018-12-12,51.059999999999995,0.0,0.0
2018-12-13,43.47,2.4299999999999997,13.280000000000001
2018-12-14,38.64,2.37,0.0
2018-12-15,10.35,0.0,16.0
2018-12-16,8.28,0.0,7.84
2018-12-17,44.849999999999994,0.0,0.0
2018-12-18,49.67999999999999,2.31,6.24
2018-12-19,49.67999999999999,0.0,6.88
2018-12-20,57.269999999999996,0.0,0.0
2018-12-21,60.72,0.0,0.0
2018-12-22,17.25,0.0,0.0
2018-12-23,8.28,0.0,0.0
2018-12-24,47.61,3.0,0.0
2018-12-25,17.939999999999998,0.0,9.120000000000001
2018-12-26,69.0,0.0,7.68
2018-12-27,66.92999999999999,0.0,7.2
2018-12-28,52.44,0.0,0.0
2018-12-29,15.87,0.0,15.68
2018-12-30,10.35,2.88,8.0
2018-12-31,42.089999999999996,0.0,0.0
2019-01-01,5.84,0.0,0.0
2019-01-02,29.2,0.0,5.040000000000001
2019-01-03,36.5,0.0,0.0
2019-01-04,33.58,0.0,0.0
2019-01-05,6.57,0.0,0.0
2019-01-06,3.65,0.0,0.0
2019-01-07,29.93,0.0,4.62
2019-01-08,31.39,0.0,0.0
2019-01-09,30.66,0.0,0.0
2019-01-10,27.74,1.02,0.0
2019-01-11,25.55,0.0,0.0
2019-01-12,6.57,0.0,0.0
2019-01-13,4.38,0.0,0.0
2019-01-14,18.98,0.0,0.0
2019-01-15,27.009999999999998,0.0,0.0
2019-01-16,25.55,0.0,0.0
2019-01-17,26.28,0.0,0.0
2019-01-18,25.55,0.0,0.0
2019-01-19,6.57,0.0,0.0
2019-01-20,5.84,0.0,0.0
2019-01-21,8.76,0.0,0.0
2019-01-22,18.25,0.0,0.0
2019-01-23,18.98,1.0,0.0
2019-01-24,20.439999999999998,1.0,4.62
2019-01-25,20.439999999999998,0.0,14.000000000000002
2019-01-26,7.3,0.0,0.0
2019-01-27,4.38,0.0,0.0
2019-01-28,19.71,0.0,0.0
2019-01-29,23.36,2.0,0.0
2019-01-30,29.2,0.0,4.48
2019-01-31,73.0,0.0,4.62
2019-02-01,63.0,0.0,0.0
2019-02-02,10.71,0.0,0.0
2019-02-03,3.7800000000000002,0.0,0.0
2019-02-04,23.31,0.0,0.0
2019-02-05,22.05,0.0,4.859999999999999
2019-02-06,17.64,0.0,0.0
2019-02-07,19.53,0.0,4.859999999999999
2019-02-08,25.2,5.64,5.04
2019-02-09,5.67,0.0,0.0
2019-02-10,5.04,0.0,0.0
2019-02-11,15.120000000000001,0.0,0.0
2019-02-12,18.9,0.0,0.0
2019-02-13,22.68,0.0,0.0
2019-02-14,23.94,0.0,0.0
2019-02-15,20.16,6.0,0.0
2019-02-16,6.3,0.0,5.9399999999999995
2019-02-17,4.41,0.0,18.0
2019-02-18,7.5600000000000005,0.0,0.0
2019-02-19,19.53,0.0,5.04
2019-02-20,18.9,0.0,4.859999999999999
2019-02-21,18.9,0.0,0.0
2019-02-22,16.38,0.0,5.04
2019-02-23,7.5600000000000005,0.0,0.0
2019-02-24,6.3,0.0,5.9399999999999995
2019-02-25,16.38,0.0,4.859999999999999
2019-02-26,17.64,0.0,9.9
2019-02-27,17.01,0.0,0.0
2019-02-28,17.64,5.64,0.0
2019-03-01,46.169999999999995,0.0,4.92
2019-03-02,19.95,2.85,0.0
2019-03-03,13.11,0.0,11.52
2019-03-04,49.589999999999996,0.0,0.0
2019-03-05,47.309999999999995,0.0,4.92
2019-03-06,45.599999999999994,0.0,4.8
2019-03-07,38.76,0.0,4.92
2019-03-08,45.599999999999994,0.0,5.16
2019-03-09,14.249999999999998,2.9699999999999998,6.0
2019-03-10,10.829999999999998,2.94,11.879999999999999
2019-03-11,42.18,0.0,9.959999999999999
2019-03-12,47.879999999999995,0.0,4.92
2019-03-13,45.029999999999994,0.0,0.0
2019-03-14,42.74999999999999,2.46,4.92
2019-03-15,44.459999999999994,2.4899999999999998,5.04
2019-03-16,18.24,0.0,0.0
2019-03-17,13.68,3.0,6.12
2019-03-18,51.3,0.0,0.0
2019-03-19,47.309999999999995,0.0,0.0
2019-03-20,56.99999999999999,0.0,0.0
2019-03-21,52.44,0.0,5.04
2019-03-22,52.44,2.55,0.0
2019-03-23,17.099999999999998,0.0,0.0
2019-03-24,17.099999999999998,0.0,0.0
2019-03-25,42.74999999999999,0.0,0.0
2019-03-26,54.72,0.0,10.2
2019-03-27,46.169999999999995,2.55,5.16
2019-03-28,47.879999999999995,0.0,5.04
2019-03-29,43.31999999999999,2.55,0.0
2019-03-30,15.389999999999999,0.0,12.0
2019-03-31,14.819999999999999,0.0,0.0
2019-04-01,18.46,0.0,0.0
2019-04-02,28.4,0.0,0.0
2019-04-03,27.689999999999998,0.0,0.0
2019-04-04,31.24,0.0,5.2
2019-04-05,28.4,0.0,5.46
2019-04-06,10.649999999999999,2.0,13.0
2019-04-07,9.23,0.0,6.5
2019-04-08,26.979999999999997,0.0,0.0
2019-04-09,27.689999999999998,0.0,10.530000000000001
2019-04-10,25.56,0.0,0.0
2019-04-11,26.27,0.0,5.33
2019-04-12,23.43,0.0,5.46
2019-04-13,9.23,0.0,0.0
2019-04-14,6.39,0.0,0.0
2019-04-15,17.75,1.6,10.530000000000001
2019-04-16,25.56,0.0,0.0
2019-04-17,26.979999999999997,1.6400000000000001,0.0
2019-04-18,24.849999999999998,0.0,5.46
2019-04-19,10.649999999999999,0.0,0.0
2019-04-20,9.94,0.0,6.63
2019-04-21,6.39,0.0,6.890000000000001
2019-04-22,31.95,0.0,11.18
2019-04-23,39.05,0.0,0.0
2019-04-24,32.66,0.0,0.0
2019-04-25,71.0,0.0,5.2
2019-04-26,53.25,0.0,5.33
2019-04-27,19.169999999999998,0.0,0.0
2019-04-28,12.07,0.0,0.0
2019-04-29,33.37,0.0,5.2
2019-04-30,29.82,0.0,5.2
2019-05-01,50.7,0.0,7.36
2019-05-02,38.35,0.0,7.36
2019-05-03,65.0,2.52,0.0
2019-05-04,21.45,0.0,0.0
2019-05-05,15.600000000000001,0.0,8.96
2019-05-06,46.800000000000004,0.0,7.36
2019-05-07,50.050000000000004,0.0,7.5200000000000005
2019-05-08,40.95,0.0,7.5200000000000005
2019-05-09,42.9,0.0,0.0
2019-05-10,40.300000000000004,2.52,7.68
2019-05-11,13.65,0.0,0.0
2019-05-12,9.75,0.0,9.28
2019-05-13,48.1,0.0,0.0
2019-05-14,47.45,0.0,7.68
2019-05-15,50.050000000000004,0.0,0.0
2019-05-16,52.65,0.0,7.68
2019-05-17,42.9,0.0,0.0
2019-05-18,14.950000000000001,0.0,9.28
2019-05-19,11.700000000000001,0.0,0.0
2019-05-20,37.050000000000004,0.0,0.0
2019-05-21,36.4,0.0,7.5200000000000005
2019-05-22,37.7,0.0,7.68
2019-05-23,36.4,0.0,0.0
2019-05-24,39.65,0.0,16.0
2019-05-25,13.0,0.0,9.6
2019-05-26,9.1,0.0,0.0
2019-05-27,12.35,3.0,9.120000000000001
2019-05-28,41.6,0.0,0.0
2019-05-29,39.65,0.0,7.5200000000000005
2019-05-30,40.95,0.0,7.5200000000000005
2019-05-31,41.6,0.0,0.0
2019-06-01,14.56,0.0,0.0
2019-06-02,9.88,0.0,6.0
2019-06-03,45.24,0.0,0.0
2019-06-04,52.0,0.0,2.6399999999999997
2019-06-05,42.64,0.0,0.0
2019-06-06,37.96,0.0,2.58
2019-06-07,33.800000000000004,0.0,0.0
2019-06-08,17.16,0.0,3.12
2019-06-09,11.96,0.0,0.0
2019-06-10,44.2,2.85,2.58
2019-06-11,34.84,0.0,2.6399999999999997
2019-06-12,30.68,0.0,0.0
2019-06-13,35.36,0.0,5.22
2019-06-14,28.080000000000002,2.9099999999999997,2.6399999999999997
2019-06-15,11.96,0.0,0.0
2019-06-16,9.36,0.0,0.0
2019-06-17,30.16,0.0,0.0
2019-06-18,36.4,0.0,2.58
2019-06-19,35.36,0.0,0.0
2019-06-20,33.800000000000004,2.9099999999999997,0.0
2019-06-21,27.560000000000002,3.0,2.6999999999999997
2019-06-22,6.76,0.0,0.0
2019-06-23,5.2,0.0,0.0
2019-06-24,22.880000000000003,0.0,2.6999999999999997
2019-06-25,28.6,2.94,2.6999999999999997
2019-06-26,26.52,0.0,0.0
2019-06-27,21.84,0.0,2.6399999999999997
2019-06-28,26.0,0.0,0.0
2019-06-29,4.68,0.0,0.0
2019-06-30,4.16,0.0,3.12
2019-07-01,26.01,0.0,0.0
2019-07-02,19.89,0.0,0.0
2019-07-03,18.87,0.0,22.310000000000002
2019-07-04,7.140000000000001,0.0,12.65
2019-07-05,16.830000000000002,0.0,12.42
2019-07-06,8.16,0.0,0.0
2019-07-07,4.08,0.0,0.0
2019-07-08,20.4,0.0,10.81
2019-07-09,22.95,0.0,0.0
2019-07-10,28.05,0.0,0.0
2019-07-11,27.03,0.0,10.81
2019-07-12,26.01,0.0,11.040000000000001
2019-07-13,6.12,0.0,0.0
2019-07-14,5.61,0.0,0.0
2019-07-15,23.46,0.0,0.0
2019-07-16,25.5,0.0,0.0
2019-07-17,27.03,0.0,0.0
2019-07-18,25.5,0.0,0.0
2019-07-19,26.01,0.0,0.0
2019-07-20,7.140000000000001,0.0,0.0
2019-07-21,6.12,0.0,0.0
2019-07-22,20.91,0.0,11.040000000000001
2019-07-23,26.52,0.0,16.330000000000002
2019-07-24,26.52,0.0,23.0
2019-07-25,51.0,3.0,0.0
2019-07-26,45.9,0.0,0.0
2019-07-27,8.16,0.0,0.0
2019-07-28,4.08,0.0,13.110000000000001
2019-07-29,26.52,0.0,0.0
2019-07-30,26.01,0.0,11.270000000000001
2019-07-31,27.54,0.0,11.270000000000001
2019-08-01,31.95,0.0,0.0
2019-08-02,33.75,2.79,0.0
2019-08-03,7.2,0.0,0.0
2019-08-04,6.75,0.0,0.0
2019-08-05,45.0,0.0,8.5
2019-08-06,42.75,2.6399999999999997,0.0
2019-08-07,35.550000000000004,0.0,17.0
2019-08-08,32.4,0.0,0.0
2019-08-09,27.45,0.0,0.0
2019-08-10,9.0,0.0,0.0
2019-08-11,5.4,0.0,0.0
2019-08-12,31.95,0.0,0.0
2019-08-13,30.6,2.58,4.08
2019-08-14,41.4,0.0,0.0
2019-08-15,36.9,0.0,0.0
2019-08-16,34.2,0.0,0.0
2019-08-17,7.2,0.0,0.0
2019-08-18,5.8500000000000005,3.0,4.760000000000001
2019-08-19,29.7,0.0,0.0
2019-08-20,26.55,2.55,0.0
2019-08-21,25.2,0.0,0.0
2019-08-22,25.2,0.0,0.0
2019-08-23,27.900000000000002,2.58,4.08
2019-08-24,7.2,2.9699999999999998,0.0
2019-08-25,4.95,0.0,0.0
2019-08-26,29.25,0.0,0.0
2019-08-27,24.75,0.0,0.0
2019-08-28,20.25,2.4899999999999998,3.91
2019-08-29,28.8,2.4899999999999998,3.91
2019-08-30,20.25,0.0,0.0
2019-08-31,6.3,2.82,4.590000000000001
2019-09-01,3.6300000000000003,0.0,0.0
2019-09-02,5.28,1.1,7.41
2019-09-03,26.73,0.0,0.0
2019-09-04,23.43,0.0,0.0
2019-09-05,29.700000000000003,0.0,0.0
2019-09-06,29.040000000000003,0.98,6.63
2019-09-07,6.6000000000000005,0.0,0.0
2019-09-08,4.29,0.0,0.0
2019-09-09,32.34,0.0,0.0
2019-09-10,32.01,0.0,0.0
2019-09-11,26.73,0.0,0.0
2019-09-12,29.37,1.0,0.0
2019-09-13,26.400000000000002,0.0,0.0
2019-09-14,5.28,0.0,0.0
2019-09-15,3.3000000000000003,0.0,0.0
2019-09-16,29.37,0.96,13.0
2019-09-17,22.44,0.0,0.0
2019-09-18,26.400000000000002,0.0,6.63
2019-09-19,22.11,2.0,6.76
2019-09-20,18.150000000000002,0.0,6.63
2019-09-21,6.930000000000001,0.0,0.0
2019-09-22,2.64,0.0,0.0
2019-09-23,25.080000000000002,0.0,6.5
2019-09-24,33.0,0.0,0.0
2019-09-25,28.71,0.0,0.0
2019-09-26,31.68,0.0,0.0
2019-09-27,19.8,0.0,0.0
2019-09-28,5.94,0.0,0.0
2019-09-29,6.6000000000000005,0.0,7.930000000000001
2019-09-30,24.42,0.0,0.0
2019-10-01,9.0,0.0,9.8
2019-10-02,10.8,0.0,4.800000000000001
2019-10-03,12.6,0.0,4.9
2019-10-04,10.35,0.0,0.0
2019-10-05,3.15,2.46,5.800000000000001
2019-10-06,2.7,0.0,0.0
2019-10-07,10.8,0.0,4.9
2019-10-08,10.35,0.0,9.8
2019-10-09,10.8,0.0,0.0
2019-10-10,10.35,0.0,0.0
2019-10-11,9.9,2.1,5.0
2019-10-12,3.15,0.0,6.1000000000000005
2019-10-13,1.8,0.0,0.0
2019-10-14,9.9,0.0,10.0
2019-10-15,10.35,0.0,4.9
2019-10-16,12.15,0.0,5.0
2019-10-17,11.25,0.0,0.0
2019-10-18,9.9,0.0,0.0
2019-10-19,2.7,0.0,0.0
2019-10-20,2.7,0.0,0.0
2019-10-21,10.8,3.0,4.7
2019-10-22,11.700000000000001,0.0,0.0
2019-10-23,12.15,0.0,0.0
2019-10-24,34.2,2.07,0.0
2019-10-25,45.0,0.0,0.0
2019-10-26,11.25,0.0,0.0
2019-10-27,2.7,0.0,5.7
2019-10-28,15.75,2.01,4.800000000000001
2019-10-29,14.4,2.07,0.0
2019-10-30,12.6,0.0,4.9
2019-10-31,11.25,2.07,0.0
2019-11-01,27.28,0.0,9.48
2019-11-02,6.2,0.0,0.0
2019-11-03,4.65,0.0,7.08
2019-11-04,24.49,0.0,11.879999999999999
2019-11-05,25.73,0.0,0.0
2019-11-06,25.11,0.0,0.0
2019-11-07,26.97,0.0,0.0
2019-11-08,25.419999999999998,2.61,12.0
2019-11-09,5.89,0.0,0.0
2019-11-10,3.41,0.0,0.0
2019-11-11,19.53,0.0,0.0
2019-11-12,22.32,0.0,11.4
2019-11-13,20.46,0.0,5.88
2019-11-14,24.49,0.0,5.88
2019-11-15,22.63,0.0,5.88
2019-11-16,6.82,0.0,6.84
2019-11-17,3.7199999999999998,0.0,0.0
2019-11-18,22.63,0.0,5.88
2019-11-19,20.15,0.0,0.0
2019-11-20,26.35,0.0,0.0
2019-11-21,21.08,0.0,6.0
2019-11-22,24.18,0.0,0.0
2019-11-23,4.96,0.0,6.84
2019-11-24,4.96,3.0,6.96
2019-11-25,19.84,0.0,9.0
2019-11-26,31.0,0.0,6.24
2019-11-27,18.91,0.0,0.0
2019-11-28,5.58,0.0,0.0
2019-11-29,11.47,0.0,6.4799999999999995
2019-11-30,7.4399999999999995,0.0,6.6
2019-12-01,3.96,0.0,5.92
2019-12-02,14.850000000000001,0.0,4.96
2019-12-03,18.150000000000002,0.0,5.12
2019-12-04,16.17,0.0,5.28
2019-12-05,13.200000000000001,0.0,5.28
2019-12-06,16.830000000000002,0.0,5.44
2019-12-07,3.96,0.0,6.24
2019-12-08,2.31,0.0,0.0
2019-12-09,13.530000000000001,0.0,10.72
2019-12-10,12.21,0.0,5.44
2019-12-11,11.88,0.0,5.28
2019-12-12,15.180000000000001,1.6,16.0
2019-12-13,15.84,0.0,5.28
2019-12-14,3.3000000000000003,0.0,6.24
2019-12-15,2.64,0.0,6.24
2019-12-16,11.88,0.0,7.84
2019-12-17,14.850000000000001,0.0,5.28
2019-12-18,16.830000000000002,5.0,11.040000000000001
2019-12-19,16.17,0.0,0.0
2019-12-20,13.530000000000001,0.0,5.76
2019-12-21,3.96,0.0,0.0
2019-12-22,2.97,0.0,6.4
2019-12-23,14.190000000000001,0.0,5.92
2019-12-24,9.57,0.0,6.24
2019-12-25,3.6300000000000003,0.0,0.0
2019-12-26,28.71,1.9000000000000001,0.0
2019-12-27,33.0,0.0,5.92
2019-12-28,7.92,0.0,0.0
2019-12-29,4.29,0.0,0.0
2019-12-30,16.830000000000002,0.0,5.6000000000000005
2019-12-31,14.850000000000001,1.8,5.92
2020-01-01,2.4,2.7600000000000002,0.0
2020-01-02,11.04,0.0,0.0
2020-01-03,10.559999999999999,0.0,6.9
2020-01-04,2.4,0.0,0.0
2020-01-05,1.44,0.0,0.0
2020-01-06,10.559999999999999,0.0,0.0
2020-01-07,11.52,0.0,3.4000000000000004
2020-01-08,13.44,0.0,0.0
2020-01-09,11.52,0.0,0.0
2020-01-10,10.559999999999999,0.0,0.0
2020-01-11,3.36,0.0,3.8000000000000003
2020-01-12,1.92,0.0,0.0
2020-01-13,9.12,0.0,0.0
2020-01-14,10.559999999999999,4.0,3.0
2020-01-15,8.64,0.0,0.0
2020-01-16,8.64,0.0,3.3000000000000003
2020-01-17,8.64,0.0,0.0
2020-01-18,3.36,0.0,0.0
2020-01-19,1.44,0.0,0.0
2020-01-20,2.88,0.0,0.0
2020-01-21,6.72,0.0,3.3000000000000003
2020-01-22,10.559999999999999,0.0,0.0
2020-01-23,8.16,2.24,3.3000000000000003
2020-01-24,7.68,0.0,3.3000000000000003
2020-01-25,2.4,0.0,0.0
2020-01-26,1.44,0.0,0.0
2020-01-27,8.64,2.12,0.0
2020-01-28,10.08,0.0,0.0
2020-01-29,12.0,0.0,3.3000000000000003
2020-01-30,36.96,2.24,10.0
2020-01-31,48.0,0.0,0.0
2020-02-01,20.900000000000002,0.0,0.0
2020-02-02,6.6000000000000005,0.0,9.6
2020-02-03,42.35,0.0,0.0
2020-02-04,38.5,0.0,0.0
2020-02-05,39.050000000000004,0.0,8.0
2020-02-06,32.45,0.0,8.0
2020-02-07,34.1,0.0,0.0
2020-02-08,8.8,0.0,0.0
2020-02-09,4.95,0.0,0.0
2020-02-10,37.95,1.6400000000000001,15.52
2020-02-11,43.45,0.0,0.0
2020-02-12,38.5,0.0,0.0
2020-02-13,35.2,1.7,16.0
2020-02-14,28.6,0.0,0.0
2020-02-15,8.8,0.0,0.0
2020-02-16,3.8500000000000005,2.0,9.44
2020-02-17,12.100000000000001,0.0,0.0
2020-02-18,28.6,0.0,0.0
2020-02-19,29.150000000000002,0.0,7.84
2020-02-20,26.400000000000002,1.6400000000000001,0.0
2020-02-21,28.6,0.0,0.0
2020-02-22,8.8,0.0,0.0
2020-02-23,7.15,0.0,0.0
2020-02-24,36.85,0.0,0.0
2020-02-25,37.95,1.62,0.0
2020-02-26,39.050000000000004,0.0,7.5200000000000005
2020-02-27,47.300000000000004,0.0,0.0
2020-02-28,55.00000000000001,0.0,15.68
2020-02-29,13.200000000000001,0.0,0.0
2020-03-01,8.25,0.0,0.0
2020-03-02,45.75,0.0,4.42
2020-03-03,41.25,0.0,4.29
2020-03-04,38.25,0.0,4.29
2020-03-05,36.0,0.0,4.42
2020-03-06,39.75,0.0,0.0
2020-03-07,12.0,0.0,5.33
2020-03-08,6.75,0.0,5.2
2020-03-09,70.5,0.0,0.0
2020-03-10,60.75,0.0,4.42
2020-03-11,49.5,3.0,4.42
2020-03-12,69.0,0.0,0.0
2020-03-13,69.0,0.0,0.0
2020-03-14,17.25,0.0,5.2
2020-03-15,11.25,0.0,0.0
2020-03-16,68.25,0.0,4.42
2020-03-17,75.0,0.0,13.0
2020-03-18,70.5,0.0,6.63
2020-03-19,72.0,0.0,0.0
2020-03-20,57.75,0.0,0.0
2020-03-21,19.5,0.0,4.94
2020-03-22,15.0,0.0,0.0
2020-03-23,59.25,2.82,4.03
2020-03-24,60.75,2.9699999999999998,6.5
2020-03-25,50.25,0.0,0.0
2020-03-26,47.25,0.0,8.71
2020-03-27,37.5,2.88,4.16
2020-03-28,12.75,0.0,0.0
2020-03-29,7.5,0.0,9.620000000000001
2020-03-30,42.75,2.88,4.16
2020-03-31,40.5,0.0,4.16
2020-04-01,18.72,0.0,7.199999999999999
2020-04-02,20.16,0.0,0.0
2020-04-03,17.28,0.0,7.35
2020-04-04,5.04,0.0,0.0
2020-04-05,4.32,0.0,0.0
2020-04-06,20.16,0.0,7.199999999999999
2020-04-07,22.32,0.0,0.0
2020-04-08,19.439999999999998,0.0,7.199999999999999
2020-04-09,20.88,0.0,0.0
2020-04-10,10.799999999999999,0.0,15.0
2020-04-11,5.04,0.0,0.0
2020-04-12,4.32,0.0,0.0
2020-04-13,30.959999999999997,0.0,0.0
2020-04-14,37.44,0.0,0.0
2020-04-15,34.56,0.0,0.0
2020-04-16,47.519999999999996,0.0,0.0
2020-04-17,39.6,0.0,6.8999999999999995
2020-04-18,8.64,0.0,7.949999999999999
2020-04-19,10.08,0.0,8.1
2020-04-20,31.68,0.0,0.0
2020-04-21,33.12,0.0,7.05
2020-04-22,30.24,0.0,0.0
2020-04-23,30.959999999999997,0.0,13.65
2020-04-24,24.48,0.0,0.0
2020-04-25,6.4799999999999995,0.0,0.0
2020-04-26,6.4799999999999995,0.0,0.0
2020-04-27,31.68,0.0,14.399999999999999
2020-04-28,34.56,0.0,0.0
2020-04-29,35.28,0.0,0.0
2020-04-30,72.0,0.0,6.75
2020-05-01,56.00000000000001,0.0,0.0
2020-05-02,11.760000000000002,0.0,8.97
2020-05-03,6.720000000000001,0.0,0.0
2020-05-04,24.64,0.0,14.950000000000001
2020-05-05,19.040000000000003,0.0,0.0
2020-05-06,17.92,0.0,0.0
2020-05-07,19.6,0.0,7.590000000000001
2020-05-08,17.360000000000003,0.0,23.0
2020-05-09,6.16,0.0,0.0
2020-05-10,3.9200000000000004,0.0,0.0
2020-05-11,16.8,0.0,7.82
2020-05-12,19.6,0.0,0.0
2020-05-13,17.92,0.0,0.0
2020-05-14,15.120000000000001,2.46,15.180000000000001
2020-05-15,15.680000000000001,0.0,7.82
2020-05-16,5.040000000000001,0.0,8.97
2020-05-17,3.9200000000000004,0.0,17.94
2020-05-18,14.560000000000002,0.0,0.0
2020-05-19,15.680000000000001,0.0,15.41
2020-05-20,17.92,0.0,15.41
2020-05-21,19.6,0.0,0.0
2020-05-22,16.8,2.58,15.870000000000001
2020-05-23,3.3600000000000003,3.0,9.200000000000001
2020-05-24,3.3600000000000003,0.0,0.0
2020-05-25,5.6000000000000005,0.0,0.0
2020-05-26,16.240000000000002,0.0,8.05
2020-05-27,19.040000000000003,2.55,0.0
2020-05-28,14.560000000000002,0.0,7.82
2020-05-29,12.88,2.55,15.870000000000001
2020-05-30,2.8000000000000003,0.0,9.200000000000001
2020-05-31,2.8000000000000003,0.0,0.0
2020-06-01,30.240000000000002,0.0,0.0
2020-06-02,26.46,0.0,5.2
2020-06-03,31.32,0.0,0.0
2020-06-04,36.72,0.0,4.800000000000001
2020-06-05,26.46,0.0,20.0
2020-06-06,9.72,0.0,0.0
2020-06-07,7.5600000000000005,0.0,11.8
2020-06-08,26.46,0.0,5.0
2020-06-09,41.580000000000005,0.0,0.0
2020-06-10,54.0,0.0,5.2
2020-06-11,50.220000000000006,0.0,0.0
2020-06-12,36.18,0.0,0.0
2020-06-13,8.64,0.0,0.0
2020-06-14,5.94,0.0,6.2
2020-06-15,32.400000000000006,0.0,5.2
2020-06-16,32.400000000000006,0.0,5.2
2020-06-17,34.02,0.0,5.4
2020-06-18,29.700000000000003,0.0,5.2
2020-06-19,27.0,0.0,0.0
2020-06-20,10.260000000000002,0.0,0.0
2020-06-21,7.0200000000000005,0.0,0.0
2020-06-22,36.18,0.0,10.8
2020-06-23,42.120000000000005,0.0,0.0
2020-06-24,43.74,0.0,5.4
2020-06-25,31.860000000000003,0.0,10.8
2020-06-26,36.18,3.0,5.6000000000000005
2020-06-27,9.72,0.0,6.2
2020-06-28,7.5600000000000005,0.0,18.2
2020-06-29,32.940000000000005,0.0,5.4
2020-06-30,40.5,0.0,8.200000000000001
2020-07-01,38.22,0.0,8.82
2020-07-02,46.410000000000004,0.0,8.82
2020-07-03,15.47,0.0,0.0
2020-07-04,7.28,0.0,10.62
2020-07-05,7.28,0.0,0.0
2020-07-06,55.510000000000005,0.0,17.28
2020-07-07,46.410000000000004,2.68,17.82
2020-07-08,44.59,0.0,0.0
2020-07-09,47.32,4.0,17.64
2020-07-10,50.96,2.72,9.0
2020-07-11,12.74,3.0,0.0
2020-07-12,9.1,3.12,10.26
2020-07-13,50.96,0.0,0.0
2020-07-14,50.96,0.0,0.0
2020-07-15,50.050000000000004,0.0,17.64
2020-07-16,40.95,0.0,0.0
2020-07-17,38.22,0.0,0.0
2020-07-18,10.92,0.0,0.0
2020-07-19,9.1,3.12,10.44
2020-07-20,56.42,0.0,0.0
2020-07-21,60.06,0.0,9.0
2020-07-22,48.230000000000004,0.0,0.0
2020-07-23,48.230000000000004,0.0,0.0
2020-07-24,41.86,0.0,0.0
2020-07-25,10.01,0.0,10.08
2020-07-26,7.28,0.0,0.0
2020-07-27,46.410000000000004,2.72,0.0
2020-07-28,38.22,2.72,18.0
2020-07-29,43.68,0.0,9.18
2020-07-30,91.0,0.0,0.0
2020-07-31,91.0,0.0,0.0
2020-08-01,18.3,0.0,6.2700000000000005
2020-08-02,11.59,0.0,0.0
2020-08-03,56.12,0.0,11.0
2020-08-04,51.85,0.0,0.0
2020-08-05,46.97,4.0,0.0
2020-08-06,51.24,0.0,5.5
2020-08-07,45.14,0.0,5.61
2020-08-08,9.76,0.0,0.0
2020-08-09,7.93,0.0,0.0
2020-08-10,42.699999999999996,3.92,5.39
2020-08-11,40.87,0.0,0.0
2020-08-12,44.53,0.0,0.0
2020-08-13,42.089999999999996,3.88,10.78
2020-08-14,40.87,0.0,5.5
2020-08-15,10.98,0.0,6.2700000000000005
2020-08-16,7.32,0.0,0.0
2020-08-17,41.48,0.0,0.0
2020-08-18,61.0,0.0,0.0
2020-08-19,51.24,3.88,5.39
2020-08-20,42.089999999999996,3.84,5.39
2020-08-21,40.87,0.0,0.0
2020-08-22,12.81,0.0,0.0
2020-08-23,7.32,0.0,0.0
2020-08-24,43.92,0.0,0.0
2020-08-25,43.92,0.0,5.17
2020-08-26,48.19,3.7600000000000002,0.0
2020-08-27,51.85,3.72,0.0
2020-08-28,39.65,0.0,5.39
2020-08-29,10.98,0.0,0.0
2020-08-30,7.32,0.0,0.0
2020-08-31,46.36,0.0,10.23
2020-09-01,47.74,0.0,2.34
2020-09-02,50.22,0.0,0.0
2020-09-03,59.519999999999996,0.0,2.25
2020-09-04,62.0,0.0,0.0
2020-09-05,14.26,0.0,2.88
2020-09-06,9.92,0.0,0.0
2020-09-07,10.54,0.0,0.0
2020-09-08,55.18,0.0,0.0
2020-09-09,48.98,0.0,0.0
2020-09-10,44.02,1.6,0.0
2020-09-11,44.02,0.0,2.34
2020-09-12,10.54,0.0,2.79
2020-09-13,8.68,0.0,0.0
2020-09-14,38.44,0.0,9.0
2020-09-15,42.16,1.6400000000000001,2.25
2020-09-16,35.339999999999996,0.0,0.0
2020-09-17,41.54,0.0,0.0
2020-09-18,45.88,0.0,0.0
2020-09-19,6.82,0.0,0.0
2020-09-20,6.82,2.0,2.79
2020-09-21,42.78,0.0,0.0
2020-09-22,55.8,0.0,0.0
2020-09-23,50.22,0.0,0.0
2020-09-24,39.68,0.0,0.0
2020-09-25,44.02,0.0,0.0
2020-09-26,8.06,0.0,2.9699999999999998
2020-09-27,6.2,0.0,0.0
2020-09-28,38.44,0.0,2.52
2020-09-29,40.3,1.8,0.0
2020-09-30,35.339999999999996,0.0,0.0
2020-10-01,25.830000000000002,,9.36
2020-10-02,31.5,,9.6
2020-10-03,5.67,,11.04
2020-10-04,5.04,,11.04
2020-10-05,26.46,,9.36
2020-10-06,27.72,,18.72
2020-10-07,25.2,,9.36
2020-10-08,25.2,,0.0
2020-10-09,28.98,,21.599999999999998
2020-10-10,6.93,,0.0
2020-10-11,3.7800000000000002,,0.0
2020-10-12,38.43,,10.559999999999999
2020-10-13,41.58,,21.119999999999997
2020-10-14,35.28,,21.36
2020-10-15,26.46,,10.559999999999999
2020-10-16,33.39,,10.799999999999999
2020-10-17,7.5600000000000005,,0.0
2020-10-18,6.3,,11.76
2020-10-19,30.87,,10.559999999999999
2020-10-20,29.61,,10.559999999999999
2020-10-21,28.35,,10.799999999999999
2020-10-22,25.830000000000002,,0.0
2020-10-23,24.57,,0.0
2020-10-24,7.5600000000000005,,24.0
2020-10-25,5.04,,0.0
2020-10-26,24.57,,20.64
2020-10-27,28.98,,10.559999999999999
2020-10-28,35.28,,0.0
2020-10-29,63.0,,0.0
2020-10-30,53.55,,11.04
2020-10-31,8.19,,0.0
2020-11-01,8.48,0.0,0.0
2020-11-02,42.93,0.0,0.0
2020-11-03,42.400000000000006,3.8000000000000003,10.08
2020-11-04,30.740000000000002,0.0,6.72
2020-11-05,31.8,2.8000000000000003,15.12
2020-11-06,27.560000000000002,0.0,0.0
2020-11-07,6.36,0.0,0.0
2020-11-08,6.890000000000001,0.0,10.92
2020-11-09,53.0,0.0,0.0
2020-11-10,49.82,0.0,0.0
2020-11-11,36.57,0.0,9.87
2020-11-12,37.1,0.0,0.0
2020-11-13,33.92,0.0,0.0
2020-11-14,9.540000000000001,0.0,0.0
2020-11-15,6.890000000000001,0.0,11.129999999999999
2020-11-16,32.33,0.0,0.0
2020-11-17,40.28,0.0,0.0
2020-11-18,32.33,0.0,10.29
2020-11-19,31.270000000000003,0.0,10.29
2020-11-20,30.740000000000002,0.0,0.0
2020-11-21,7.42,0.0,11.549999999999999
2020-11-22,4.7700000000000005,0.0,0.0
2020-11-23,35.510000000000005,0.0,0.0
2020-11-24,33.92,0.0,21.0
2020-11-25,36.04,4.0,0.0
2020-11-26,11.13,0.0,11.129999999999999
2020-11-27,23.85,0.0,10.92
2020-11-28,11.66,0.0,0.0
2020-11-29,6.36,0.0,0.0
2020-11-30,28.62,3.6,0.0
2020-12-01,67.0,,0.0
2020-12-02,52.260000000000005,,0.0
2020-12-03,50.25,,0.0
