Date,FB,"Facebook, Inc.","Facebook,"
2015-01-01,81.0,0.0,41.86
2015-01-02,65.61,0.0,34.58
2015-01-03,72.09,0.0,50.96
2015-01-04,68.04,0.0,50.050000000000004
2015-01-05,58.32000000000001,0.0,62.79
2015-01-06,57.510000000000005,0.0,20.93
2015-01-07,55.89,0.0,40.95
2015-01-08,56.7,0.0,51.870000000000005
2015-01-09,57.510000000000005,16.0,52.78
2015-01-10,68.85000000000001,0.0,50.96
2015-01-11,65.61,0.0,37.31
2015-01-12,51.84,0.0,40.04
2015-01-13,51.84,0.0,40.95
2015-01-14,56.7,0.0,30.94
2015-01-15,59.940000000000005,0.0,40.95
2015-01-16,62.370000000000005,0.0,42.77
2015-01-17,75.33,0.0,39.13
2015-01-18,75.33,0.0,38.22
2015-01-19,62.370000000000005,0.0,76.44
2015-01-20,61.56,0.0,91.0
2015-01-21,57.510000000000005,0.0,90.09
2015-01-22,61.56,0.0,40.04
2015-01-23,63.99,0.0,51.870000000000005
2015-01-24,80.19000000000001,0.0,62.79
2015-01-25,76.95,0.0,25.48
2015-01-26,58.32000000000001,0.0,40.04
2015-01-27,66.42,0.0,59.15
2015-01-28,60.75000000000001,0.0,70.07000000000001
2015-01-29,62.370000000000005,0.0,50.96
2015-01-30,62.370000000000005,0.0,61.88
2015-01-31,72.9,0.0,12.74
2015-02-01,74.52000000000001,0.0,82.56
2015-02-02,55.89,0.0,61.06
2015-02-03,57.510000000000005,0.0,55.04
2015-02-04,55.89,0.0,42.14
2015-02-05,56.7,0.0,49.019999999999996
2015-02-06,59.13,0.0,50.74
2015-02-07,72.9,0.0,46.44
2015-02-08,75.33,0.0,30.96
2015-02-09,55.080000000000005,32.64,42.14
2015-02-10,57.510000000000005,0.0,36.12
2015-02-11,56.7,0.0,49.019999999999996
2015-02-12,58.32000000000001,0.0,36.98
2015-02-13,65.61,0.0,38.7
2015-02-14,81.0,0.0,47.3
2015-02-15,78.57000000000001,0.0,39.56
2015-02-16,64.80000000000001,0.0,52.46
2015-02-17,63.99,34.0,73.96
2015-02-18,61.56,0.0,73.96
2015-02-19,63.99,0.0,67.94
2015-02-20,64.80000000000001,0.0,44.72
2015-02-21,74.52000000000001,0.0,84.28
2015-02-22,76.14,0.0,84.28
2015-02-23,62.370000000000005,0.0,60.199999999999996
2015-02-24,60.75000000000001,0.0,43.0
2015-02-25,54.27,0.0,86.0
2015-02-26,58.32000000000001,0.0,80.84
2015-02-27,63.18000000000001,0.0,55.9
2015-02-28,74.52000000000001,0.0,67.94
2015-03-01,73.95,,28.490000000000002
2015-03-02,58.29,,38.5
2015-03-03,57.42,,53.9
2015-03-04,57.42,,23.1
2015-03-05,60.9,,77.0
2015-03-06,62.64,,32.34
2015-03-07,77.42999999999999,,49.28
2015-03-08,75.69,,29.26
2015-03-09,58.29,,54.67
2015-03-10,60.9,,38.5
2015-03-11,65.25,,39.27
2015-03-12,60.9,,16.17
2015-03-13,66.12,,24.64
2015-03-14,80.91,,40.04
2015-03-15,82.65,,20.02
2015-03-16,63.51,,32.34
2015-03-17,64.38,,47.74
2015-03-18,64.38,,23.87
2015-03-19,61.77,,40.04
2015-03-20,63.51,,32.34
2015-03-21,80.91,,30.03
2015-03-22,85.26,,40.04
2015-03-23,61.77,,23.1
2015-03-24,61.77,,39.27
2015-03-25,64.38,,66.99
2015-03-26,58.29,,46.97
2015-03-27,65.25,,33.11
2015-03-28,87.0,,33.11
2015-03-29,82.65,,21.560000000000002
2015-03-30,60.9,,7.7
2015-03-31,61.77,,56.21
2015-04-01,63.64,0.0,37.260000000000005
2015-04-02,69.66,0.0,58.32000000000001
2015-04-03,71.38,0.0,34.02
2015-04-04,83.42,0.0,81.0
2015-04-05,86.0,0.0,59.13
2015-04-06,65.36,0.0,51.03
2015-04-07,62.78,0.0,60.75000000000001
2015-04-08,63.64,0.0,79.38000000000001
2015-04-09,62.78,0.0,79.38000000000001
2015-04-10,67.08,0.0,19.44
2015-04-11,84.28,0.0,40.5
2015-04-12,82.56,0.0,24.3
2015-04-13,66.22,0.0,24.3
2015-04-14,62.78,0.0,59.13
2015-04-15,61.06,0.0,36.45
2015-04-16,64.5,0.0,48.6
2015-04-17,66.22,0.0,32.400000000000006
2015-04-18,85.14,0.0,48.6
2015-04-19,82.56,0.0,23.490000000000002
2015-04-20,61.06,0.0,66.42
2015-04-21,61.92,0.0,30.78
2015-04-22,62.78,0.0,48.6
2015-04-23,61.06,0.0,12.15
2015-04-24,64.5,0.0,45.36
2015-04-25,79.12,0.0,31.590000000000003
2015-04-26,82.56,0.0,56.7
2015-04-27,63.64,0.0,68.04
2015-04-28,61.06,0.0,66.42
2015-04-29,62.78,0.0,49.410000000000004
2015-04-30,64.5,0.0,81.0
2015-05-01,65.86,0.0,57.85
2015-05-02,80.99,0.0,40.94
2015-05-03,78.32000000000001,0.0,40.94
2015-05-04,63.19,0.0,43.61
2015-05-05,61.410000000000004,0.0,49.84
2015-05-06,59.63,0.0,24.92
2015-05-07,61.410000000000004,0.0,89.0
2015-05-08,66.75,0.0,32.93
2015-05-09,82.77,0.0,41.83
2015-05-10,84.55,0.0,50.730000000000004
2015-05-11,64.97,0.0,38.27
2015-05-12,64.08,0.0,49.84
2015-05-13,65.86,0.0,69.42
2015-05-14,64.08,0.0,76.54
2015-05-15,66.75,0.0,46.28
2015-05-16,85.44,0.0,50.730000000000004
2015-05-17,87.22,0.0,50.730000000000004
2015-05-18,64.08,0.0,50.730000000000004
2015-05-19,64.08,0.0,57.85
2015-05-20,63.19,0.0,64.08
2015-05-21,67.64,0.0,80.1
2015-05-22,68.53,0.0,82.77
2015-05-23,86.33,0.0,52.51
2015-05-24,89.0,0.0,72.09
2015-05-25,80.1,0.0,57.85
2015-05-26,64.08,0.0,77.43
2015-05-27,64.97,0.0,57.85
2015-05-28,68.53,0.0,39.160000000000004
2015-05-29,71.2,0.0,67.64
2015-05-30,86.33,0.0,50.730000000000004
2015-05-31,84.55,0.0,33.82
2015-06-01,51.0,,32.93
2015-06-02,52.0,,45.39
2015-06-03,53.0,,33.82
2015-06-04,55.0,,34.71
2015-06-05,57.0,,40.05
2015-06-06,72.0,,55.18
2015-06-07,74.0,,22.25
2015-06-08,55.0,,30.26
2015-06-09,55.0,,38.27
2015-06-10,57.0,,25.81
2015-06-11,58.0,,31.150000000000002
2015-06-12,59.0,,40.94
2015-06-13,71.0,,45.39
2015-06-14,71.0,,44.5
2015-06-15,55.0,,16.91
2015-06-16,60.0,,34.71
2015-06-17,74.0,,50.730000000000004
2015-06-18,80.0,,30.26
2015-06-19,78.0,,49.84
2015-06-20,98.0,,64.97
2015-06-21,100.0,,22.25
2015-06-22,77.0,,30.26
2015-06-23,78.0,,33.82
2015-06-24,63.0,,51.62
2015-06-25,29.0,,56.07
2015-06-26,21.0,,40.05
2015-06-27,21.0,,32.04
2015-06-28,24.0,,89.0
2015-06-29,19.0,,30.26
2015-06-30,19.0,,33.82
2015-07-01,27.060000000000002,,41.8
2015-07-02,27.720000000000002,,24.7
2015-07-03,28.71,,51.3
2015-07-04,31.020000000000003,,16.15
2015-07-05,32.34,,17.099999999999998
2015-07-06,26.73,,30.4
2015-07-07,30.03,,58.9
2015-07-08,29.37,,59.849999999999994
2015-07-09,29.700000000000003,,54.15
2015-07-10,30.360000000000003,,57.0
2015-07-11,30.360000000000003,,46.55
2015-07-12,31.68,,54.15
2015-07-13,24.09,,76.95
2015-07-14,23.43,,53.199999999999996
2015-07-15,25.740000000000002,,76.95
2015-07-16,27.060000000000002,,42.75
2015-07-17,27.060000000000002,,38.0
2015-07-18,31.020000000000003,,47.5
2015-07-19,33.0,,40.85
2015-07-20,28.05,,75.05
2015-07-21,26.73,,59.849999999999994
2015-07-22,26.07,,54.15
2015-07-23,25.740000000000002,,55.099999999999994
2015-07-24,27.720000000000002,,50.349999999999994
2015-07-25,30.03,,83.6
2015-07-26,29.700000000000003,,61.75
2015-07-27,24.42,,95.0
2015-07-28,27.39,,53.199999999999996
2015-07-29,28.71,,66.5
2015-07-30,28.71,,66.5
2015-07-31,27.060000000000002,,37.05
2015-08-01,30.080000000000002,,14.4
2015-08-02,31.04,,14.4
2015-08-03,26.88,,46.400000000000006
2015-08-04,25.92,,44.800000000000004
2015-08-05,27.84,,56.800000000000004
2015-08-06,26.240000000000002,,23.200000000000003
2015-08-07,26.560000000000002,,0.0
2015-08-08,31.36,,72.8
2015-08-09,31.04,,29.6
2015-08-10,26.560000000000002,,80.0
2015-08-11,25.92,,33.6
2015-08-12,27.52,,34.4
2015-08-13,25.28,,45.6
2015-08-14,28.48,,47.2
2015-08-15,29.76,,57.6
2015-08-16,32.0,,28.8
2015-08-17,26.240000000000002,,34.4
2015-08-18,26.240000000000002,,0.0
2015-08-19,25.6,,11.200000000000001
2015-08-20,26.88,,67.2
2015-08-21,27.84,,34.4
2015-08-22,30.400000000000002,,28.8
2015-08-23,30.400000000000002,,0.0
2015-08-24,29.12,,55.2
2015-08-25,26.560000000000002,,55.2
2015-08-26,25.92,,32.800000000000004
2015-08-27,26.240000000000002,,21.6
2015-08-28,27.2,,56.800000000000004
2015-08-29,31.68,,0.0
2015-08-30,29.44,,55.2
2015-08-31,23.68,,75.2
2015-09-01,23.779999999999998,,93.0
2015-09-02,21.459999999999997,,43.71
2015-09-03,24.36,,43.71
2015-09-04,24.069999999999997,,53.010000000000005
2015-09-05,28.419999999999998,,47.43
2015-09-06,26.099999999999998,,58.59
2015-09-07,25.229999999999997,,63.24
2015-09-08,22.91,,64.17
2015-09-09,20.299999999999997,,63.24
2015-09-10,23.779999999999998,,70.68
2015-09-11,23.779999999999998,,57.660000000000004
2015-09-12,27.839999999999996,,27.900000000000002
2015-09-13,25.81,,80.91000000000001
2015-09-14,22.04,,64.17
2015-09-15,20.88,,77.19
2015-09-16,22.33,,35.34
2015-09-17,23.779999999999998,,64.17
2015-09-18,24.939999999999998,,74.4
2015-09-19,27.259999999999998,,65.10000000000001
2015-09-20,26.97,,63.24
2015-09-21,22.33,,83.7
2015-09-22,20.59,,69.75
2015-09-23,22.91,,84.63000000000001
2015-09-24,22.04,,71.61
2015-09-25,23.2,,88.35000000000001
2015-09-26,28.999999999999996,,46.5
2015-09-27,26.389999999999997,,91.14
2015-09-28,23.779999999999998,,75.33
2015-09-29,24.65,,82.77000000000001
2015-09-30,22.619999999999997,,82.77000000000001
2015-10-01,15.75,0.0,44.84
2015-10-02,16.2,0.0,25.84
2015-10-03,17.55,0.0,66.88
2015-10-04,18.900000000000002,0.0,58.52
2015-10-05,15.75,0.0,76.0
2015-10-06,15.3,0.0,25.080000000000002
2015-10-07,15.75,0.0,35.72
2015-10-08,14.85,0.0,45.6
2015-10-09,16.650000000000002,0.0,36.480000000000004
2015-10-10,18.900000000000002,0.0,40.28
2015-10-11,18.45,0.0,60.8
2015-10-12,15.3,0.0,51.68
2015-10-13,14.85,0.0,44.84
2015-10-14,27.900000000000002,0.0,39.52
2015-10-15,35.1,0.0,40.28
2015-10-16,35.1,0.0,25.84
2015-10-17,42.75,0.0,53.2
2015-10-18,40.050000000000004,0.0,25.84
2015-10-19,32.85,0.0,60.04
2015-10-20,32.4,0.0,48.64
2015-10-21,33.75,0.0,29.64
2015-10-22,31.5,0.0,9.88
2015-10-23,31.95,0.0,35.72
2015-10-24,38.25,0.0,25.84
2015-10-25,36.9,0.0,31.92
2015-10-26,31.05,0.0,34.2
2015-10-27,28.8,0.0,43.32
2015-10-28,29.7,0.0,57.76
2015-10-29,31.05,0.0,24.32
2015-10-30,32.85,0.0,20.52
2015-10-31,45.0,0.0,45.6
2015-11-01,55.5,0.0,25.110000000000003
2015-11-02,40.7,0.0,17.82
2015-11-03,42.92,0.0,44.550000000000004
2015-11-04,45.14,0.0,54.27
2015-11-05,47.36,0.0,55.080000000000005
2015-11-06,45.88,0.0,46.980000000000004
2015-11-07,56.24,0.0,71.28
2015-11-08,55.5,0.0,35.64
2015-11-09,43.66,15.84,63.99
2015-11-10,45.88,0.0,35.64
2015-11-11,57.72,0.0,66.42
2015-11-12,57.72,0.0,28.35
2015-11-13,61.42,0.0,38.88
2015-11-14,74.0,0.0,35.64
2015-11-15,74.0,0.0,47.790000000000006
2015-11-16,56.24,0.0,63.99
2015-11-17,56.98,0.0,17.82
2015-11-18,54.019999999999996,16.0,46.17
2015-11-19,55.5,0.0,18.630000000000003
2015-11-20,54.76,0.0,56.7
2015-11-21,66.6,0.0,0.0
2015-11-22,65.86,0.0,23.490000000000002
2015-11-23,50.32,0.0,37.260000000000005
2015-11-24,42.92,0.0,18.630000000000003
2015-11-25,43.66,0.0,40.5
2015-11-26,60.68,0.0,24.3
2015-11-27,57.72,0.0,11.34
2015-11-28,57.72,0.0,34.830000000000005
2015-11-29,56.24,0.0,81.0
2015-11-30,39.22,0.0,25.92
2015-12-01,43.45,0.0,51.12
2015-12-02,42.900000000000006,0.0,61.919999999999995
2015-12-03,40.7,0.0,31.68
2015-12-04,42.900000000000006,0.0,21.599999999999998
2015-12-05,51.150000000000006,0.0,41.04
2015-12-06,52.25000000000001,0.0,41.04
2015-12-07,40.150000000000006,0.0,30.959999999999997
2015-12-08,41.25,0.0,61.919999999999995
2015-12-09,42.35,0.0,41.76
2015-12-10,44.550000000000004,0.0,31.68
2015-12-11,45.650000000000006,0.0,54.72
2015-12-12,55.00000000000001,0.0,41.76
2015-12-13,51.7,0.0,67.67999999999999
2015-12-14,41.25,0.0,61.919999999999995
2015-12-15,40.150000000000006,0.0,52.559999999999995
2015-12-16,38.5,0.0,21.599999999999998
2015-12-17,37.400000000000006,16.0,22.32
2015-12-18,35.75,0.0,59.04
2015-12-19,42.35,0.0,28.799999999999997
2015-12-20,42.900000000000006,0.0,15.12
2015-12-21,36.300000000000004,0.0,23.759999999999998
2015-12-22,36.300000000000004,0.0,36.0
2015-12-23,40.150000000000006,0.0,61.919999999999995
2015-12-24,42.35,0.0,56.879999999999995
2015-12-25,47.300000000000004,0.0,48.96
2015-12-26,43.45,0.0,44.64
2015-12-27,40.7,0.0,42.48
2015-12-28,40.150000000000006,0.0,72.0
2015-12-29,41.25,0.0,72.0
2015-12-30,41.800000000000004,0.0,48.96
2015-12-31,48.400000000000006,0.0,12.959999999999999
2016-01-01,17.0,0.0,35.1
2016-01-02,9.690000000000001,13.0,38.22
2016-01-03,9.350000000000001,0.0,37.44
2016-01-04,9.520000000000001,10.790000000000001,19.5
2016-01-05,10.200000000000001,0.0,52.260000000000005
2016-01-06,8.67,0.0,78.0
2016-01-07,9.01,0.0,25.740000000000002
2016-01-08,8.67,0.0,13.26
2016-01-09,9.01,0.0,30.42
2016-01-10,9.520000000000001,0.0,35.1
2016-01-11,9.350000000000001,0.0,36.660000000000004
2016-01-12,8.84,0.0,24.96
2016-01-13,8.67,0.0,24.96
2016-01-14,9.520000000000001,0.0,24.18
2016-01-15,9.180000000000001,0.0,19.5
2016-01-16,10.71,0.0,22.62
2016-01-17,8.84,0.0,7.0200000000000005
2016-01-18,9.350000000000001,0.0,39.78
2016-01-19,9.520000000000001,0.0,31.200000000000003
2016-01-20,9.690000000000001,0.0,18.72
2016-01-21,9.860000000000001,0.0,24.96
2016-01-22,9.180000000000001,0.0,19.5
2016-01-23,9.350000000000001,0.0,44.46
2016-01-24,9.520000000000001,0.0,21.84
2016-01-25,9.01,0.0,37.44
2016-01-26,9.01,0.0,50.7
2016-01-27,11.39,0.0,31.200000000000003
2016-01-28,13.260000000000002,0.0,38.22
2016-01-29,10.030000000000001,10.790000000000001,13.26
2016-01-30,9.690000000000001,0.0,30.42
2016-01-31,10.030000000000001,0.0,29.64
2016-02-01,16.830000000000002,0.0,41.8
2016-02-02,14.96,0.0,34.2
2016-02-03,14.96,0.0,14.44
2016-02-04,14.620000000000001,0.0,14.44
2016-02-05,15.98,0.0,14.44
2016-02-06,15.98,0.0,34.2
2016-02-07,15.47,0.0,25.080000000000002
2016-02-08,15.13,0.0,34.2
2016-02-09,15.64,0.0,34.96
2016-02-10,17.0,0.0,48.64
2016-02-11,16.830000000000002,0.0,72.2
2016-02-12,15.64,0.0,37.24
2016-02-13,16.32,0.0,68.4
2016-02-14,15.81,0.0,25.080000000000002
2016-02-15,14.110000000000001,0.0,29.64
2016-02-16,13.940000000000001,0.0,21.28
2016-02-17,15.64,0.0,28.12
2016-02-18,15.47,0.0,28.12
2016-02-19,15.3,0.0,21.28
2016-02-20,16.830000000000002,0.0,34.2
2016-02-21,15.81,0.0,76.0
2016-02-22,16.150000000000002,0.0,34.96
2016-02-23,15.13,0.0,13.68
2016-02-24,15.98,0.0,48.64
2016-02-25,15.3,0.0,28.12
2016-02-26,15.98,0.0,36.480000000000004
2016-02-27,15.98,0.0,17.48
2016-02-28,14.790000000000001,0.0,8.36
2016-02-29,14.450000000000001,0.0,34.2
2016-03-01,11.9,40.8,20.52
2016-03-02,11.9,0.0,40.28
2016-03-03,12.41,0.0,31.16
2016-03-04,12.41,0.0,57.76
2016-03-05,12.58,0.0,43.32
2016-03-06,12.920000000000002,49.47,36.480000000000004
2016-03-07,11.73,0.0,47.12
2016-03-08,12.58,41.31,46.36
2016-03-09,12.750000000000002,0.0,25.84
2016-03-10,12.24,0.0,36.480000000000004
2016-03-11,13.090000000000002,0.0,38.0
2016-03-12,13.260000000000002,0.0,56.24
2016-03-13,12.920000000000002,0.0,61.56
2016-03-14,14.110000000000001,41.82,67.64
2016-03-15,12.58,0.0,72.2
2016-03-16,13.260000000000002,0.0,41.8
2016-03-17,13.090000000000002,42.84,63.84
2016-03-18,13.260000000000002,0.0,60.8
2016-03-19,14.96,51.0,69.92
2016-03-20,15.81,0.0,44.08
2016-03-21,14.96,42.33,73.72
2016-03-22,15.13,42.84,63.84
2016-03-23,14.790000000000001,0.0,53.2
2016-03-24,14.96,43.86,76.0
2016-03-25,14.280000000000001,0.0,28.88
2016-03-26,14.280000000000001,0.0,31.92
2016-03-27,17.0,0.0,53.2
2016-03-28,14.620000000000001,0.0,64.6
2016-03-29,14.620000000000001,42.84,53.2
2016-03-30,15.3,0.0,58.52
2016-03-31,14.280000000000001,42.33,53.2
2016-04-01,15.81,,72.9
2016-04-02,14.790000000000001,,35.64
2016-04-03,14.96,,48.6
2016-04-04,13.600000000000001,,59.940000000000005
2016-04-05,13.940000000000001,,49.410000000000004
2016-04-06,13.940000000000001,,49.410000000000004
2016-04-07,13.430000000000001,,59.940000000000005
2016-04-08,13.940000000000001,,31.590000000000003
2016-04-09,13.770000000000001,,47.790000000000006
2016-04-10,12.920000000000002,,59.13
2016-04-11,13.940000000000001,,59.940000000000005
2016-04-12,12.920000000000002,,39.690000000000005
2016-04-13,12.58,,51.03
2016-04-14,12.920000000000002,,81.0
2016-04-15,12.920000000000002,,10.530000000000001
2016-04-16,13.260000000000002,,50.220000000000006
2016-04-17,14.110000000000001,,50.220000000000006
2016-04-18,12.24,,29.970000000000002
2016-04-19,12.750000000000002,,39.690000000000005
2016-04-20,12.750000000000002,,39.690000000000005
2016-04-21,12.24,,39.690000000000005
2016-04-22,12.24,,61.56
2016-04-23,12.41,,37.260000000000005
2016-04-24,11.22,,25.110000000000003
2016-04-25,14.110000000000001,,49.410000000000004
2016-04-26,13.090000000000002,,48.6
2016-04-27,17.0,,50.220000000000006
2016-04-28,16.490000000000002,,29.970000000000002
2016-04-29,13.600000000000001,,62.370000000000005
2016-04-30,12.07,,47.790000000000006
2016-05-01,12.9,0.0,17.22
2016-05-02,14.1,0.0,50.839999999999996
2016-05-03,13.2,0.0,50.839999999999996
2016-05-04,14.399999999999999,0.0,50.019999999999996
2016-05-05,14.1,0.0,51.66
2016-05-06,13.5,26.0,7.38
2016-05-07,14.399999999999999,0.0,27.06
2016-05-08,14.25,0.0,36.9
2016-05-09,13.95,0.0,82.0
2016-05-10,13.65,0.0,50.839999999999996
2016-05-11,13.5,0.0,30.34
2016-05-12,13.799999999999999,0.0,45.099999999999994
2016-05-13,13.5,26.0,38.54
2016-05-14,14.1,0.0,36.9
2016-05-15,13.799999999999999,0.0,45.099999999999994
2016-05-16,13.799999999999999,0.0,82.0
2016-05-17,13.95,0.0,29.52
2016-05-18,14.7,0.0,59.86
2016-05-19,13.5,0.0,22.959999999999997
2016-05-20,13.65,0.0,46.739999999999995
2016-05-21,13.799999999999999,0.0,27.88
2016-05-22,13.65,0.0,9.02
2016-05-23,13.65,0.0,52.48
2016-05-24,13.65,0.0,37.72
2016-05-25,13.65,0.0,0.0
2016-05-26,13.049999999999999,0.0,77.08
2016-05-27,14.399999999999999,0.0,31.979999999999997
2016-05-28,15.0,0.0,65.6
2016-05-29,13.35,0.0,9.84
2016-05-30,13.65,0.0,36.08
2016-05-31,13.95,0.0,22.959999999999997
2016-06-01,15.68,0.0,44.519999999999996
2016-06-02,14.24,0.0,45.36
2016-06-03,15.200000000000001,0.0,23.52
2016-06-04,14.88,0.0,52.919999999999995
2016-06-05,13.92,0.0,52.919999999999995
2016-06-06,14.4,0.0,52.08
2016-06-07,15.200000000000001,0.0,22.68
2016-06-08,15.040000000000001,0.0,45.36
2016-06-09,15.200000000000001,0.0,69.72
2016-06-10,14.56,0.0,24.36
2016-06-11,14.24,0.0,9.24
2016-06-12,14.88,0.0,36.12
2016-06-13,14.88,0.0,46.199999999999996
2016-06-14,14.72,0.0,30.24
2016-06-15,14.08,0.0,84.0
2016-06-16,15.52,0.0,38.64
2016-06-17,13.6,0.0,23.52
2016-06-18,16.0,0.0,27.72
2016-06-19,15.84,0.0,57.12
2016-06-20,15.36,0.0,37.8
2016-06-21,14.72,0.0,75.6
2016-06-22,14.08,0.0,38.64
2016-06-23,13.92,0.0,62.16
2016-06-24,15.84,0.0,23.52
2016-06-25,15.36,0.0,27.72
2016-06-26,14.08,0.0,36.96
2016-06-27,15.68,0.0,45.36
2016-06-28,13.6,0.0,46.199999999999996
2016-06-29,15.200000000000001,0.0,30.24
2016-06-30,14.72,28.000000000000004,23.52
2016-07-01,12.41,0.0,58.5
2016-07-02,11.39,0.0,52.5
2016-07-03,11.73,0.0,48.75
2016-07-04,12.07,0.0,62.25
2016-07-05,11.73,0.0,23.25
2016-07-06,11.73,0.0,21.75
2016-07-07,12.24,0.0,57.75
2016-07-08,11.73,0.0,49.5
2016-07-09,11.56,27.0,61.5
2016-07-10,10.88,0.0,26.25
2016-07-11,11.73,0.0,45.0
2016-07-12,11.39,22.950000000000003,48.75
2016-07-13,11.9,0.0,45.75
2016-07-14,11.56,0.0,42.75
2016-07-15,11.9,0.0,45.75
2016-07-16,11.22,0.0,31.5
2016-07-17,12.920000000000002,0.0,47.25
2016-07-18,12.58,0.0,44.25
2016-07-19,12.920000000000002,0.0,75.0
2016-07-20,11.9,0.0,22.5
2016-07-21,12.07,0.0,31.5
2016-07-22,13.600000000000001,0.0,36.0
2016-07-23,11.73,0.0,36.0
2016-07-24,11.56,0.0,15.75
2016-07-25,12.920000000000002,0.0,34.5
2016-07-26,13.260000000000002,0.0,34.5
2016-07-27,16.150000000000002,0.0,52.5
2016-07-28,17.0,0.0,48.0
2016-07-29,14.790000000000001,0.0,44.25
2016-07-30,13.600000000000001,0.0,36.0
2016-07-31,14.110000000000001,0.0,30.75
2016-08-01,15.81,0.0,40.32
2016-08-02,14.280000000000001,0.0,72.0
2016-08-03,15.13,0.0,64.08
2016-08-04,16.490000000000002,0.0,69.12
2016-08-05,16.66,0.0,48.239999999999995
2016-08-06,16.32,0.0,22.32
2016-08-07,17.0,0.0,28.08
2016-08-08,16.150000000000002,0.0,32.4
2016-08-09,16.830000000000002,0.0,41.04
2016-08-10,14.790000000000001,0.0,18.72
2016-08-11,15.13,0.0,38.879999999999995
2016-08-12,14.280000000000001,0.0,28.799999999999997
2016-08-13,16.32,0.0,33.12
2016-08-14,16.490000000000002,0.0,44.64
2016-08-15,15.64,0.0,42.48
2016-08-16,15.3,0.0,38.16
2016-08-17,15.3,0.0,48.239999999999995
2016-08-18,14.96,0.0,29.52
2016-08-19,14.96,0.0,39.6
2016-08-20,15.81,0.0,33.839999999999996
2016-08-21,14.790000000000001,0.0,61.919999999999995
2016-08-22,15.64,0.0,28.799999999999997
2016-08-23,15.47,0.0,33.12
2016-08-24,15.13,0.0,32.4
2016-08-25,16.150000000000002,0.0,30.959999999999997
2016-08-26,14.450000000000001,0.0,54.0
2016-08-27,15.13,0.0,36.72
2016-08-28,14.110000000000001,0.0,25.919999999999998
2016-08-29,12.750000000000002,0.0,52.559999999999995
2016-08-30,12.750000000000002,0.0,51.839999999999996
2016-08-31,13.600000000000001,0.0,39.6
2016-09-01,13.76,0.0,44.73
2016-09-02,15.040000000000001,0.0,56.089999999999996
2016-09-03,14.08,0.0,52.54
2016-09-04,15.36,0.0,12.07
2016-09-05,15.040000000000001,0.0,39.05
2016-09-06,15.36,0.0,43.309999999999995
2016-09-07,13.92,0.0,53.25
2016-09-08,14.56,0.0,48.989999999999995
2016-09-09,14.88,0.0,30.529999999999998
2016-09-10,16.0,0.0,22.72
2016-09-11,12.8,0.0,22.72
2016-09-12,14.72,0.0,34.08
2016-09-13,14.08,0.0,48.28
2016-09-14,14.56,0.0,39.05
2016-09-15,15.36,0.0,44.019999999999996
2016-09-16,14.08,0.0,40.47
2016-09-17,15.68,0.0,23.43
2016-09-18,13.76,0.0,60.349999999999994
2016-09-19,14.4,0.0,37.629999999999995
2016-09-20,12.96,13.0,38.339999999999996
2016-09-21,14.56,0.0,19.169999999999998
2016-09-22,14.72,0.0,58.22
2016-09-23,14.56,0.0,19.88
2016-09-24,14.4,0.0,71.0
2016-09-25,13.76,0.0,17.04
2016-09-26,13.44,0.0,52.54
2016-09-27,14.24,0.0,48.28
2016-09-28,14.24,0.0,34.08
2016-09-29,13.6,0.0,39.05
2016-09-30,14.24,0.0,35.5
2016-10-01,14.110000000000001,0.0,16.0
2016-10-02,12.750000000000002,0.0,41.6
2016-10-03,12.24,0.0,44.160000000000004
2016-10-04,12.58,0.0,39.68
2016-10-05,12.920000000000002,0.0,49.28
2016-10-06,12.24,0.0,48.64
2016-10-07,12.750000000000002,0.0,55.04
2016-10-08,13.090000000000002,0.0,32.0
2016-10-09,13.260000000000002,0.0,21.12
2016-10-10,13.430000000000001,0.0,18.56
2016-10-11,12.58,0.0,58.24
2016-10-12,12.920000000000002,0.0,44.800000000000004
2016-10-13,14.790000000000001,0.0,45.44
2016-10-14,13.600000000000001,0.0,37.76
2016-10-15,13.770000000000001,0.0,32.64
2016-10-16,14.96,0.0,26.240000000000002
2016-10-17,14.280000000000001,0.0,26.88
2016-10-18,14.450000000000001,0.0,44.800000000000004
2016-10-19,15.13,0.0,32.0
2016-10-20,13.940000000000001,0.0,48.64
2016-10-21,15.13,0.0,14.08
2016-10-22,15.64,0.0,44.800000000000004
2016-10-23,15.3,0.0,26.88
2016-10-24,15.13,0.0,22.400000000000002
2016-10-25,15.47,0.0,39.04
2016-10-26,14.96,0.0,39.68
2016-10-27,15.3,25.0,39.68
2016-10-28,15.47,0.0,64.0
2016-10-29,17.0,0.0,53.76
2016-10-30,14.96,0.0,26.240000000000002
2016-10-31,15.81,0.0,30.72
2016-11-01,14.790000000000001,0.0,33.660000000000004
2016-11-02,16.490000000000002,0.0,23.1
2016-11-03,17.0,0.0,52.800000000000004
2016-11-04,13.600000000000001,0.0,62.040000000000006
2016-11-05,12.920000000000002,0.0,28.380000000000003
2016-11-06,13.430000000000001,0.0,37.620000000000005
2016-11-07,12.07,0.0,49.5
2016-11-08,12.24,0.0,38.940000000000005
2016-11-09,11.9,0.0,66.0
2016-11-10,14.280000000000001,13.0,50.82
2016-11-11,14.450000000000001,0.0,28.380000000000003
2016-11-12,13.770000000000001,0.0,33.0
2016-11-13,12.750000000000002,0.0,21.78
2016-11-14,13.260000000000002,0.0,36.300000000000004
2016-11-15,12.920000000000002,0.0,40.260000000000005
2016-11-16,14.110000000000001,0.0,50.160000000000004
2016-11-17,12.920000000000002,13.0,36.96
2016-11-18,13.090000000000002,0.0,32.34
2016-11-19,13.090000000000002,0.0,60.720000000000006
2016-11-20,13.600000000000001,0.0,31.68
2016-11-21,12.58,0.0,59.400000000000006
2016-11-22,13.770000000000001,0.0,46.2
2016-11-23,13.090000000000002,0.0,15.180000000000001
2016-11-24,12.750000000000002,0.0,33.0
2016-11-25,12.920000000000002,0.0,20.46
2016-11-26,12.24,0.0,41.580000000000005
2016-11-27,13.090000000000002,0.0,21.12
2016-11-28,10.540000000000001,11.700000000000001,33.0
2016-11-29,12.58,0.0,37.620000000000005
2016-11-30,12.920000000000002,0.0,34.32
2016-12-01,15.040000000000001,,33.92
2016-12-02,14.4,,42.88
2016-12-03,16.0,,50.56
2016-12-04,14.4,,37.76
2016-12-05,14.08,,64.0
2016-12-06,14.24,,43.52
2016-12-07,14.56,,41.6
2016-12-08,16.0,,24.96
2016-12-09,15.84,,61.44
2016-12-10,15.36,,40.96
2016-12-11,15.52,,19.84
2016-12-12,15.200000000000001,,36.480000000000004
2016-12-13,14.72,,45.44
2016-12-14,14.4,,41.6
2016-12-15,12.96,,29.44
2016-12-16,13.6,,35.84
2016-12-17,13.92,,40.96
2016-12-18,13.120000000000001,,35.84
2016-12-19,13.120000000000001,,35.2
2016-12-20,13.76,,49.92
2016-12-21,14.24,,41.6
2016-12-22,14.08,,14.08
2016-12-23,13.76,,39.04
2016-12-24,14.24,,21.76
2016-12-25,14.24,,34.56
2016-12-26,14.24,,35.84
2016-12-27,12.64,,46.08
2016-12-28,13.76,,32.64
2016-12-29,14.24,,23.04
2016-12-30,13.44,,56.96
2016-12-31,13.44,,39.68
2017-01-01,16.150000000000002,0.0,19.040000000000003
2017-01-02,14.620000000000001,0.0,49.64
2017-01-03,15.13,0.0,46.92
2017-01-04,15.3,0.0,23.8
2017-01-05,15.3,0.0,55.080000000000005
2017-01-06,17.0,0.0,47.6
2017-01-07,15.13,0.0,36.04
2017-01-08,15.64,0.0,17.68
2017-01-09,14.450000000000001,0.0,44.88
2017-01-10,16.150000000000002,0.0,29.92
2017-01-11,15.3,0.0,53.720000000000006
2017-01-12,14.790000000000001,0.0,23.12
2017-01-13,15.47,0.0,46.24
2017-01-14,14.790000000000001,0.0,8.84
2017-01-15,14.450000000000001,0.0,26.520000000000003
2017-01-16,15.47,0.0,39.440000000000005
2017-01-17,14.790000000000001,24.0,52.36000000000001
2017-01-18,15.47,0.0,22.44
2017-01-19,15.13,0.0,37.400000000000006
2017-01-20,15.81,0.0,14.96
2017-01-21,14.620000000000001,0.0,35.36
2017-01-22,15.3,0.0,42.84
2017-01-23,15.47,0.0,36.04
2017-01-24,14.620000000000001,0.0,29.92
2017-01-25,15.3,0.0,68.0
2017-01-26,15.81,0.0,29.240000000000002
2017-01-27,16.150000000000002,0.0,38.080000000000005
2017-01-28,16.490000000000002,0.0,8.84
2017-01-29,15.64,0.0,34.68
2017-01-30,15.3,0.0,43.52
2017-01-31,15.81,0.0,66.64
2017-02-01,16.0,0.0,38.190000000000005
2017-02-02,15.200000000000001,0.0,46.900000000000006
2017-02-03,13.280000000000001,0.0,40.2
2017-02-04,12.8,0.0,37.52
2017-02-05,12.32,0.0,36.18
2017-02-06,12.16,0.0,67.0
2017-02-07,12.48,0.0,30.150000000000002
2017-02-08,12.96,0.0,39.53
2017-02-09,12.8,0.0,39.53
2017-02-10,12.32,0.0,24.12
2017-02-11,13.44,0.0,28.810000000000002
2017-02-12,12.32,0.0,18.76
2017-02-13,11.68,0.0,44.89
2017-02-14,14.08,0.0,23.450000000000003
2017-02-15,12.48,0.0,40.2
2017-02-16,12.96,0.0,30.82
2017-02-17,13.76,0.0,38.86
2017-02-18,12.32,0.0,37.52
2017-02-19,12.64,0.0,9.38
2017-02-20,11.84,0.0,56.95
2017-02-21,12.64,0.0,38.86
2017-02-22,12.16,0.0,46.230000000000004
2017-02-23,12.32,0.0,15.41
2017-02-24,12.96,10.2,48.24
2017-02-25,12.16,12.0,9.38
2017-02-26,12.0,0.0,36.18
2017-02-27,11.040000000000001,0.0,28.810000000000002
2017-02-28,11.84,0.0,29.48
2017-03-01,14.25,0.0,38.43
2017-03-02,14.399999999999999,0.0,29.89
2017-03-03,12.75,0.0,27.45
2017-03-04,14.399999999999999,0.0,21.349999999999998
2017-03-05,13.95,45.0,15.86
2017-03-06,13.2,0.0,61.0
2017-03-07,12.9,0.0,29.28
2017-03-08,14.25,37.800000000000004,13.42
2017-03-09,14.1,0.0,13.42
2017-03-10,13.65,0.0,22.57
2017-03-11,13.65,0.0,15.86
2017-03-12,11.85,0.0,25.009999999999998
2017-03-13,14.25,0.0,17.08
2017-03-14,13.35,37.800000000000004,40.26
2017-03-15,14.549999999999999,0.0,18.3
2017-03-16,13.799999999999999,0.0,4.27
2017-03-17,14.549999999999999,0.0,23.79
2017-03-18,14.85,0.0,27.45
2017-03-19,13.35,0.0,27.45
2017-03-20,12.6,0.0,26.84
2017-03-21,13.799999999999999,0.0,18.3
2017-03-22,13.2,0.0,22.57
2017-03-23,13.95,0.0,18.3
2017-03-24,13.35,0.0,23.18
2017-03-25,14.1,0.0,49.41
2017-03-26,15.0,0.0,10.98
2017-03-27,14.399999999999999,0.0,45.14
2017-03-28,14.549999999999999,0.0,40.87
2017-03-29,13.95,0.0,27.45
2017-03-30,13.5,0.0,23.18
2017-03-31,13.65,0.0,28.06
2017-04-01,12.32,0.0,34.02
2017-04-02,12.64,0.0,38.43
2017-04-03,12.16,0.0,34.65
2017-04-04,12.64,0.0,31.5
2017-04-05,12.32,0.0,38.43
2017-04-06,11.68,0.0,38.43
2017-04-07,12.0,0.0,28.98
2017-04-08,12.16,0.0,22.05
2017-04-09,12.32,0.0,17.64
2017-04-10,11.36,0.0,32.13
2017-04-11,12.16,0.0,46.62
2017-04-12,11.84,0.0,57.33
2017-04-13,12.8,0.0,18.27
2017-04-14,11.68,0.0,63.0
2017-04-15,12.48,0.0,35.28
2017-04-16,13.44,0.0,27.09
2017-04-17,16.0,0.0,24.57
2017-04-18,15.52,0.0,27.72
2017-04-19,12.32,0.0,28.35
2017-04-20,13.120000000000001,24.0,32.13
2017-04-21,12.16,0.0,29.61
2017-04-22,11.68,0.0,21.42
2017-04-23,12.64,0.0,30.240000000000002
2017-04-24,11.36,0.0,27.72
2017-04-25,12.64,0.0,31.5
2017-04-26,12.48,0.0,38.43
2017-04-27,12.32,0.0,27.72
2017-04-28,13.120000000000001,0.0,32.76
2017-04-29,12.64,0.0,34.65
2017-04-30,12.16,0.0,38.43
2017-05-01,12.0,0.0,33.39
2017-05-02,12.9,0.0,53.0
2017-05-03,15.0,0.0,43.46
2017-05-04,13.049999999999999,0.0,6.890000000000001
2017-05-05,12.45,0.0,28.09
2017-05-06,11.25,0.0,29.68
2017-05-07,10.65,0.0,20.67
2017-05-08,11.25,18.48,13.25
2017-05-09,11.4,0.0,50.88
2017-05-10,11.85,0.0,23.85
2017-05-11,11.549999999999999,0.0,28.09
2017-05-12,11.25,0.0,35.510000000000005
2017-05-13,11.7,0.0,25.44
2017-05-14,12.15,0.0,30.21
2017-05-15,11.4,20.16,25.44
2017-05-16,11.25,0.0,21.73
2017-05-17,11.7,0.0,32.86
2017-05-18,11.549999999999999,0.0,18.02
2017-05-19,11.7,0.0,26.5
2017-05-20,11.549999999999999,0.0,44.52
2017-05-21,11.25,0.0,22.26
2017-05-22,11.1,0.0,46.64
2017-05-23,11.1,0.0,17.490000000000002
2017-05-24,11.4,0.0,29.150000000000002
2017-05-25,10.95,0.0,25.44
2017-05-26,11.25,0.0,27.03
2017-05-27,10.95,0.0,28.09
2017-05-28,10.5,0.0,32.86
2017-05-29,11.25,24.0,38.690000000000005
2017-05-30,10.799999999999999,0.0,25.44
2017-05-31,10.5,0.0,38.690000000000005
2017-06-01,12.32,0.0,0.0
2017-06-02,13.3,0.0,14.790000000000001
2017-06-03,12.32,0.0,16.830000000000002
2017-06-04,12.600000000000001,0.0,24.990000000000002
2017-06-05,13.440000000000001,0.0,13.77
2017-06-06,12.180000000000001,0.0,13.77
2017-06-07,12.600000000000001,17.94,28.05
2017-06-08,11.620000000000001,0.0,20.91
2017-06-09,13.860000000000001,0.0,0.0
2017-06-10,12.180000000000001,0.0,16.830000000000002
2017-06-11,11.9,0.0,26.01
2017-06-12,13.020000000000001,0.0,28.05
2017-06-13,13.020000000000001,0.0,34.17
2017-06-14,13.580000000000002,0.0,20.91
2017-06-15,13.160000000000002,18.46,21.93
2017-06-16,12.180000000000001,0.0,0.0
2017-06-17,12.180000000000001,21.580000000000002,51.0
2017-06-18,12.180000000000001,0.0,26.01
2017-06-19,12.32,0.0,20.91
2017-06-20,12.040000000000001,0.0,6.63
2017-06-21,13.440000000000001,0.0,27.03
2017-06-22,12.740000000000002,0.0,13.77
2017-06-23,12.180000000000001,26.0,34.17
2017-06-24,11.06,21.060000000000002,49.980000000000004
2017-06-25,11.06,0.0,17.34
2017-06-26,11.620000000000001,0.0,14.280000000000001
2017-06-27,12.32,0.0,21.93
2017-06-28,14.000000000000002,0.0,37.230000000000004
2017-06-29,12.46,0.0,7.65
2017-06-30,11.9,0.0,30.6
2017-07-01,8.32,0.0,15.34
2017-07-02,8.97,0.0,48.379999999999995
2017-07-03,9.36,0.0,14.16
2017-07-04,8.450000000000001,0.0,23.599999999999998
2017-07-05,8.450000000000001,0.0,48.97
2017-07-06,8.71,0.0,6.489999999999999
2017-07-07,8.97,0.0,6.489999999999999
2017-07-08,8.71,51.0,30.09
2017-07-09,8.06,0.0,23.599999999999998
2017-07-10,9.620000000000001,0.0,19.47
2017-07-11,8.84,0.0,59.0
2017-07-12,9.49,0.0,25.959999999999997
2017-07-13,9.1,44.37,26.549999999999997
2017-07-14,8.84,0.0,6.489999999999999
2017-07-15,8.32,0.0,15.34
2017-07-16,8.32,0.0,23.599999999999998
2017-07-17,9.49,0.0,0.0
2017-07-18,9.49,0.0,12.979999999999999
2017-07-19,10.27,0.0,26.549999999999997
2017-07-20,8.71,0.0,19.47
2017-07-21,9.75,0.0,6.489999999999999
2017-07-22,8.71,0.0,44.839999999999996
2017-07-23,8.71,0.0,15.34
2017-07-24,9.620000000000001,0.0,46.019999999999996
2017-07-25,10.01,0.0,39.53
2017-07-26,13.0,43.35,19.47
2017-07-27,13.0,0.0,25.959999999999997
2017-07-28,9.88,0.0,26.549999999999997
2017-07-29,8.19,0.0,22.419999999999998
2017-07-30,8.450000000000001,0.0,31.27
2017-07-31,9.1,0.0,12.979999999999999
2017-08-01,13.580000000000002,0.0,17.11
2017-08-02,13.860000000000001,0.0,16.52
2017-08-03,13.160000000000002,0.0,28.91
2017-08-04,12.600000000000001,0.0,30.09
2017-08-05,11.48,0.0,14.16
2017-08-06,12.46,0.0,0.0
2017-08-07,12.46,19.919999999999998,56.05
2017-08-08,13.160000000000002,0.0,5.31
2017-08-09,13.160000000000002,0.0,34.22
2017-08-10,13.160000000000002,0.0,41.3
2017-08-11,12.740000000000002,0.0,30.09
2017-08-12,13.020000000000001,0.0,6.489999999999999
2017-08-13,11.9,0.0,54.279999999999994
2017-08-14,13.860000000000001,0.0,59.0
2017-08-15,13.580000000000002,0.0,23.009999999999998
2017-08-16,14.000000000000002,0.0,23.599999999999998
2017-08-17,12.600000000000001,0.0,5.8999999999999995
2017-08-18,13.3,0.0,5.8999999999999995
2017-08-19,12.600000000000001,0.0,20.65
2017-08-20,11.760000000000002,24.0,40.12
2017-08-21,12.88,0.0,16.52
2017-08-22,13.3,0.0,28.91
2017-08-23,12.88,0.0,17.11
2017-08-24,12.600000000000001,0.0,46.019999999999996
2017-08-25,13.020000000000001,0.0,29.5
2017-08-26,13.160000000000002,0.0,33.629999999999995
2017-08-27,12.180000000000001,0.0,0.0
2017-08-28,12.46,0.0,17.11
2017-08-29,12.740000000000002,0.0,17.11
2017-08-30,13.860000000000001,0.0,23.009999999999998
2017-08-31,13.3,19.919999999999998,50.739999999999995
2017-09-01,11.83,0.0,26.22
2017-09-02,11.440000000000001,0.0,25.65
2017-09-03,10.4,0.0,21.659999999999997
2017-09-04,11.05,0.0,16.529999999999998
2017-09-05,10.01,0.0,34.769999999999996
2017-09-06,10.66,0.0,17.099999999999998
2017-09-07,10.66,0.0,14.249999999999998
2017-09-08,10.66,35.64,56.99999999999999
2017-09-09,10.92,0.0,16.529999999999998
2017-09-10,10.66,0.0,33.059999999999995
2017-09-11,11.700000000000001,0.0,25.08
2017-09-12,10.92,35.28,28.499999999999996
2017-09-13,10.92,0.0,25.08
2017-09-14,11.700000000000001,0.0,25.08
2017-09-15,10.4,0.0,18.24
2017-09-16,11.440000000000001,0.0,30.209999999999997
2017-09-17,10.27,0.0,25.08
2017-09-18,11.05,0.0,31.919999999999998
2017-09-19,10.790000000000001,0.0,35.339999999999996
2017-09-20,10.530000000000001,0.0,35.339999999999996
2017-09-21,11.700000000000001,0.0,18.24
2017-09-22,11.05,0.0,18.81
2017-09-23,13.0,0.0,21.659999999999997
2017-09-24,11.05,0.0,21.09
2017-09-25,11.57,0.0,25.08
2017-09-26,11.700000000000001,0.0,21.09
2017-09-27,11.83,36.0,25.08
2017-09-28,11.05,0.0,14.249999999999998
2017-09-29,11.57,0.0,41.04
2017-09-30,12.35,0.0,48.449999999999996
2017-10-01,11.700000000000001,0.0,12.979999999999999
2017-10-02,11.31,0.0,15.34
2017-10-03,11.700000000000001,11.5,5.31
2017-10-04,11.05,23.0,10.62
2017-10-05,11.440000000000001,0.0,5.31
2017-10-06,11.05,0.0,21.83
2017-10-07,11.700000000000001,0.0,31.86
2017-10-08,11.83,0.0,24.779999999999998
2017-10-09,11.31,11.270000000000001,10.62
2017-10-10,11.31,0.0,5.31
2017-10-11,11.83,11.270000000000001,5.31
2017-10-12,11.31,0.0,26.549999999999997
2017-10-13,11.57,0.0,0.0
2017-10-14,11.57,0.0,12.979999999999999
2017-10-15,11.83,0.0,12.979999999999999
2017-10-16,12.09,0.0,31.86
2017-10-17,12.09,0.0,37.76
2017-10-18,11.57,11.5,31.86
2017-10-19,11.18,0.0,32.449999999999996
2017-10-20,10.27,11.96,16.52
2017-10-21,11.18,0.0,59.0
2017-10-22,11.700000000000001,13.57,6.489999999999999
2017-10-23,11.18,0.0,31.27
2017-10-24,11.31,0.0,26.549999999999997
2017-10-25,11.57,0.0,15.93
2017-10-26,10.790000000000001,0.0,15.93
2017-10-27,12.35,0.0,16.52
2017-10-28,11.31,0.0,31.86
2017-10-29,11.83,0.0,25.369999999999997
2017-10-30,12.22,0.0,31.86
2017-10-31,13.0,0.0,54.87
2017-11-01,12.0,0.0,26.0
2017-11-02,9.48,12.0,31.200000000000003
2017-11-03,9.0,0.0,19.240000000000002
2017-11-04,8.28,0.0,7.28
2017-11-05,7.08,0.0,36.92
2017-11-06,7.56,0.0,24.96
2017-11-07,8.16,12.0,37.44
2017-11-08,8.52,0.0,18.72
2017-11-09,8.64,0.0,31.720000000000002
2017-11-10,7.68,0.0,46.28
2017-11-11,7.92,0.0,22.36
2017-11-12,7.8,0.0,52.0
2017-11-13,8.16,0.0,18.72
2017-11-14,7.4399999999999995,0.0,31.200000000000003
2017-11-15,7.4399999999999995,0.0,12.48
2017-11-16,7.4399999999999995,0.0,18.72
2017-11-17,7.08,0.0,26.0
2017-11-18,7.56,0.0,0.0
2017-11-19,6.96,0.0,22.880000000000003
2017-11-20,7.08,0.0,6.24
2017-11-21,7.68,0.0,32.76
2017-11-22,8.16,0.0,14.040000000000001
2017-11-23,7.319999999999999,0.0,30.68
2017-11-24,7.08,0.0,21.84
2017-11-25,7.08,0.0,29.12
2017-11-26,7.4399999999999995,0.0,15.08
2017-11-27,6.4799999999999995,0.0,11.96
2017-11-28,6.84,0.0,30.16
2017-11-29,7.92,11.879999999999999,18.72
2017-11-30,7.199999999999999,0.0,37.44
2017-12-01,10.34,0.0,33.39
2017-12-02,10.23,0.0,39.22
2017-12-03,9.790000000000001,0.0,30.740000000000002
2017-12-04,10.34,0.0,39.22
2017-12-05,10.56,0.0,25.44
2017-12-06,9.57,0.0,6.36
2017-12-07,10.89,19.68,32.86
2017-12-08,10.56,20.16,20.14
2017-12-09,9.9,24.0,39.75
2017-12-10,10.01,0.0,47.7
2017-12-11,9.790000000000001,0.0,45.050000000000004
2017-12-12,10.34,0.0,32.33
2017-12-13,10.34,0.0,19.61
2017-12-14,9.68,0.0,20.14
2017-12-15,9.57,0.0,6.890000000000001
2017-12-16,9.35,0.0,32.33
2017-12-17,8.8,0.0,31.8
2017-12-18,10.34,0.0,33.92
2017-12-19,10.56,20.64,27.560000000000002
2017-12-20,10.56,0.0,21.200000000000003
2017-12-21,11.0,0.0,29.150000000000002
2017-12-22,10.01,0.0,30.740000000000002
2017-12-23,9.9,0.0,24.91
2017-12-24,9.35,0.0,34.45
2017-12-25,10.34,0.0,9.01
2017-12-26,10.56,0.0,23.85
2017-12-27,10.12,0.0,37.1
2017-12-28,10.45,0.0,44.52
2017-12-29,9.9,0.0,53.0
2017-12-30,9.57,0.0,0.0
2017-12-31,9.790000000000001,0.0,39.75
2018-01-01,7.59,0.0,20.240000000000002
2018-01-02,8.03,0.0,35.42
2018-01-03,8.58,0.0,20.7
2018-01-04,8.8,0.0,23.92
2018-01-05,8.25,0.0,14.26
2018-01-06,7.48,0.0,11.96
2018-01-07,7.48,0.0,38.64
2018-01-08,7.7,0.0,23.0
2018-01-09,8.03,0.0,26.220000000000002
2018-01-10,8.36,0.0,30.360000000000003
2018-01-11,8.47,0.0,20.240000000000002
2018-01-12,10.56,0.0,20.240000000000002
2018-01-13,8.03,0.0,19.78
2018-01-14,7.7,0.0,11.5
2018-01-15,7.81,49.84,31.740000000000002
2018-01-16,8.91,0.0,36.34
2018-01-17,8.47,46.480000000000004,46.0
2018-01-18,9.02,0.0,26.68
2018-01-19,7.59,0.0,30.82
2018-01-20,7.92,56.00000000000001,39.56
2018-01-21,8.25,0.0,27.14
2018-01-22,8.03,0.0,12.88
2018-01-23,8.8,0.0,26.220000000000002
2018-01-24,9.13,0.0,26.68
2018-01-25,8.8,0.0,13.34
2018-01-26,8.69,0.0,10.120000000000001
2018-01-27,7.59,0.0,43.24
2018-01-28,7.81,0.0,31.28
2018-01-29,9.46,0.0,16.1
2018-01-30,8.58,0.0,19.32
2018-01-31,11.0,46.480000000000004,16.560000000000002
2018-02-01,11.0,0.0,24.91
2018-02-02,8.8,60.0,25.970000000000002
2018-02-03,8.58,0.0,30.21
2018-02-04,7.04,0.0,11.66
2018-02-05,8.25,0.0,9.540000000000001
2018-02-06,8.47,0.0,14.84
2018-02-07,8.47,0.0,19.61
2018-02-08,8.47,0.0,14.84
2018-02-09,9.46,0.0,15.370000000000001
2018-02-10,7.81,0.0,23.85
2018-02-11,7.15,0.0,5.83
2018-02-12,8.69,0.0,14.84
2018-02-13,7.81,0.0,40.28
2018-02-14,8.69,0.0,25.44
2018-02-15,8.36,0.0,15.370000000000001
2018-02-16,7.92,0.0,25.970000000000002
2018-02-17,7.92,0.0,0.0
2018-02-18,7.92,0.0,42.400000000000006
2018-02-19,7.92,0.0,0.0
2018-02-20,8.14,0.0,30.21
2018-02-21,7.59,0.0,20.14
2018-02-22,7.37,0.0,14.84
2018-02-23,7.7,0.0,10.07
2018-02-24,7.15,0.0,53.0
2018-02-25,7.15,0.0,47.7
2018-02-26,7.81,58.199999999999996,10.07
2018-02-27,8.47,0.0,34.45
2018-02-28,7.48,58.199999999999996,24.91
2018-03-01,6.12,0.0,6.800000000000001
2018-03-02,6.24,0.0,14.280000000000001
2018-03-03,5.76,0.0,17.0
2018-03-04,5.88,0.0,8.84
2018-03-05,6.24,0.0,57.120000000000005
2018-03-06,6.72,0.0,28.560000000000002
2018-03-07,6.0,0.0,14.280000000000001
2018-03-08,6.72,0.0,36.720000000000006
2018-03-09,6.0,0.0,7.48
2018-03-10,5.64,0.0,17.0
2018-03-11,5.76,0.0,51.68000000000001
2018-03-12,6.12,0.0,21.76
2018-03-13,5.88,0.0,36.04
2018-03-14,6.24,0.0,21.76
2018-03-15,6.4799999999999995,0.0,43.52
2018-03-16,6.24,0.0,29.92
2018-03-17,5.52,0.0,34.68
2018-03-18,5.76,50.0,17.68
2018-03-19,9.719999999999999,0.0,36.04
2018-03-20,12.0,100.0,57.800000000000004
2018-03-21,12.0,60.0,14.280000000000001
2018-03-22,10.2,41.0,51.68000000000001
2018-03-23,9.0,42.0,45.56
2018-03-24,7.08,49.0,8.84
2018-03-25,6.4799999999999995,0.0,35.36
2018-03-26,11.16,41.0,22.44
2018-03-27,10.32,83.0,37.400000000000006
2018-03-28,10.2,42.0,68.0
2018-03-29,9.36,0.0,30.6
2018-03-30,6.84,0.0,40.120000000000005
2018-03-31,5.76,50.0,36.04
2018-04-01,7.199999999999999,0.0,8.32
2018-04-02,10.559999999999999,0.0,19.84
2018-04-03,9.84,0.0,19.2
2018-04-04,9.84,0.0,39.04
2018-04-05,9.959999999999999,0.0,23.04
2018-04-06,9.0,0.0,33.92
2018-04-07,7.08,0.0,23.04
2018-04-08,6.6,0.0,15.36
2018-04-09,8.4,29.749999999999996,35.2
2018-04-10,11.16,29.4,64.0
2018-04-11,12.0,0.0,25.6
2018-04-12,9.6,30.45,19.84
2018-04-13,8.76,0.0,26.88
2018-04-14,6.96,0.0,23.04
2018-04-15,7.08,35.0,33.92
2018-04-16,7.68,0.0,30.72
2018-04-17,8.28,0.0,25.6
2018-04-18,8.04,0.0,16.0
2018-04-19,7.56,0.0,58.24
2018-04-20,7.68,0.0,19.84
2018-04-21,6.12,0.0,19.84
2018-04-22,6.359999999999999,0.0,7.68
2018-04-23,8.16,0.0,31.36
2018-04-24,7.8,0.0,31.36
2018-04-25,10.44,0.0,28.16
2018-04-26,11.16,0.0,35.2
2018-04-27,8.16,0.0,29.44
2018-04-28,6.359999999999999,0.0,19.84
2018-04-29,6.4799999999999995,0.0,43.52
2018-04-30,7.68,0.0,16.0
2018-05-01,9.4,0.0,18.72
2018-05-02,9.8,55.85999999999999,23.400000000000002
2018-05-03,9.600000000000001,56.42999999999999,37.44
2018-05-04,9.0,0.0,9.88
2018-05-05,7.6000000000000005,0.0,52.0
2018-05-06,7.7,0.0,23.400000000000002
2018-05-07,9.4,56.42999999999999,37.44
2018-05-08,8.6,0.0,18.72
2018-05-09,9.8,56.42999999999999,33.28
2018-05-10,10.0,0.0,19.240000000000002
2018-05-11,8.9,0.0,38.480000000000004
2018-05-12,7.800000000000001,0.0,29.12
2018-05-13,9.200000000000001,0.0,11.96
2018-05-14,9.3,56.99999999999999,34.32
2018-05-15,9.5,0.0,14.040000000000001
2018-05-16,9.0,0.0,32.76
2018-05-17,8.5,0.0,14.56
2018-05-18,8.3,0.0,9.88
2018-05-19,8.3,0.0,22.880000000000003
2018-05-20,7.800000000000001,0.0,11.440000000000001
2018-05-21,8.700000000000001,0.0,4.68
2018-05-22,9.0,0.0,18.72
2018-05-23,9.4,0.0,29.12
2018-05-24,9.1,0.0,30.16
2018-05-25,8.700000000000001,0.0,26.0
2018-05-26,7.6000000000000005,0.0,11.96
2018-05-27,7.9,0.0,23.92
2018-05-28,8.4,0.0,11.440000000000001
2018-05-29,8.700000000000001,0.0,14.56
2018-05-30,9.0,0.0,19.240000000000002
2018-05-31,9.1,0.0,24.44
2018-06-01,9.200000000000001,0.0,19.11
2018-06-02,8.4,0.0,23.03
2018-06-03,8.4,0.0,32.339999999999996
2018-06-04,8.3,0.0,23.03
2018-06-05,8.700000000000001,29.16,49.0
2018-06-06,9.5,0.0,34.79
2018-06-07,9.8,0.0,46.06
2018-06-08,9.4,30.959999999999997,19.6
2018-06-09,7.6000000000000005,0.0,31.849999999999998
2018-06-10,8.5,0.0,9.31
2018-06-11,9.4,0.0,37.24
2018-06-12,8.3,0.0,32.339999999999996
2018-06-13,10.0,0.0,24.99
2018-06-14,9.200000000000001,0.0,23.03
2018-06-15,9.200000000000001,0.0,20.09
2018-06-16,8.700000000000001,36.0,13.719999999999999
2018-06-17,9.0,0.0,13.719999999999999
2018-06-18,8.9,0.0,26.95
2018-06-19,8.8,0.0,41.65
2018-06-20,9.9,0.0,39.2
2018-06-21,9.600000000000001,0.0,42.63
2018-06-22,8.8,0.0,31.849999999999998
2018-06-23,8.700000000000001,0.0,31.849999999999998
2018-06-24,8.4,0.0,27.439999999999998
2018-06-25,9.5,0.0,23.03
2018-06-26,9.1,0.0,23.03
2018-06-27,10.0,0.0,38.71
2018-06-28,8.5,0.0,27.439999999999998
2018-06-29,8.6,0.0,32.83
2018-06-30,7.6000000000000005,0.0,27.439999999999998
2018-07-01,2.47,0.0,26.52
2018-07-02,2.8600000000000003,0.0,33.28
2018-07-03,2.8600000000000003,0.0,11.440000000000001
2018-07-04,2.73,0.0,19.76
2018-07-05,2.99,0.0,17.68
2018-07-06,2.99,30.09,22.36
2018-07-07,2.8600000000000003,0.0,13.0
2018-07-08,2.73,34.809999999999995,13.0
2018-07-09,3.38,0.0,10.92
2018-07-10,2.8600000000000003,28.91,21.32
2018-07-11,2.99,0.0,52.0
2018-07-12,3.12,0.0,46.28
2018-07-13,2.99,0.0,23.400000000000002
2018-07-14,2.6,0.0,13.0
2018-07-15,2.47,0.0,6.24
2018-07-16,2.99,0.0,11.440000000000001
2018-07-17,3.25,29.5,27.560000000000002
2018-07-18,3.12,0.0,22.880000000000003
2018-07-19,3.12,30.68,5.720000000000001
2018-07-20,3.25,30.68,17.68
2018-07-21,2.47,0.0,26.0
2018-07-22,2.47,0.0,13.0
2018-07-23,3.25,0.0,11.440000000000001
2018-07-24,3.77,0.0,38.480000000000004
2018-07-25,6.5,0.0,21.84
2018-07-26,13.0,30.09,22.880000000000003
2018-07-27,7.800000000000001,0.0,46.28
2018-07-28,3.64,0.0,13.0
2018-07-29,2.99,0.0,13.0
2018-07-30,5.33,0.0,10.92
2018-07-31,4.68,59.0,38.480000000000004
2018-08-01,12.0,0.0,49.0
2018-08-02,10.559999999999999,0.0,24.0
2018-08-03,10.32,0.0,6.5
2018-08-04,7.199999999999999,0.0,21.5
2018-08-05,6.84,0.0,0.0
2018-08-06,10.44,0.0,37.0
2018-08-07,10.68,0.0,6.0
2018-08-08,10.2,0.0,12.0
2018-08-09,9.719999999999999,0.0,18.5
2018-08-10,9.12,0.0,19.0
2018-08-11,7.08,0.0,14.5
2018-08-12,7.08,0.0,14.0
2018-08-13,8.4,0.0,18.5
2018-08-14,9.0,0.0,12.5
2018-08-15,8.879999999999999,0.0,18.5
2018-08-16,9.36,0.0,43.5
2018-08-17,9.84,0.0,25.0
2018-08-18,6.84,0.0,14.5
2018-08-19,6.72,0.0,0.0
2018-08-20,8.879999999999999,0.0,18.5
2018-08-21,8.4,0.0,49.0
2018-08-22,9.12,0.0,50.0
2018-08-23,8.76,0.0,0.0
2018-08-24,8.4,0.0,25.5
2018-08-25,6.84,0.0,7.5
2018-08-26,7.319999999999999,0.0,21.5
2018-08-27,8.64,0.0,18.0
2018-08-28,8.28,0.0,30.5
2018-08-29,8.52,0.0,30.0
2018-08-30,8.4,0.0,18.5
2018-08-31,8.4,0.0,25.0
2018-09-01,8.69,0.0,17.68
2018-09-02,7.7,0.0,32.24
2018-09-03,8.8,0.0,30.16
2018-09-04,8.8,0.0,37.44
2018-09-05,9.9,0.0,22.36
2018-09-06,9.790000000000001,0.0,25.48
2018-09-07,8.47,0.0,33.800000000000004
2018-09-08,7.7,0.0,21.84
2018-09-09,7.37,0.0,25.48
2018-09-10,8.25,0.0,29.12
2018-09-11,9.35,0.0,25.48
2018-09-12,8.36,0.0,25.48
2018-09-13,8.58,0.0,18.2
2018-09-14,9.02,0.0,30.16
2018-09-15,7.15,47.0,40.04
2018-09-16,7.26,0.0,26.0
2018-09-17,8.69,38.54,29.64
2018-09-18,9.35,0.0,21.84
2018-09-19,8.03,0.0,52.0
2018-09-20,8.69,0.0,36.92
2018-09-21,7.81,0.0,30.68
2018-09-22,6.93,0.0,22.880000000000003
2018-09-23,7.7,0.0,17.68
2018-09-24,8.14,0.0,26.0
2018-09-25,9.13,0.0,40.56
2018-09-26,8.36,0.0,33.28
2018-09-27,9.02,0.0,18.72
2018-09-28,11.0,0.0,26.52
2018-09-29,8.91,0.0,36.4
2018-09-30,9.13,0.0,22.36
2018-10-01,6.6,44.160000000000004,6.0
2018-10-02,6.49,43.7,25.0
2018-10-03,6.6,0.0,6.5
2018-10-04,6.82,0.0,25.5
2018-10-05,6.6,46.0,13.0
2018-10-06,6.93,0.0,37.5
2018-10-07,7.26,0.0,14.5
2018-10-08,7.26,0.0,25.5
2018-10-09,6.05,0.0,38.0
2018-10-10,6.71,0.0,0.0
2018-10-11,7.7,0.0,39.0
2018-10-12,6.93,0.0,33.5
2018-10-13,5.72,0.0,31.5
2018-10-14,5.39,0.0,38.5
2018-10-15,5.94,0.0,45.0
2018-10-16,6.71,0.0,6.5
2018-10-17,6.16,0.0,19.0
2018-10-18,6.49,0.0,13.0
2018-10-19,5.94,0.0,6.5
2018-10-20,6.2700000000000005,0.0,22.5
2018-10-21,5.72,0.0,22.5
2018-10-22,6.71,0.0,38.0
2018-10-23,6.49,0.0,31.5
2018-10-24,6.38,0.0,37.5
2018-10-25,6.82,0.0,32.5
2018-10-26,6.93,0.0,26.5
2018-10-27,5.83,0.0,23.0
2018-10-28,5.28,0.0,0.0
2018-10-29,7.15,0.0,50.0
2018-10-30,11.0,0.0,32.0
2018-10-31,9.35,0.0,26.5
2018-11-01,10.89,0.0,27.729999999999997
2018-11-02,9.35,0.0,26.79
2018-11-03,8.14,0.0,27.729999999999997
2018-11-04,8.25,0.0,11.28
2018-11-05,8.91,0.0,23.97
2018-11-06,8.58,56.99999999999999,15.979999999999999
2018-11-07,9.24,0.0,17.39
2018-11-08,8.91,0.0,25.38
2018-11-09,8.47,29.639999999999997,23.029999999999998
2018-11-10,8.36,0.0,47.0
2018-11-11,8.47,0.0,7.52
2018-11-12,9.35,0.0,13.16
2018-11-13,8.8,0.0,29.139999999999997
2018-11-14,8.25,29.639999999999997,16.45
2018-11-15,9.13,29.069999999999997,25.849999999999998
2018-11-16,8.36,0.0,20.209999999999997
2018-11-17,8.14,0.0,31.49
2018-11-18,7.81,0.0,23.5
2018-11-19,10.56,29.639999999999997,26.79
2018-11-20,11.0,0.0,30.08
2018-11-21,9.790000000000001,0.0,21.619999999999997
2018-11-22,7.59,0.0,19.74
2018-11-23,7.59,0.0,29.139999999999997
2018-11-24,7.59,0.0,33.37
2018-11-25,7.7,0.0,26.32
2018-11-26,8.14,27.36,39.48
2018-11-27,9.35,0.0,34.78
2018-11-28,9.68,0.0,31.959999999999997
2018-11-29,8.58,0.0,19.27
2018-11-30,9.46,0.0,28.2
2018-12-01,7.800000000000001,0.0,13.94
2018-12-02,7.1000000000000005,0.0,41.0
2018-12-03,8.0,0.0,18.45
2018-12-04,7.6000000000000005,0.0,20.91
2018-12-05,7.5,0.0,13.94
2018-12-06,8.3,0.0,11.889999999999999
2018-12-07,7.300000000000001,0.0,14.35
2018-12-08,7.0,0.0,19.68
2018-12-09,6.9,0.0,22.139999999999997
2018-12-10,7.9,0.0,18.86
2018-12-11,7.7,0.0,19.27
2018-12-12,7.6000000000000005,0.0,14.35
2018-12-13,7.2,27.65,7.38
2018-12-14,7.800000000000001,0.0,16.4
2018-12-15,6.800000000000001,0.0,11.479999999999999
2018-12-16,6.6000000000000005,0.0,14.35
2018-12-17,7.300000000000001,0.0,11.069999999999999
2018-12-18,7.4,0.0,13.94
2018-12-19,10.0,0.0,9.84
2018-12-20,8.8,29.049999999999997,12.709999999999999
2018-12-21,8.5,0.0,23.779999999999998
2018-12-22,7.1000000000000005,0.0,15.17
2018-12-23,6.9,35.0,15.17
2018-12-24,8.8,0.0,14.76
2018-12-25,8.0,0.0,16.81
2018-12-26,8.5,0.0,16.81
2018-12-27,9.3,30.45,0.0
2018-12-28,8.200000000000001,0.0,18.45
2018-12-29,7.300000000000001,0.0,14.35
2018-12-30,7.800000000000001,0.0,17.22
2018-12-31,7.9,0.0,10.66
2019-01-01,6.300000000000001,0.0,27.729999999999997
2019-01-02,6.6000000000000005,0.0,39.48
2019-01-03,6.4,0.0,30.549999999999997
2019-01-04,6.300000000000001,33.0,11.75
2019-01-05,5.5,0.0,22.09
2019-01-06,5.1000000000000005,0.0,30.549999999999997
2019-01-07,6.1000000000000005,0.0,29.61
2019-01-08,6.2,31.020000000000003,22.09
2019-01-09,6.300000000000001,0.0,18.799999999999997
2019-01-10,5.800000000000001,31.020000000000003,32.9
2019-01-11,6.1000000000000005,0.0,26.79
2019-01-12,5.2,0.0,39.01
2019-01-13,5.5,0.0,21.619999999999997
2019-01-14,6.300000000000001,0.0,10.809999999999999
2019-01-15,6.0,0.0,7.52
2019-01-16,6.300000000000001,0.0,29.61
2019-01-17,5.800000000000001,30.69,32.43
2019-01-18,6.5,0.0,29.61
2019-01-19,5.4,0.0,21.15
2019-01-20,5.1000000000000005,0.0,36.66
2019-01-21,5.6000000000000005,0.0,33.839999999999996
2019-01-22,6.0,0.0,47.0
2019-01-23,5.7,0.0,25.38
2019-01-24,6.300000000000001,0.0,24.91
2019-01-25,5.9,31.35,22.56
2019-01-26,5.300000000000001,0.0,22.09
2019-01-27,5.0,0.0,39.01
2019-01-28,5.7,0.0,18.33
2019-01-29,6.2,0.0,25.38
2019-01-30,8.700000000000001,0.0,35.72
2019-01-31,10.0,0.0,21.619999999999997
2019-02-01,9.0,0.0,9.84
2019-02-02,7.38,0.0,11.889999999999999
2019-02-03,7.02,0.0,14.35
2019-02-04,8.28,0.0,16.4
2019-02-05,8.19,0.0,21.73
2019-02-06,7.739999999999999,0.0,12.299999999999999
2019-02-07,8.01,0.0,18.86
2019-02-08,7.739999999999999,0.0,17.22
2019-02-09,7.29,0.0,23.369999999999997
2019-02-10,7.29,0.0,31.569999999999997
2019-02-11,7.739999999999999,0.0,20.91
2019-02-12,7.109999999999999,0.0,19.27
2019-02-13,8.549999999999999,0.0,17.22
2019-02-14,8.459999999999999,0.0,19.68
2019-02-15,7.02,0.0,7.789999999999999
2019-02-16,7.109999999999999,0.0,20.5
2019-02-17,6.4799999999999995,0.0,11.889999999999999
2019-02-18,6.84,0.0,10.25
2019-02-19,8.1,0.0,14.76
2019-02-20,7.6499999999999995,47.0,29.11
2019-02-21,7.739999999999999,0.0,17.22
2019-02-22,7.56,0.0,7.38
2019-02-23,6.3,0.0,17.22
2019-02-24,7.47,0.0,41.0
2019-02-25,8.28,0.0,18.86
2019-02-26,8.459999999999999,0.0,19.27
2019-02-27,6.569999999999999,0.0,21.32
2019-02-28,7.6499999999999995,0.0,14.76
2019-03-01,5.67,0.0,36.66
2019-03-02,4.95,0.0,38.54
2019-03-03,5.9399999999999995,0.0,34.309999999999995
2019-03-04,5.67,0.0,47.0
2019-03-05,6.12,0.0,21.619999999999997
2019-03-06,5.67,0.0,42.3
2019-03-07,6.12,0.0,22.09
2019-03-08,6.029999999999999,0.0,30.549999999999997
2019-03-09,4.77,0.0,26.79
2019-03-10,4.77,0.0,44.18
2019-03-11,5.49,0.0,25.849999999999998
2019-03-12,5.85,0.0,44.18
2019-03-13,9.0,0.0,25.849999999999998
2019-03-14,9.0,28.560000000000002,37.129999999999995
2019-03-15,7.109999999999999,0.0,30.08
2019-03-16,5.13,0.0,13.16
2019-03-17,4.59,0.0,31.959999999999997
2019-03-18,6.3,0.0,23.029999999999998
2019-03-19,5.9399999999999995,0.0,25.849999999999998
2019-03-20,6.66,0.0,15.04
2019-03-21,6.3,0.0,26.32
2019-03-22,6.21,0.0,11.75
2019-03-23,4.95,0.0,26.32
2019-03-24,4.859999999999999,0.0,16.45
2019-03-25,5.9399999999999995,0.0,30.08
2019-03-26,5.13,0.0,34.309999999999995
2019-03-27,6.12,0.0,19.27
2019-03-28,5.85,0.0,37.599999999999994
2019-03-29,5.31,0.0,19.27
2019-03-30,5.3999999999999995,0.0,22.09
2019-03-31,5.31,34.0,13.16
2019-04-01,5.67,0.0,37.24
2019-04-02,6.029999999999999,42.339999999999996,12.25
2019-04-03,6.21,28.419999999999998,31.849999999999998
2019-04-04,6.4799999999999995,0.0,24.99
2019-04-05,6.12,0.0,31.849999999999998
2019-04-06,4.95,0.0,7.84
2019-04-07,5.13,0.0,15.19
2019-04-08,5.67,0.0,37.24
2019-04-09,5.58,0.0,6.37
2019-04-10,5.76,28.419999999999998,24.99
2019-04-11,5.58,28.419999999999998,31.36
2019-04-12,5.67,29.58,32.339999999999996
2019-04-13,4.68,34.8,23.03
2019-04-14,5.58,0.0,30.38
2019-04-15,5.49,0.0,24.99
2019-04-16,5.76,28.999999999999996,19.11
2019-04-17,6.3,0.0,6.37
2019-04-18,5.9399999999999995,0.0,25.97
2019-04-19,5.49,0.0,27.93
2019-04-20,5.31,0.0,23.52
2019-04-21,5.3999999999999995,0.0,32.83
2019-04-22,5.9399999999999995,0.0,26.46
2019-04-23,6.66,0.0,32.339999999999996
2019-04-24,9.0,57.99999999999999,12.74
2019-04-25,8.64,0.0,24.99
2019-04-26,6.4799999999999995,28.999999999999996,6.37
2019-04-27,5.13,0.0,7.35
2019-04-28,5.04,0.0,7.84
2019-04-29,6.12,28.419999999999998,6.37
2019-04-30,6.21,27.839999999999996,49.0
2019-05-01,8.64,0.0,33.62
2019-05-02,8.37,0.0,13.12
2019-05-03,8.28,0.0,27.88
2019-05-04,8.459999999999999,41.4,40.589999999999996
2019-05-05,7.199999999999999,0.0,0.0
2019-05-06,8.1,0.0,20.09
2019-05-07,8.37,34.65,20.09
2019-05-08,8.01,0.0,27.47
2019-05-09,8.549999999999999,0.0,13.53
2019-05-10,8.459999999999999,0.0,0.0
2019-05-11,6.569999999999999,0.0,16.81
2019-05-12,7.47,0.0,8.2
2019-05-13,8.73,0.0,6.97
2019-05-14,7.739999999999999,0.0,13.94
2019-05-15,8.1,0.0,20.91
2019-05-16,7.56,0.0,27.47
2019-05-17,8.01,0.0,14.35
2019-05-18,7.38,0.0,25.419999999999998
2019-05-19,6.75,43.65,8.2
2019-05-20,7.29,0.0,27.88
2019-05-21,8.19,0.0,41.0
2019-05-22,7.02,36.45,20.91
2019-05-23,9.0,0.0,6.97
2019-05-24,7.109999999999999,0.0,14.35
2019-05-25,7.29,45.0,26.24
2019-05-26,7.739999999999999,0.0,8.61
2019-05-27,7.47,0.0,16.4
2019-05-28,7.47,0.0,34.44
2019-05-29,7.56,0.0,13.53
2019-05-30,8.64,0.0,13.94
2019-05-31,8.28,0.0,6.97
2019-06-01,7.1000000000000005,0.0,12.88
2019-06-02,6.9,0.0,15.64
2019-06-03,8.5,4.92,21.16
2019-06-04,8.5,0.0,10.58
2019-06-05,7.5,0.0,10.58
2019-06-06,8.200000000000001,0.0,8.280000000000001
2019-06-07,8.0,0.0,16.560000000000002
2019-06-08,7.300000000000001,0.0,12.88
2019-06-09,7.0,5.88,12.88
2019-06-10,7.6000000000000005,0.0,16.1
2019-06-11,7.9,0.0,13.8
2019-06-12,8.5,0.0,11.040000000000001
2019-06-13,7.6000000000000005,0.0,13.34
2019-06-14,7.7,5.04,5.5200000000000005
2019-06-15,6.800000000000001,0.0,22.540000000000003
2019-06-16,7.2,0.0,19.32
2019-06-17,8.5,0.0,16.560000000000002
2019-06-18,10.0,0.0,16.1
2019-06-19,8.9,0.0,18.86
2019-06-20,8.4,0.0,27.14
2019-06-21,8.0,5.16,25.3
2019-06-22,8.200000000000001,0.0,12.88
2019-06-23,7.1000000000000005,0.0,13.34
2019-06-24,7.7,0.0,27.6
2019-06-25,7.9,0.0,5.5200000000000005
2019-06-26,8.6,0.0,16.560000000000002
2019-06-27,8.200000000000001,0.0,16.1
2019-06-28,7.800000000000001,0.0,8.74
2019-06-29,7.6000000000000005,0.0,9.66
2019-06-30,7.0,12.0,46.0
2019-07-01,7.5,0.0,5.88
2019-07-02,6.4,0.0,14.7
2019-07-03,9.0,0.0,26.88
2019-07-04,6.300000000000001,0.0,26.88
2019-07-05,6.7,0.0,16.8
2019-07-06,6.4,0.0,19.74
2019-07-07,5.9,0.0,10.08
2019-07-08,6.9,0.0,23.099999999999998
2019-07-09,7.300000000000001,0.0,23.52
2019-07-10,8.4,56.26,23.52
2019-07-11,6.7,0.0,28.98
2019-07-12,7.4,0.0,5.88
2019-07-13,7.2,0.0,10.5
2019-07-14,6.2,0.0,17.22
2019-07-15,7.2,0.0,23.099999999999998
2019-07-16,7.800000000000001,0.0,37.379999999999995
2019-07-17,7.800000000000001,0.0,23.099999999999998
2019-07-18,7.1000000000000005,0.0,8.82
2019-07-19,7.1000000000000005,0.0,21.419999999999998
2019-07-20,5.300000000000001,0.0,6.72
2019-07-21,5.300000000000001,0.0,6.72
2019-07-22,7.1000000000000005,0.0,17.64
2019-07-23,7.5,0.0,31.919999999999998
2019-07-24,10.0,57.99999999999999,9.24
2019-07-25,8.5,0.0,24.36
2019-07-26,8.3,0.0,9.66
2019-07-27,6.6000000000000005,0.0,13.86
2019-07-28,6.7,0.0,42.0
2019-07-29,6.300000000000001,0.0,18.06
2019-07-30,7.4,0.0,5.88
2019-07-31,7.800000000000001,0.0,23.939999999999998
2019-08-01,7.739999999999999,0.0,5.46
2019-08-02,7.92,0.0,5.88
2019-08-03,7.109999999999999,0.0,13.02
2019-08-04,7.29,0.0,13.02
2019-08-05,8.82,34.0,17.22
2019-08-06,9.0,0.0,11.34
2019-08-07,8.82,0.0,17.22
2019-08-08,8.28,0.0,0.0
2019-08-09,7.92,0.0,11.34
2019-08-10,6.39,0.0,13.02
2019-08-11,7.02,0.0,32.339999999999996
2019-08-12,8.28,0.0,5.46
2019-08-13,8.549999999999999,0.0,10.92
2019-08-14,8.73,0.0,15.959999999999999
2019-08-15,8.37,0.0,5.46
2019-08-16,7.739999999999999,0.0,22.259999999999998
2019-08-17,7.47,0.0,0.0
2019-08-18,7.38,0.0,6.3
2019-08-19,8.64,0.0,10.92
2019-08-20,8.82,0.0,21.84
2019-08-21,8.459999999999999,32.64,16.38
2019-08-22,8.19,0.0,10.92
2019-08-23,8.37,0.0,16.38
2019-08-24,7.29,0.0,12.6
2019-08-25,7.02,0.0,18.9
2019-08-26,8.459999999999999,0.0,31.919999999999998
2019-08-27,7.739999999999999,31.62,5.46
2019-08-28,7.47,0.0,42.0
2019-08-29,7.6499999999999995,0.0,5.46
2019-08-30,7.109999999999999,0.0,20.58
2019-08-31,7.02,0.0,24.36
2019-09-01,6.4799999999999995,0.0,23.099999999999998
2019-09-02,7.739999999999999,0.0,28.56
2019-09-03,8.459999999999999,16.0,31.919999999999998
2019-09-04,8.01,15.68,19.32
2019-09-05,7.6499999999999995,0.0,9.66
2019-09-06,8.37,32.0,25.619999999999997
2019-09-07,8.64,0.0,15.12
2019-09-08,7.739999999999999,0.0,0.0
2019-09-09,7.83,0.0,13.02
2019-09-10,8.1,16.0,37.8
2019-09-11,8.459999999999999,0.0,19.32
2019-09-12,7.739999999999999,0.0,22.259999999999998
2019-09-13,7.6499999999999995,0.0,15.959999999999999
2019-09-14,8.37,0.0,27.3
2019-09-15,8.549999999999999,0.0,29.82
2019-09-16,7.02,0.0,25.2
2019-09-17,7.38,0.0,21.84
2019-09-18,8.01,0.0,12.6
2019-09-19,8.64,0.0,42.0
2019-09-20,8.1,0.0,12.6
2019-09-21,8.459999999999999,0.0,11.34
2019-09-22,7.739999999999999,0.0,29.82
2019-09-23,8.01,15.36,6.3
2019-09-24,8.459999999999999,0.0,19.32
2019-09-25,8.459999999999999,0.0,35.28
2019-09-26,7.92,0.0,29.4
2019-09-27,9.0,0.0,23.099999999999998
2019-09-28,8.459999999999999,0.0,23.939999999999998
2019-09-29,7.199999999999999,0.0,23.099999999999998
2019-09-30,7.38,16.32,26.04
2019-10-01,5.76,0.0,14.43
2019-10-02,5.85,0.0,14.43
2019-10-03,5.9399999999999995,0.0,26.130000000000003
2019-10-04,6.12,0.0,26.91
2019-10-05,5.31,24.599999999999998,20.67
2019-10-06,5.58,0.0,13.65
2019-10-07,6.3,0.0,20.28
2019-10-08,6.21,31.159999999999997,17.55
2019-10-09,5.9399999999999995,0.0,5.8500000000000005
2019-10-10,5.31,0.0,17.55
2019-10-11,5.85,0.0,29.64
2019-10-12,6.029999999999999,0.0,14.040000000000001
2019-10-13,5.85,0.0,20.67
2019-10-14,5.85,0.0,11.700000000000001
2019-10-15,5.22,0.0,19.89
2019-10-16,5.9399999999999995,20.91,11.700000000000001
2019-10-17,6.39,0.0,17.55
2019-10-18,5.85,0.0,14.82
2019-10-19,6.39,0.0,17.55
2019-10-20,5.22,0.0,16.77
2019-10-21,6.12,0.0,14.040000000000001
2019-10-22,5.67,0.0,39.0
2019-10-23,5.9399999999999995,0.0,14.040000000000001
2019-10-24,6.21,0.0,11.31
2019-10-25,5.58,0.0,26.52
2019-10-26,5.04,0.0,24.18
2019-10-27,5.67,0.0,13.26
2019-10-28,6.39,0.0,30.810000000000002
2019-10-29,6.4799999999999995,0.0,11.31
2019-10-30,9.0,41.0,25.740000000000002
2019-10-31,7.199999999999999,20.91,20.28
2019-11-01,7.44,0.0,40.0
2019-11-02,6.8,0.0,7.6000000000000005
2019-11-03,7.2,0.0,14.8
2019-11-04,8.0,61.44,12.4
2019-11-05,6.96,0.0,6.4
2019-11-06,7.44,0.0,12.4
2019-11-07,7.44,0.0,25.200000000000003
2019-11-08,7.04,0.0,18.8
2019-11-09,7.44,0.0,14.8
2019-11-10,7.2,0.0,14.4
2019-11-11,7.36,61.44,12.8
2019-11-12,7.12,58.88,18.0
2019-11-13,7.68,61.44,18.8
2019-11-14,7.12,0.0,30.8
2019-11-15,7.04,61.44,12.4
2019-11-16,6.96,0.0,14.4
2019-11-17,6.96,0.0,28.8
2019-11-18,7.36,0.0,30.8
2019-11-19,7.36,0.0,31.200000000000003
2019-11-20,7.92,0.0,31.6
2019-11-21,7.12,61.44,31.200000000000003
2019-11-22,7.36,0.0,12.8
2019-11-23,6.5600000000000005,0.0,14.4
2019-11-24,6.5600000000000005,0.0,29.200000000000003
2019-11-25,6.96,0.0,6.4
2019-11-26,7.68,64.0,26.0
2019-11-27,7.28,0.0,13.600000000000001
2019-11-28,6.96,0.0,7.2
2019-11-29,6.24,0.0,14.0
2019-11-30,6.48,0.0,35.6
2019-12-01,7.2,0.0,26.95
2019-12-02,7.44,0.0,11.2
2019-12-03,7.36,0.0,23.099999999999998
2019-12-04,7.92,36.55,11.899999999999999
2019-12-05,7.12,0.0,24.15
2019-12-06,7.44,37.41,30.45
2019-12-07,6.88,0.0,28.349999999999998
2019-12-08,7.12,0.0,27.65
2019-12-09,7.2,0.0,5.949999999999999
2019-12-10,7.36,37.41,30.45
2019-12-11,7.12,0.0,23.799999999999997
2019-12-12,7.04,0.0,5.949999999999999
2019-12-13,7.28,0.0,5.949999999999999
2019-12-14,7.04,43.0,35.0
2019-12-15,7.12,0.0,21.349999999999998
2019-12-16,7.76,0.0,29.749999999999996
2019-12-17,7.44,36.55,5.949999999999999
2019-12-18,7.28,0.0,24.15
2019-12-19,7.76,0.0,18.549999999999997
2019-12-20,7.76,0.0,12.95
2019-12-21,7.12,0.0,0.0
2019-12-22,7.92,0.0,14.7
2019-12-23,7.44,0.0,0.0
2019-12-24,7.44,0.0,7.0
2019-12-25,7.44,0.0,16.099999999999998
2019-12-26,7.84,0.0,7.0
2019-12-27,7.28,0.0,6.6499999999999995
2019-12-28,7.6000000000000005,0.0,21.7
2019-12-29,6.8,0.0,13.649999999999999
2019-12-30,7.44,39.13,0.0
2019-12-31,8.0,0.0,13.649999999999999
2020-01-01,6.21,0.0,5.88
2020-01-02,7.02,0.0,21.0
2020-01-03,5.85,0.0,17.64
2020-01-04,5.3999999999999995,0.0,22.259999999999998
2020-01-05,5.04,0.0,19.32
2020-01-06,6.029999999999999,35.6,22.68
2020-01-07,5.67,0.0,30.24
2020-01-08,6.12,0.0,12.6
2020-01-09,5.9399999999999995,0.0,24.779999999999998
2020-01-10,6.12,0.0,12.18
2020-01-11,5.85,40.0,19.74
2020-01-12,5.31,0.0,21.84
2020-01-13,6.21,32.4,18.48
2020-01-14,6.4799999999999995,0.0,19.74
2020-01-15,6.21,0.0,16.38
2020-01-16,5.9399999999999995,0.0,23.939999999999998
2020-01-17,5.9399999999999995,0.0,22.259999999999998
2020-01-18,5.49,0.0,25.619999999999997
2020-01-19,5.67,39.6,8.4
2020-01-20,5.3999999999999995,0.0,10.08
2020-01-21,6.3,0.0,9.66
2020-01-22,5.49,34.800000000000004,14.7
2020-01-23,5.85,0.0,14.7
2020-01-24,5.9399999999999995,0.0,29.4
2020-01-25,6.029999999999999,0.0,28.56
2020-01-26,5.3999999999999995,0.0,42.0
2020-01-27,5.31,0.0,36.96
2020-01-28,5.58,0.0,11.76
2020-01-29,8.1,0.0,19.74
2020-01-30,9.0,0.0,12.6
2020-01-31,7.29,0.0,22.259999999999998
2020-02-01,7.04,0.0,5.28
2020-02-02,6.96,0.0,21.12
2020-02-03,8.0,24.96,3.96
2020-02-04,8.0,26.52,8.8
2020-02-05,7.92,27.04,26.4
2020-02-06,7.5200000000000005,0.0,13.2
2020-02-07,7.84,27.560000000000002,27.28
2020-02-08,6.24,0.0,37.4
2020-02-09,6.32,0.0,10.56
2020-02-10,7.36,0.0,4.4
2020-02-11,7.2,26.0,30.36
2020-02-12,7.36,0.0,44.0
2020-02-13,7.5200000000000005,0.0,26.4
2020-02-14,7.2,0.0,23.32
2020-02-15,7.2,31.720000000000002,15.84
2020-02-16,6.16,0.0,15.84
2020-02-17,6.8,0.0,4.84
2020-02-18,7.44,0.0,8.8
2020-02-19,7.5200000000000005,0.0,21.56
2020-02-20,7.44,0.0,17.16
2020-02-21,6.96,0.0,8.8
2020-02-22,6.48,0.0,10.12
2020-02-23,6.4,0.0,0.0
2020-02-24,7.6000000000000005,0.0,17.16
2020-02-25,7.6000000000000005,0.0,17.16
2020-02-26,7.84,0.0,16.72
2020-02-27,8.0,26.0,17.16
2020-02-28,7.28,52.0,25.96
2020-02-29,6.32,0.0,14.96
2020-03-01,5.85,0.0,34.22
2020-03-02,6.84,33.75,11.799999999999999
2020-03-03,6.84,0.0,11.209999999999999
2020-03-04,7.02,0.0,17.11
2020-03-05,6.3,0.0,23.599999999999998
2020-03-06,6.66,0.0,23.599999999999998
2020-03-07,5.58,0.0,24.189999999999998
2020-03-08,6.029999999999999,39.75,17.11
2020-03-09,7.29,0.0,14.75
2020-03-10,7.109999999999999,0.0,20.06
2020-03-11,6.4799999999999995,66.0,11.209999999999999
2020-03-12,7.02,0.0,25.369999999999997
2020-03-13,7.02,33.75,23.009999999999998
2020-03-14,6.93,0.0,20.65
2020-03-15,5.85,38.25,26.549999999999997
2020-03-16,8.1,0.0,37.169999999999995
2020-03-17,7.83,66.0,25.959999999999997
2020-03-18,8.64,0.0,31.86
2020-03-19,8.73,0.0,14.75
2020-03-20,8.28,66.0,8.85
2020-03-21,7.199999999999999,75.0,48.379999999999995
2020-03-22,8.28,0.0,59.0
2020-03-23,7.83,0.0,45.43
2020-03-24,9.0,0.0,31.27
2020-03-25,8.37,0.0,17.7
2020-03-26,8.28,0.0,48.97
2020-03-27,7.92,0.0,46.61
2020-03-28,7.199999999999999,36.75,35.4
2020-03-29,8.01,72.75,44.839999999999996
2020-03-30,7.739999999999999,31.5,38.35
2020-03-31,7.92,0.0,27.139999999999997
2020-04-01,7.5,47.519999999999996,57.959999999999994
2020-04-02,7.4,46.8,41.4
2020-04-03,7.0,0.0,69.0
2020-04-04,6.9,0.0,36.57
2020-04-05,6.7,55.44,54.51
2020-04-06,7.300000000000001,0.0,26.22
2020-04-07,7.800000000000001,0.0,21.389999999999997
2020-04-08,7.300000000000001,48.239999999999995,15.87
2020-04-09,7.4,72.0,31.74
2020-04-10,6.800000000000001,49.68,22.08
2020-04-11,6.9,0.0,31.049999999999997
2020-04-12,6.7,55.44,31.049999999999997
2020-04-13,7.1000000000000005,0.0,20.7
2020-04-14,7.300000000000001,46.8,26.22
2020-04-15,6.9,0.0,30.36
2020-04-16,7.1000000000000005,46.08,4.83
2020-04-17,7.2,68.39999999999999,35.19
2020-04-18,7.2,54.0,29.669999999999998
2020-04-19,6.800000000000001,54.0,42.089999999999996
2020-04-20,7.1000000000000005,0.0,25.529999999999998
2020-04-21,6.7,0.0,31.049999999999997
2020-04-22,7.2,0.0,36.57
2020-04-23,6.800000000000001,0.0,20.009999999999998
2020-04-24,7.2,0.0,35.879999999999995
2020-04-25,6.6000000000000005,0.0,17.25
2020-04-26,6.4,0.0,29.669999999999998
2020-04-27,7.6000000000000005,0.0,31.049999999999997
2020-04-28,7.2,0.0,15.87
2020-04-29,10.0,46.8,35.879999999999995
2020-04-30,9.9,0.0,10.35
2020-05-01,7.5,0.0,38.0
2020-05-02,6.300000000000001,0.0,62.0
2020-05-03,6.0,0.0,59.0
2020-05-04,6.2,0.0,55.0
2020-05-05,6.1000000000000005,0.0,49.0
2020-05-06,6.300000000000001,0.0,44.0
2020-05-07,6.5,0.0,44.0
2020-05-08,6.2,0.0,33.0
2020-05-09,5.9,0.0,53.0
2020-05-10,6.5,18.0,66.0
2020-05-11,6.300000000000001,0.0,50.0
2020-05-12,6.5,15.299999999999999,54.0
2020-05-13,6.800000000000001,0.0,48.0
2020-05-14,6.2,14.94,73.0
2020-05-15,6.1000000000000005,0.0,75.0
2020-05-16,7.2,0.0,62.0
2020-05-17,10.0,0.0,69.0
2020-05-18,7.9,14.76,49.0
2020-05-19,7.5,0.0,41.0
2020-05-20,7.800000000000001,15.12,47.0
2020-05-21,7.5,0.0,55.0
2020-05-22,7.300000000000001,0.0,58.0
2020-05-23,5.9,0.0,53.0
2020-05-24,5.300000000000001,0.0,54.0
2020-05-25,6.0,0.0,55.0
2020-05-26,6.7,15.66,70.0
2020-05-27,6.9,0.0,48.0
2020-05-28,7.6000000000000005,0.0,51.0
2020-05-29,7.1000000000000005,0.0,52.0
2020-05-30,5.800000000000001,0.0,49.0
2020-05-31,6.7,0.0,100.0
2020-06-01,8.8,0.0,62.37
2020-06-02,9.5,0.0,53.55
2020-06-03,8.200000000000001,0.0,45.36
2020-06-04,8.0,0.0,37.17
2020-06-05,8.0,0.0,49.14
2020-06-06,6.9,0.0,28.98
2020-06-07,6.9,0.0,45.36
2020-06-08,7.1000000000000005,0.0,27.09
2020-06-09,7.800000000000001,0.0,40.95
2020-06-10,8.3,8.4,19.53
2020-06-11,8.0,0.0,27.72
2020-06-12,7.800000000000001,0.0,29.61
2020-06-13,7.0,0.0,27.09
2020-06-14,6.6000000000000005,0.0,23.31
2020-06-15,7.6000000000000005,0.0,17.64
2020-06-16,7.6000000000000005,0.0,34.02
2020-06-17,7.5,0.0,26.46
2020-06-18,7.7,0.0,31.5
2020-06-19,7.300000000000001,0.0,23.94
2020-06-20,6.800000000000001,9.9,20.16
2020-06-21,6.7,0.0,37.8
2020-06-22,7.6000000000000005,0.0,20.79
2020-06-23,7.800000000000001,0.0,40.95
2020-06-24,7.2,0.0,20.79
2020-06-25,7.2,0.0,23.94
2020-06-26,9.5,0.0,18.27
2020-06-27,8.5,10.0,44.1
2020-06-28,7.300000000000001,0.0,49.77
2020-06-29,10.0,0.0,50.4
2020-06-30,10.0,0.0,63.0
2020-07-01,8.3,0.0,51.87
2020-07-02,8.1,9.700000000000001,48.449999999999996
2020-07-03,6.9,0.0,26.22
2020-07-04,6.7,0.0,46.169999999999995
2020-07-05,7.7,0.0,37.62
2020-07-06,7.6000000000000005,9.600000000000001,30.779999999999998
2020-07-07,8.1,0.0,55.28999999999999
2020-07-08,8.6,0.0,27.929999999999996
2020-07-09,7.800000000000001,0.0,27.929999999999996
2020-07-10,7.4,0.0,39.33
2020-07-11,6.800000000000001,0.0,39.33
2020-07-12,6.300000000000001,0.0,27.929999999999996
2020-07-13,7.9,0.0,34.199999999999996
2020-07-14,8.3,0.0,34.199999999999996
2020-07-15,7.800000000000001,0.0,20.52
2020-07-16,7.4,9.8,34.769999999999996
2020-07-17,7.6000000000000005,10.0,50.16
2020-07-18,6.6000000000000005,0.0,28.499999999999996
2020-07-19,7.2,0.0,49.019999999999996
2020-07-20,7.4,0.0,17.669999999999998
2020-07-21,7.5,9.9,27.929999999999996
2020-07-22,8.5,0.0,27.929999999999996
2020-07-23,7.0,0.0,17.669999999999998
2020-07-24,7.4,0.0,21.09
2020-07-25,6.9,0.0,35.91
2020-07-26,6.300000000000001,0.0,32.489999999999995
2020-07-27,7.2,0.0,27.929999999999996
2020-07-28,7.6000000000000005,0.0,49.019999999999996
2020-07-29,8.9,0.0,56.99999999999999
2020-07-30,10.0,9.8,31.349999999999998
2020-07-31,9.700000000000001,0.0,29.069999999999997
2020-08-01,6.21,0.0,7.9799999999999995
2020-08-02,6.39,0.0,27.36
2020-08-03,8.19,0.0,38.19
2020-08-04,7.92,0.0,34.199999999999996
2020-08-05,7.47,0.0,51.87
2020-08-06,8.28,0.0,27.36
2020-08-07,8.01,0.0,31.919999999999998
2020-08-08,7.38,0.0,51.87
2020-08-09,6.21,0.0,23.939999999999998
2020-08-10,8.37,0.0,34.199999999999996
2020-08-11,8.28,18.05,30.209999999999997
2020-08-12,8.19,0.0,17.099999999999998
2020-08-13,7.47,0.0,30.209999999999997
2020-08-14,7.29,19.0,14.249999999999998
2020-08-15,6.39,0.0,27.36
2020-08-16,6.66,0.0,23.939999999999998
2020-08-17,7.56,0.0,33.629999999999995
2020-08-18,7.29,0.0,33.629999999999995
2020-08-19,7.29,17.86,43.88999999999999
2020-08-20,7.02,0.0,33.059999999999995
2020-08-21,7.38,0.0,20.52
2020-08-22,6.75,0.0,15.959999999999999
2020-08-23,6.75,0.0,39.9
2020-08-24,7.38,0.0,45.029999999999994
2020-08-25,7.38,0.0,15.959999999999999
2020-08-26,9.0,0.0,39.33
2020-08-27,7.83,0.0,19.38
2020-08-28,7.92,0.0,56.99999999999999
2020-08-29,6.75,0.0,26.22
2020-08-30,6.4799999999999995,0.0,42.74999999999999
2020-08-31,6.66,0.0,35.339999999999996
2020-09-01,7.84,0.0,15.34
2020-09-02,7.84,0.0,21.24
2020-09-03,8.0,0.0,46.019999999999996
2020-09-04,7.76,24.939999999999998,21.83
2020-09-05,6.48,28.999999999999996,19.47
2020-09-06,6.88,0.0,59.0
2020-09-07,6.88,0.0,18.29
2020-09-08,7.68,23.2,10.62
2020-09-09,7.6000000000000005,0.0,31.27
2020-09-10,7.2,0.0,40.71
2020-09-11,7.36,0.0,42.48
2020-09-12,6.96,0.0,31.86
2020-09-13,6.72,0.0,50.15
2020-09-14,6.88,23.2,41.3
2020-09-15,7.28,0.0,20.65
2020-09-16,7.68,0.0,36.58
2020-09-17,6.96,0.0,10.03
2020-09-18,7.28,0.0,47.199999999999996
2020-09-19,7.12,0.0,25.369999999999997
2020-09-20,5.76,0.0,25.369999999999997
2020-09-21,7.36,0.0,25.959999999999997
2020-09-22,7.2,0.0,15.34
2020-09-23,7.04,0.0,31.86
2020-09-24,7.28,0.0,30.68
2020-09-25,7.12,0.0,23.009999999999998
2020-09-26,6.72,0.0,27.139999999999997
2020-09-27,6.16,0.0,26.549999999999997
2020-09-28,6.96,0.0,34.22
2020-09-29,6.8,0.0,57.23
2020-09-30,7.04,0.0,28.32
2020-10-01,6.4,0.0,40.7
2020-10-02,6.48,0.0,30.250000000000004
2020-10-03,5.92,0.0,22.0
2020-10-04,5.12,0.0,13.200000000000001
2020-10-05,5.76,0.0,25.85
2020-10-06,6.16,0.0,40.7
2020-10-07,5.76,0.0,33.0
2020-10-08,5.92,0.0,29.700000000000003
2020-10-09,6.24,0.0,25.85
2020-10-10,5.68,0.0,32.45
2020-10-11,5.6000000000000005,0.0,32.45
2020-10-12,6.4,21.56,24.750000000000004
2020-10-13,6.08,0.0,37.400000000000006
2020-10-14,6.16,0.0,42.35
2020-10-15,6.5600000000000005,0.0,37.400000000000006
2020-10-16,6.88,0.0,34.650000000000006
2020-10-17,5.68,0.0,38.5
2020-10-18,5.12,0.0,33.0
2020-10-19,6.24,0.0,50.050000000000004
2020-10-20,6.5600000000000005,0.0,55.00000000000001
2020-10-21,7.5200000000000005,0.0,25.3
2020-10-22,6.4,21.78,33.550000000000004
2020-10-23,6.08,0.0,21.450000000000003
2020-10-24,6.640000000000001,0.0,37.95
2020-10-25,5.6000000000000005,0.0,18.700000000000003
2020-10-26,6.32,0.0,41.25
2020-10-27,6.08,0.0,37.95
2020-10-28,6.16,22.0,46.75000000000001
2020-10-29,8.0,0.0,41.800000000000004
2020-10-30,7.6000000000000005,0.0,30.800000000000004
2020-10-31,6.32,0.0,19.25
2020-11-01,6.72,,0.0
2020-11-02,6.8,,20.240000000000002
2020-11-03,6.8,,19.78
2020-11-04,5.12,,17.48
2020-11-05,5.84,,19.78
2020-11-06,5.6000000000000005,,27.6
2020-11-07,6.16,,45.080000000000005
2020-11-08,7.04,,21.16
2020-11-09,8.0,,19.32
2020-11-10,7.5200000000000005,,12.88
2020-11-11,7.76,,32.660000000000004
2020-11-12,6.96,,38.18
2020-11-13,6.48,,46.0
2020-11-14,6.96,,14.72
2020-11-15,5.76,,22.080000000000002
2020-11-16,6.4,,45.54
2020-11-17,6.72,,13.34
2020-11-18,6.96,,26.68
2020-11-19,6.5600000000000005,,6.44
2020-11-20,6.640000000000001,,13.8
2020-11-21,6.48,,15.180000000000001
2020-11-22,6.08,,14.72
2020-11-23,6.16,,6.9
2020-11-24,7.2,,27.6
2020-11-25,6.96,,34.5
2020-11-26,5.92,,14.26
2020-11-27,6.08,,28.52
2020-11-28,6.16,,36.800000000000004
2020-11-29,6.16,,35.88
2020-11-30,6.48,,6.44
2020-12-01,7.76,,39.5
2020-12-02,8.0,,49.5
2020-12-03,7.44,,50.0
