Date,GOOG,Alphabet Inc.,Alphabet
2015-01-01,67.0,0.0,44.2
2015-01-02,62.0,0.0,44.88
2015-01-03,54.0,0.0,48.96
2015-01-04,70.0,0.0,49.64
2015-01-05,76.0,0.0,55.080000000000005
2015-01-06,73.0,0.0,57.120000000000005
2015-01-07,68.0,0.0,67.32000000000001
2015-01-08,98.0,0.0,64.60000000000001
2015-01-09,78.0,0.0,59.84
2015-01-10,61.0,0.0,46.92
2015-01-11,49.0,0.0,44.88
2015-01-12,92.0,0.0,60.52
2015-01-13,99.0,0.0,66.64
2015-01-14,78.0,4.0,61.2
2015-01-15,77.0,0.0,61.2
2015-01-16,82.0,0.0,59.84
2015-01-17,54.0,0.0,47.6
2015-01-18,51.0,0.0,48.96
2015-01-19,71.0,0.0,48.28
2015-01-20,72.0,0.0,57.800000000000004
2015-01-21,81.0,0.0,65.28
2015-01-22,97.0,0.0,68.0
2015-01-23,90.0,0.0,67.32000000000001
2015-01-24,64.0,0.0,48.96
2015-01-25,55.0,0.0,47.6
2015-01-26,81.0,0.0,59.160000000000004
2015-01-27,84.0,0.0,59.160000000000004
2015-01-28,82.0,0.0,68.0
2015-01-29,89.0,0.0,63.24
2015-01-30,100.0,0.0,63.24
2015-01-31,65.0,0.0,53.040000000000006
2015-02-01,56.26,,49.5
2015-02-02,82.45,,44.22
2015-02-03,63.05,,56.760000000000005
2015-02-04,77.6,,52.14
2015-02-05,80.50999999999999,,66.0
2015-02-06,70.81,,59.400000000000006
2015-02-07,66.92999999999999,,45.54
2015-02-08,51.41,,47.52
2015-02-09,75.66,,54.78
2015-02-10,83.42,,58.74
2015-02-11,88.27,,57.42
2015-02-12,89.24,,57.42
2015-02-13,91.17999999999999,,52.800000000000004
2015-02-14,58.199999999999996,,44.88
2015-02-15,55.29,,46.2
2015-02-16,59.17,,46.86
2015-02-17,64.99,,44.22
2015-02-18,68.87,,52.800000000000004
2015-02-19,71.78,,55.440000000000005
2015-02-20,77.6,,57.42
2015-02-21,60.14,,43.56
2015-02-22,54.32,,48.84
2015-02-23,66.92999999999999,,56.1
2015-02-24,71.78,,57.42
2015-02-25,88.27,,61.38
2015-02-26,97.0,,57.42
2015-02-27,74.69,,48.84
2015-02-28,56.26,,42.9
2015-03-01,57.599999999999994,0.0,54.18
2015-03-02,96.0,0.0,54.18
2015-03-03,76.8,0.0,55.44
2015-03-04,84.47999999999999,0.0,54.18
2015-03-05,70.08,0.0,57.33
2015-03-06,89.28,0.0,59.85
2015-03-07,56.64,0.0,50.4
2015-03-08,55.68,0.0,44.73
2015-03-09,67.2,0.0,52.29
2015-03-10,68.16,0.0,62.37
2015-03-11,76.8,0.0,60.480000000000004
2015-03-12,71.03999999999999,0.0,63.0
2015-03-13,78.72,0.0,59.85
2015-03-14,58.559999999999995,0.0,44.73
2015-03-15,57.599999999999994,0.0,46.62
2015-03-16,78.72,0.0,62.37
2015-03-17,76.8,0.0,57.33
2015-03-18,76.8,0.0,61.11
2015-03-19,90.24,0.0,53.55
2015-03-20,94.08,0.0,61.11
2015-03-21,66.24,0.0,46.62
2015-03-22,53.76,0.0,46.62
2015-03-23,92.16,0.0,61.11
2015-03-24,80.64,0.0,59.22
2015-03-25,73.92,0.0,59.22
2015-03-26,87.36,0.0,54.81
2015-03-27,85.44,0.0,53.55
2015-03-28,65.28,0.0,47.88
2015-03-29,56.64,0.0,40.32
2015-03-30,76.8,0.0,58.59
2015-03-31,73.92,0.0,53.55
2015-04-01,59.849999999999994,,50.4
2015-04-02,53.199999999999996,,50.4
2015-04-03,53.199999999999996,,45.0
2015-04-04,60.8,,37.199999999999996
2015-04-05,55.099999999999994,,39.6
2015-04-06,68.39999999999999,,48.0
2015-04-07,55.099999999999994,,49.199999999999996
2015-04-08,57.0,,52.199999999999996
2015-04-09,71.25,,51.6
2015-04-10,62.699999999999996,,48.0
2015-04-11,42.75,,37.8
2015-04-12,42.75,,40.8
2015-04-13,79.8,,54.6
2015-04-14,68.39999999999999,,57.0
2015-04-15,73.14999999999999,,58.8
2015-04-16,60.8,,59.4
2015-04-17,64.6,,56.4
2015-04-18,57.0,,40.8
2015-04-19,43.699999999999996,,42.6
2015-04-20,71.25,,49.8
2015-04-21,74.1,,60.0
2015-04-22,82.64999999999999,,54.6
2015-04-23,85.5,,54.6
2015-04-24,95.0,,51.6
2015-04-25,50.349999999999994,,40.199999999999996
2015-04-26,57.949999999999996,,42.0
2015-04-27,62.699999999999996,,53.4
2015-04-28,73.14999999999999,,57.599999999999994
2015-04-29,70.3,,56.4
2015-04-30,58.9,,51.6
2015-05-01,73.1,,48.6
2015-05-02,42.5,,31.799999999999997
2015-05-03,55.25,,35.4
2015-05-04,74.8,,50.4
2015-05-05,76.5,,54.0
2015-05-06,62.9,,58.199999999999996
2015-05-07,84.14999999999999,,50.4
2015-05-08,79.89999999999999,,53.4
2015-05-09,51.85,,46.8
2015-05-10,50.15,,37.8
2015-05-11,65.45,,55.199999999999996
2015-05-12,73.95,,55.199999999999996
2015-05-13,85.0,,55.199999999999996
2015-05-14,71.39999999999999,,50.4
2015-05-15,69.7,,53.4
2015-05-16,51.0,,37.8
2015-05-17,53.55,,48.0
2015-05-18,70.55,,47.4
2015-05-19,64.6,,55.199999999999996
2015-05-20,72.25,,54.6
2015-05-21,82.45,,53.4
2015-05-22,68.0,,46.199999999999996
2015-05-23,47.6,,40.8
2015-05-24,45.9,,60.0
2015-05-25,47.6,,39.6
2015-05-26,72.25,,53.4
2015-05-27,74.8,,49.199999999999996
2015-05-28,69.7,,55.8
2015-05-29,70.55,,55.199999999999996
2015-05-30,56.1,,36.0
2015-05-31,45.9,,42.0
2015-06-01,63.18,0.0,50.6
2015-06-02,58.5,0.0,50.050000000000004
2015-06-03,60.84,0.0,50.050000000000004
2015-06-04,65.52,0.0,55.00000000000001
2015-06-05,62.400000000000006,0.0,46.2
2015-06-06,52.260000000000005,0.0,39.6
2015-06-07,46.800000000000004,0.0,35.2
2015-06-08,78.0,0.0,45.650000000000006
2015-06-09,63.96,0.0,48.400000000000006
2015-06-10,64.74000000000001,4.0,50.050000000000004
2015-06-11,51.480000000000004,0.0,48.400000000000006
2015-06-12,69.42,0.0,47.85
2015-06-13,48.36,0.0,43.45
2015-06-14,44.46,0.0,44.550000000000004
2015-06-15,51.480000000000004,0.0,46.75000000000001
2015-06-16,68.64,0.0,47.300000000000004
2015-06-17,50.7,0.0,54.45
2015-06-18,60.06,0.0,44.0
2015-06-19,53.82,0.0,45.650000000000006
2015-06-20,53.82,0.0,44.0
2015-06-21,42.120000000000005,0.0,42.35
2015-06-22,52.260000000000005,0.0,48.95
2015-06-23,53.04,0.0,48.400000000000006
2015-06-24,59.28,0.0,51.7
2015-06-25,60.06,0.0,42.900000000000006
2015-06-26,55.38,0.0,44.550000000000004
2015-06-27,48.36,0.0,42.900000000000006
2015-06-28,46.800000000000004,0.0,44.0
2015-06-29,60.84,0.0,51.150000000000006
2015-06-30,56.160000000000004,0.0,53.900000000000006
2015-07-01,33.06,0.0,48.5
2015-07-02,33.93,0.0,40.5
2015-07-03,27.84,0.0,36.0
2015-07-04,31.32,0.0,43.5
2015-07-05,31.32,0.0,39.5
2015-07-06,29.58,0.0,45.5
2015-07-07,38.28,0.0,48.5
2015-07-08,27.84,3.7600000000000002,46.0
2015-07-09,34.8,0.0,48.5
2015-07-10,33.06,0.0,44.5
2015-07-11,31.32,0.0,43.0
2015-07-12,20.01,0.0,46.0
2015-07-13,34.8,0.0,47.5
2015-07-14,27.84,0.0,40.0
2015-07-15,26.1,0.0,41.5
2015-07-16,42.63,0.0,44.5
2015-07-17,87.0,4.0,42.5
2015-07-18,44.37,0.0,46.5
2015-07-19,32.19,0.0,43.5
2015-07-20,55.68,0.0,43.0
2015-07-21,39.15,0.0,46.0
2015-07-22,49.589999999999996,0.0,46.0
2015-07-23,38.28,0.0,48.0
2015-07-24,42.63,0.0,43.5
2015-07-25,32.19,0.0,39.0
2015-07-26,26.97,0.0,41.0
2015-07-27,35.67,0.0,43.5
2015-07-28,38.28,0.0,50.0
2015-07-29,31.32,3.8000000000000003,44.0
2015-07-30,33.93,0.0,49.0
2015-07-31,40.02,0.0,45.0
2015-08-01,34.2,0.0,13.76
2015-08-02,34.2,0.0,12.9
2015-08-03,39.6,0.0,17.2
2015-08-04,44.1,0.0,12.9
2015-08-05,39.6,0.0,15.48
2015-08-06,41.4,0.0,19.78
2015-08-07,36.9,0.0,17.2
2015-08-08,30.6,0.0,12.9
2015-08-09,29.7,0.0,14.62
2015-08-10,56.7,4.800000000000001,52.46
2015-08-11,90.0,7.1000000000000005,86.0
2015-08-12,56.7,0.0,49.019999999999996
2015-08-13,52.2,0.0,27.52
2015-08-14,42.300000000000004,10.0,24.94
2015-08-15,34.2,0.0,23.22
2015-08-16,29.7,0.0,28.38
2015-08-17,45.0,0.0,28.38
2015-08-18,46.800000000000004,0.0,21.5
2015-08-19,43.2,4.7,24.08
2015-08-20,50.4,0.0,26.66
2015-08-21,47.7,0.0,18.06
2015-08-22,39.6,0.0,18.919999999999998
2015-08-23,37.800000000000004,0.0,19.78
2015-08-24,68.4,0.0,27.52
2015-08-25,61.2,0.0,28.38
2015-08-26,54.9,0.0,25.8
2015-08-27,49.5,0.0,25.8
2015-08-28,54.9,4.800000000000001,27.52
2015-08-29,31.5,0.0,20.64
2015-08-30,27.900000000000002,0.0,20.64
2015-08-31,50.4,0.0,25.8
2015-09-01,88.0,7.84,85.0
2015-09-02,71.28,16.0,83.3
2015-09-03,80.08,0.0,71.39999999999999
2015-09-04,77.44,0.0,64.6
2015-09-05,47.52,0.0,52.699999999999996
2015-09-06,48.4,0.0,45.05
2015-09-07,58.08,0.0,53.55
2015-09-08,78.32000000000001,0.0,70.55
2015-09-09,75.68,0.0,72.25
2015-09-10,76.56,0.0,84.14999999999999
2015-09-11,72.16,0.0,68.0
2015-09-12,53.68,0.0,50.15
2015-09-13,44.88,0.0,58.65
2015-09-14,74.8,0.0,64.6
2015-09-15,65.12,0.0,75.64999999999999
2015-09-16,69.52,0.0,78.2
2015-09-17,71.28,0.0,74.8
2015-09-18,66.88,0.0,73.1
2015-09-19,57.2,0.0,50.15
2015-09-20,45.76,0.0,54.4
2015-09-21,80.08,0.0,66.3
2015-09-22,69.52,0.0,68.0
2015-09-23,71.28,0.0,65.45
2015-09-24,77.44,0.0,62.9
2015-09-25,85.36,0.0,67.14999999999999
2015-09-26,56.32,0.0,55.25
2015-09-27,45.76,0.0,56.1
2015-09-28,68.64,0.0,61.199999999999996
2015-09-29,71.28,0.0,77.35
2015-09-30,73.92,0.0,70.55
2015-10-01,47.94,0.0,69.66000000000001
2015-10-02,53.58,0.0,69.66000000000001
2015-10-03,40.419999999999995,0.0,68.04
2015-10-04,43.239999999999995,0.0,59.13
2015-10-05,62.04,11.85,77.76
2015-10-06,58.279999999999994,0.0,76.95
2015-10-07,59.22,0.0,79.38000000000001
2015-10-08,62.98,11.85,77.76
2015-10-09,55.459999999999994,0.0,67.23
2015-10-10,35.72,0.0,54.27
2015-10-11,32.9,0.0,51.84
2015-10-12,51.699999999999996,0.0,68.04
2015-10-13,58.279999999999994,0.0,76.95
2015-10-14,57.339999999999996,0.0,61.56
2015-10-15,51.699999999999996,0.0,68.85000000000001
2015-10-16,55.459999999999994,0.0,60.75000000000001
2015-10-17,26.32,0.0,46.980000000000004
2015-10-18,27.259999999999998,0.0,57.510000000000005
2015-10-19,62.04,11.549999999999999,66.42
2015-10-20,59.22,11.4,69.66000000000001
2015-10-21,57.339999999999996,0.0,72.9
2015-10-22,79.89999999999999,0.0,81.0
2015-10-23,94.0,12.15,72.09
2015-10-24,39.48,15.0,46.17
2015-10-25,45.12,0.0,51.84
2015-10-26,68.61999999999999,11.4,66.42
2015-10-27,53.58,0.0,72.09
2015-10-28,64.86,0.0,65.61
2015-10-29,62.04,0.0,61.56
2015-10-30,55.459999999999994,0.0,60.75000000000001
2015-10-31,43.239999999999995,0.0,41.31
2015-11-01,41.5,0.0,49.699999999999996
2015-11-02,73.86999999999999,0.0,58.93
2015-11-03,73.86999999999999,4.9,57.51
2015-11-04,69.72,0.0,68.16
2015-11-05,70.55,0.0,57.51
2015-11-06,70.55,5.1000000000000005,56.089999999999996
2015-11-07,54.779999999999994,0.0,48.989999999999995
2015-11-08,43.989999999999995,0.0,47.57
2015-11-09,73.86999999999999,0.0,61.769999999999996
2015-11-10,75.53,4.9,71.0
2015-11-11,65.57,0.0,51.12
2015-11-12,83.0,5.1000000000000005,68.16
2015-11-13,64.74,0.0,58.93
2015-11-14,43.16,0.0,46.15
2015-11-15,48.97,0.0,43.309999999999995
2015-11-16,63.91,0.0,66.03
2015-11-17,68.89,0.0,58.93
2015-11-18,69.72,0.0,49.699999999999996
2015-11-19,73.03999999999999,10.0,60.349999999999994
2015-11-20,71.38,0.0,53.25
2015-11-21,50.629999999999995,0.0,36.92
2015-11-22,46.48,6.4,45.44
2015-11-23,67.22999999999999,0.0,52.54
2015-11-24,54.779999999999994,0.0,47.57
2015-11-25,65.57,0.0,39.76
2015-11-26,45.65,0.0,37.629999999999995
2015-11-27,36.519999999999996,0.0,44.019999999999996
2015-11-28,40.669999999999995,0.0,41.89
2015-11-29,43.16,0.0,49.699999999999996
2015-11-30,68.06,0.0,43.309999999999995
2015-12-01,74.52000000000001,0.0,58.5
2015-12-02,75.33,19.95,65.0
2015-12-03,75.33,10.08,58.5
2015-12-04,68.04,0.0,61.1
2015-12-05,41.31,0.0,48.1
2015-12-06,49.410000000000004,0.0,48.1
2015-12-07,70.47,0.0,62.400000000000006
2015-12-08,72.09,0.0,64.35000000000001
2015-12-09,77.76,20.16,57.2
2015-12-10,76.95,0.0,62.400000000000006
2015-12-11,76.95,21.0,63.050000000000004
2015-12-12,45.36,0.0,42.25
2015-12-13,40.5,0.0,50.050000000000004
2015-12-14,68.04,0.0,57.2
2015-12-15,63.99,0.0,50.7
2015-12-16,64.80000000000001,0.0,61.1
2015-12-17,81.0,10.92,61.75
2015-12-18,72.09,0.0,52.65
2015-12-19,55.080000000000005,0.0,44.2
2015-12-20,37.260000000000005,0.0,45.5
2015-12-21,64.80000000000001,11.34,47.45
2015-12-22,62.370000000000005,0.0,46.800000000000004
2015-12-23,58.32000000000001,0.0,43.550000000000004
2015-12-24,50.220000000000006,0.0,40.95
2015-12-25,49.410000000000004,0.0,42.25
2015-12-26,41.31,0.0,43.550000000000004
2015-12-27,55.89,0.0,37.050000000000004
2015-12-28,56.7,0.0,42.25
2015-12-29,60.75000000000001,11.549999999999999,46.800000000000004
2015-12-30,58.32000000000001,0.0,42.25
2015-12-31,52.650000000000006,12.389999999999999,43.550000000000004
2016-01-01,33.3,0.0,39.68
2016-01-02,32.56,0.0,38.44
2016-01-03,32.56,0.0,42.78
2016-01-04,43.66,0.0,50.839999999999996
2016-01-05,64.38,0.0,52.7
2016-01-06,54.76,0.0,57.04
2016-01-07,50.32,0.0,58.28
2016-01-08,45.88,0.0,60.14
2016-01-09,39.22,13.770000000000001,42.78
2016-01-10,34.78,0.0,40.92
2016-01-11,56.24,17.0,52.7
2016-01-12,41.44,0.0,55.8
2016-01-13,74.0,11.73,60.76
2016-01-14,46.62,0.0,54.56
2016-01-15,60.68,11.9,47.74
2016-01-16,40.7,0.0,42.16
2016-01-17,34.04,0.0,44.02
2016-01-18,41.44,0.0,46.5
2016-01-19,49.58,11.56,50.839999999999996
2016-01-20,56.24,0.0,55.8
2016-01-21,60.68,0.0,61.38
2016-01-22,59.2,0.0,59.519999999999996
2016-01-23,42.18,0.0,47.12
2016-01-24,40.7,0.0,47.74
2016-01-25,48.1,0.0,53.32
2016-01-26,54.019999999999996,11.56,58.9
2016-01-27,63.64,11.73,60.76
2016-01-28,60.68,0.0,62.0
2016-01-29,71.03999999999999,0.0,57.66
2016-01-30,39.96,14.110000000000001,48.36
2016-01-31,42.18,0.0,49.6
2016-02-01,79.17,17.0,49.58
2016-02-02,87.0,5.44,74.0
2016-02-03,60.03,5.61,54.76
2016-02-04,54.81,5.61,54.019999999999996
2016-02-05,60.9,0.0,46.62
2016-02-06,36.54,0.0,40.7
2016-02-07,33.06,0.0,38.48
2016-02-08,49.589999999999996,0.0,39.96
2016-02-09,52.2,0.0,48.1
2016-02-10,53.94,11.22,48.1
2016-02-11,42.63,5.61,51.06
2016-02-12,59.16,0.0,41.44
2016-02-13,26.97,0.0,41.44
2016-02-14,24.36,0.0,35.519999999999996
2016-02-15,33.06,0.0,43.66
2016-02-16,37.41,5.61,41.44
2016-02-17,42.63,0.0,51.06
2016-02-18,42.63,0.0,52.54
2016-02-19,45.24,5.78,45.14
2016-02-20,33.93,0.0,38.48
2016-02-21,38.28,0.0,39.22
2016-02-22,40.02,0.0,45.14
2016-02-23,46.11,0.0,51.8
2016-02-24,43.5,0.0,48.839999999999996
2016-02-25,39.15,5.61,48.1
2016-02-26,40.02,11.56,44.4
2016-02-27,26.97,0.0,34.78
2016-02-28,26.97,0.0,42.18
2016-02-29,43.5,0.0,45.14
2016-03-01,56.58,0.0,63.050000000000004
2016-03-02,51.74999999999999,0.0,62.400000000000006
2016-03-03,69.0,0.0,65.0
2016-03-04,60.72,0.0,55.25
2016-03-05,36.57,0.0,59.15
2016-03-06,44.849999999999994,0.0,52.0
2016-03-07,67.61999999999999,0.0,53.300000000000004
2016-03-08,53.81999999999999,0.0,53.95
2016-03-09,67.61999999999999,0.0,56.550000000000004
2016-03-10,48.3,0.0,55.9
2016-03-11,53.129999999999995,0.0,52.65
2016-03-12,30.36,0.0,39.65
2016-03-13,32.43,0.0,48.75
2016-03-14,57.269999999999996,8.73,65.0
2016-03-15,66.24,0.0,56.550000000000004
2016-03-16,53.129999999999995,0.0,55.9
2016-03-17,62.099999999999994,0.0,57.85
2016-03-18,51.74999999999999,0.0,51.35
2016-03-19,24.839999999999996,0.0,52.0
2016-03-20,28.29,0.0,45.5
2016-03-21,61.41,0.0,46.800000000000004
2016-03-22,66.92999999999999,8.82,55.9
2016-03-23,44.16,8.91,60.45
2016-03-24,60.029999999999994,9.0,48.1
2016-03-25,41.4,0.0,46.800000000000004
2016-03-26,33.809999999999995,0.0,44.2
2016-03-27,33.12,0.0,50.7
2016-03-28,60.029999999999994,0.0,47.45
2016-03-29,46.23,8.82,57.85
2016-03-30,56.58,0.0,55.9
2016-03-31,48.3,0.0,56.550000000000004
2016-04-01,43.5,7.420000000000001,52.65
2016-04-02,27.75,0.0,44.85
2016-04-03,27.75,0.0,44.2
2016-04-04,42.75,0.0,52.65
2016-04-05,44.25,7.140000000000001,51.35
2016-04-06,42.75,0.0,56.550000000000004
2016-04-07,42.0,0.0,52.65
2016-04-08,45.0,0.0,49.4
2016-04-09,25.5,0.0,48.75
2016-04-10,30.75,0.0,39.65
2016-04-11,45.0,7.140000000000001,53.95
2016-04-12,40.5,0.0,57.2
2016-04-13,45.75,7.280000000000001,55.25
2016-04-14,40.5,0.0,56.550000000000004
2016-04-15,45.75,0.0,52.65
2016-04-16,30.0,0.0,46.800000000000004
2016-04-17,30.0,0.0,47.45
2016-04-18,43.5,0.0,55.25
2016-04-19,52.5,0.0,44.85
2016-04-20,44.25,0.0,45.5
2016-04-21,75.0,0.0,53.300000000000004
2016-04-22,72.75,7.280000000000001,59.15
2016-04-23,34.5,0.0,48.75
2016-04-24,31.5,0.0,44.85
2016-04-25,49.5,0.0,50.050000000000004
2016-04-26,54.0,14.000000000000002,65.0
2016-04-27,46.5,0.0,50.050000000000004
2016-04-28,52.5,0.0,56.550000000000004
2016-04-29,50.25,0.0,51.35
2016-04-30,30.0,0.0,43.550000000000004
2016-05-01,42.599999999999994,0.0,45.6
2016-05-02,62.48,0.0,53.4
2016-05-03,68.86999999999999,0.0,49.8
2016-05-04,68.86999999999999,15.959999999999999,50.4
2016-05-05,66.03,0.0,53.4
2016-05-06,55.379999999999995,17.009999999999998,51.0
2016-05-07,41.18,0.0,37.199999999999996
2016-05-08,45.44,0.0,37.199999999999996
2016-05-09,61.059999999999995,0.0,50.4
2016-05-10,63.9,0.0,57.0
2016-05-11,51.12,0.0,54.6
2016-05-12,68.16,0.0,55.8
2016-05-13,71.0,0.0,47.4
2016-05-14,41.89,0.0,36.0
2016-05-15,35.5,0.0,41.4
2016-05-16,52.54,0.0,55.199999999999996
2016-05-17,57.51,0.0,60.0
2016-05-18,68.16,0.0,58.8
2016-05-19,64.61,0.0,55.8
2016-05-20,54.669999999999995,0.0,52.199999999999996
2016-05-21,39.05,0.0,37.8
2016-05-22,34.08,0.0,45.0
2016-05-23,56.8,16.59,53.4
2016-05-24,64.61,0.0,46.8
2016-05-25,60.349999999999994,0.0,52.199999999999996
2016-05-26,66.74,0.0,47.4
2016-05-27,55.379999999999995,0.0,42.6
2016-05-28,34.08,21.0,34.199999999999996
2016-05-29,30.529999999999998,0.0,38.4
2016-05-30,40.47,0.0,41.4
2016-05-31,59.64,0.0,42.0
2016-06-01,47.45,0.0,55.00000000000001
2016-06-02,52.0,0.0,55.00000000000001
2016-06-03,43.550000000000004,8.32,50.6
2016-06-04,25.35,0.0,47.85
2016-06-05,30.55,0.0,46.2
2016-06-06,51.35,16.0,48.400000000000006
2016-06-07,44.85,0.0,51.7
2016-06-08,39.0,0.0,46.75000000000001
2016-06-09,52.0,0.0,48.95
2016-06-10,38.35,0.0,46.75000000000001
2016-06-11,34.45,0.0,45.650000000000006
2016-06-12,28.6,0.0,42.900000000000006
2016-06-13,45.5,0.0,47.300000000000004
2016-06-14,33.800000000000004,0.0,48.95
2016-06-15,40.95,8.16,44.550000000000004
2016-06-16,40.300000000000004,0.0,44.550000000000004
2016-06-17,40.300000000000004,0.0,45.650000000000006
2016-06-18,26.0,0.0,41.25
2016-06-19,26.0,0.0,43.45
2016-06-20,37.7,0.0,44.550000000000004
2016-06-21,39.65,8.16,43.45
2016-06-22,42.25,0.0,48.400000000000006
2016-06-23,40.95,8.32,43.45
2016-06-24,65.0,8.48,45.650000000000006
2016-06-25,33.15,0.0,40.150000000000006
2016-06-26,24.05,0.0,40.150000000000006
2016-06-27,47.45,0.0,47.300000000000004
2016-06-28,49.4,0.0,45.650000000000006
2016-06-29,47.45,0.0,47.300000000000004
2016-06-30,39.0,0.0,47.85
2016-07-01,28.6,0.0,46.410000000000004
2016-07-02,26.0,0.0,42.84
2016-07-03,20.150000000000002,0.0,42.33
2016-07-04,13.65,0.0,36.72
2016-07-05,35.1,0.0,42.84
2016-07-06,28.6,0.0,45.9
2016-07-07,28.6,0.0,46.410000000000004
2016-07-08,29.900000000000002,0.0,43.86
2016-07-09,24.7,0.0,46.92
2016-07-10,24.7,0.0,37.74
2016-07-11,38.35,0.0,45.39
2016-07-12,36.4,0.0,51.0
2016-07-13,30.55,0.0,43.86
2016-07-14,34.45,0.0,48.96
2016-07-15,38.35,0.0,39.78
2016-07-16,22.75,0.0,38.76
2016-07-17,22.1,8.0,40.29
2016-07-18,39.0,0.0,41.82
2016-07-19,29.900000000000002,6.640000000000001,44.37
2016-07-20,35.1,6.8,43.86
2016-07-21,26.0,0.0,46.410000000000004
2016-07-22,30.55,0.0,38.76
2016-07-23,25.35,0.0,37.74
2016-07-24,22.1,0.0,37.74
2016-07-25,31.200000000000003,0.0,41.82
2016-07-26,29.900000000000002,6.640000000000001,43.86
2016-07-27,31.85,0.0,42.84
2016-07-28,65.0,6.5600000000000005,49.980000000000004
2016-07-29,63.7,0.0,49.47
2016-07-30,27.3,0.0,44.37
2016-07-31,23.400000000000002,0.0,49.980000000000004
2016-08-01,62.0,0.0,29.92
2016-08-02,58.28,0.0,31.96
2016-08-03,52.7,0.0,29.240000000000002
2016-08-04,45.88,0.0,35.36
2016-08-05,50.22,0.0,27.200000000000003
2016-08-06,31.62,0.0,68.0
2016-08-07,34.72,0.0,29.92
2016-08-08,44.64,0.0,30.6
2016-08-09,51.46,0.0,34.0
2016-08-10,50.839999999999996,0.0,30.6
2016-08-11,50.22,0.0,34.68
2016-08-12,46.5,0.0,25.840000000000003
2016-08-13,35.96,0.0,24.48
2016-08-14,35.339999999999996,0.0,28.560000000000002
2016-08-15,45.26,0.0,34.0
2016-08-16,42.16,0.0,36.04
2016-08-17,57.04,0.0,37.400000000000006
2016-08-18,42.78,0.0,38.080000000000005
2016-08-19,45.26,0.0,38.760000000000005
2016-08-20,40.92,0.0,27.880000000000003
2016-08-21,39.06,0.0,29.240000000000002
2016-08-22,40.92,0.0,37.400000000000006
2016-08-23,59.519999999999996,0.0,48.28
2016-08-24,50.839999999999996,0.0,47.6
2016-08-25,57.04,0.0,47.6
2016-08-26,43.4,0.0,45.56
2016-08-27,37.82,0.0,31.28
2016-08-28,23.56,0.0,40.120000000000005
2016-08-29,56.42,7.000000000000001,44.2
2016-08-30,50.22,0.0,46.92
2016-08-31,45.88,0.0,50.32
2016-09-01,56.4,0.0,66.12
2016-09-02,39.6,0.0,67.64
2016-09-03,28.2,0.0,44.84
2016-09-04,26.4,0.0,43.32
2016-09-05,34.199999999999996,0.0,47.88
2016-09-06,46.199999999999996,0.0,59.28
2016-09-07,43.8,0.0,68.4
2016-09-08,44.4,0.0,66.88
2016-09-09,48.6,0.0,61.56
2016-09-10,29.4,0.0,45.6
2016-09-11,31.799999999999997,0.0,53.96
2016-09-12,43.199999999999996,0.0,65.36
2016-09-13,40.8,0.0,76.0
2016-09-14,43.199999999999996,0.0,69.16
2016-09-15,55.199999999999996,0.0,67.64
2016-09-16,60.0,0.0,57.0
2016-09-17,17.4,0.0,43.32
2016-09-18,29.4,0.0,50.92
2016-09-19,48.6,0.0,59.28
2016-09-20,54.0,0.0,64.6
2016-09-21,50.4,0.0,63.84
2016-09-22,39.0,12.0,67.64
2016-09-23,44.4,0.0,53.2
2016-09-24,25.2,0.0,38.76
2016-09-25,18.0,0.0,47.88
2016-09-26,40.199999999999996,0.0,57.0
2016-09-27,42.0,11.76,64.6
2016-09-28,46.8,0.0,69.92
2016-09-29,36.0,0.0,59.28
2016-09-30,37.8,0.0,60.04
2016-10-01,21.78,0.0,37.620000000000005
2016-10-02,26.400000000000002,0.0,46.2
2016-10-03,35.64,5.7,57.42
2016-10-04,40.260000000000005,0.0,66.0
2016-10-05,37.620000000000005,0.0,61.38
2016-10-06,33.660000000000004,0.0,57.42
2016-10-07,31.68,0.0,46.2
2016-10-08,21.78,0.0,40.92
2016-10-09,24.42,0.0,48.18
2016-10-10,34.32,0.0,49.5
2016-10-11,35.64,0.0,54.78
2016-10-12,31.020000000000003,0.0,57.42
2016-10-13,38.940000000000005,0.0,56.760000000000005
2016-10-14,37.620000000000005,0.0,54.120000000000005
2016-10-15,21.12,0.0,37.620000000000005
2016-10-16,25.740000000000002,0.0,48.84
2016-10-17,31.68,0.0,63.36
2016-10-18,43.56,0.0,66.0
2016-10-19,38.940000000000005,0.0,58.74
2016-10-20,42.24,0.0,57.42
2016-10-21,33.0,6.0,51.480000000000004
2016-10-22,23.1,0.0,42.9
2016-10-23,30.360000000000003,0.0,45.54
2016-10-24,40.260000000000005,0.0,58.080000000000005
2016-10-25,34.32,0.0,60.720000000000006
2016-10-26,44.88,0.0,63.36
2016-10-27,65.34,0.0,64.02
2016-10-28,66.0,0.0,58.080000000000005
2016-10-29,26.400000000000002,0.0,42.24
2016-10-30,18.48,0.0,40.92
2016-10-31,47.52,0.0,46.2
2016-11-01,49.5,4.77,50.22
2016-11-02,50.160000000000004,0.0,62.0
2016-11-03,58.74,0.0,47.12
2016-11-04,55.440000000000005,4.77,49.6
2016-11-05,33.0,0.0,48.98
2016-11-06,27.720000000000002,0.0,40.92
2016-11-07,52.14,0.0,48.36
2016-11-08,51.480000000000004,0.0,46.5
2016-11-09,65.34,0.0,36.58
2016-11-10,66.0,0.0,53.94
2016-11-11,56.760000000000005,0.0,49.6
2016-11-12,33.660000000000004,0.0,37.82
2016-11-13,33.660000000000004,5.31,39.06
2016-11-14,54.78,9.0,51.46
2016-11-15,50.160000000000004,0.0,48.36
2016-11-16,51.480000000000004,0.0,62.0
2016-11-17,50.160000000000004,0.0,60.14
2016-11-18,52.14,0.0,54.56
2016-11-19,29.040000000000003,0.0,39.06
2016-11-20,25.740000000000002,0.0,40.3
2016-11-21,41.580000000000005,0.0,49.6
2016-11-22,42.9,0.0,42.16
2016-11-23,37.620000000000005,4.95,50.839999999999996
2016-11-24,26.400000000000002,5.3999999999999995,35.96
2016-11-25,35.64,0.0,35.96
2016-11-26,29.700000000000003,0.0,38.44
2016-11-27,33.0,5.13,44.64
2016-11-28,46.86,0.0,40.92
2016-11-29,50.160000000000004,4.2299999999999995,55.18
2016-11-30,45.54,0.0,54.56
2016-12-01,47.300000000000004,0.0,60.0
2016-12-02,47.85,0.0,47.4
2016-12-03,22.55,0.0,39.6
2016-12-04,29.700000000000003,0.0,43.8
2016-12-05,48.95,7.38,46.199999999999996
2016-12-06,45.650000000000006,0.0,48.0
2016-12-07,33.550000000000004,8.1,57.599999999999994
2016-12-08,50.6,0.0,46.8
2016-12-09,41.25,8.64,46.199999999999996
2016-12-10,24.200000000000003,0.0,38.4
2016-12-11,24.200000000000003,0.0,38.4
2016-12-12,49.50000000000001,0.0,45.6
2016-12-13,55.00000000000001,0.0,57.0
2016-12-14,45.1,0.0,54.0
2016-12-15,41.800000000000004,0.0,52.199999999999996
2016-12-16,31.900000000000002,0.0,46.199999999999996
2016-12-17,24.200000000000003,0.0,34.199999999999996
2016-12-18,25.85,0.0,42.0
2016-12-19,47.85,0.0,43.8
2016-12-20,51.7,0.0,50.4
2016-12-21,42.35,0.0,48.0
2016-12-22,34.650000000000006,0.0,51.0
2016-12-23,35.75,0.0,38.4
2016-12-24,20.35,0.0,36.0
2016-12-25,19.25,0.0,35.4
2016-12-26,21.450000000000003,0.0,32.4
2016-12-27,30.250000000000004,0.0,36.6
2016-12-28,33.0,0.0,38.4
2016-12-29,35.2,9.0,39.0
2016-12-30,32.45,0.0,34.8
2016-12-31,22.0,0.0,40.199999999999996
2017-01-01,15.0,0.0,35.84
2017-01-02,17.4,0.0,33.92
2017-01-03,28.2,10.0,44.160000000000004
2017-01-04,28.799999999999997,0.0,54.4
2017-01-05,31.799999999999997,0.0,53.76
2017-01-06,22.8,0.0,55.04
2017-01-07,18.599999999999998,0.0,40.32
2017-01-08,18.0,0.0,43.52
2017-01-09,28.2,0.0,51.2
2017-01-10,30.599999999999998,0.0,49.28
2017-01-11,31.2,0.0,60.160000000000004
2017-01-12,27.0,0.0,58.88
2017-01-13,27.0,0.0,48.64
2017-01-14,21.599999999999998,0.0,40.32
2017-01-15,19.2,0.0,39.04
2017-01-16,21.0,0.0,40.96
2017-01-17,21.599999999999998,0.0,47.36
2017-01-18,29.4,0.0,53.76
2017-01-19,28.2,9.600000000000001,53.120000000000005
2017-01-20,37.8,0.0,49.92
2017-01-21,18.0,0.0,37.12
2017-01-22,18.0,0.0,39.04
2017-01-23,31.2,0.0,56.32
2017-01-24,29.4,0.0,57.6
2017-01-25,33.6,0.0,55.04
2017-01-26,57.599999999999994,0.0,60.160000000000004
2017-01-27,60.0,0.0,60.800000000000004
2017-01-28,25.2,0.0,40.96
2017-01-29,19.2,0.0,48.64
2017-01-30,37.199999999999996,0.0,60.160000000000004
2017-01-31,31.799999999999997,9.5,64.0
2017-02-01,57.419999999999995,0.0,53.120000000000005
2017-02-02,57.99999999999999,7.84,51.2
2017-02-03,53.36,16.0,49.28
2017-02-04,17.98,0.0,44.160000000000004
2017-02-05,31.319999999999997,0.0,42.24
2017-02-06,45.239999999999995,0.0,50.56
2017-02-07,37.699999999999996,11.52,55.04
2017-02-08,44.66,7.84,61.44
2017-02-09,34.8,7.84,52.480000000000004
2017-02-10,45.239999999999995,8.0,49.28
2017-02-11,29.58,0.0,42.24
2017-02-12,30.159999999999997,0.0,47.36
2017-02-13,41.18,0.0,51.84
2017-02-14,46.4,7.84,54.4
2017-02-15,52.199999999999996,16.0,64.0
2017-02-16,44.08,0.0,58.88
2017-02-17,44.08,7.84,51.84
2017-02-18,31.319999999999997,9.28,40.32
2017-02-19,19.72,0.0,44.800000000000004
2017-02-20,30.159999999999997,0.0,44.800000000000004
2017-02-21,38.279999999999994,0.0,57.6
2017-02-22,42.339999999999996,0.0,58.24
2017-02-23,48.13999999999999,0.0,53.76
2017-02-24,43.5,0.0,47.36
2017-02-25,25.52,0.0,42.88
2017-02-26,28.419999999999998,0.0,42.24
2017-02-27,31.319999999999997,0.0,49.92
2017-02-28,36.54,7.36,54.4
2017-03-01,51.52,0.0,55.68
2017-03-02,56.00000000000001,0.0,61.44
2017-03-03,46.480000000000004,0.0,53.76
2017-03-04,26.880000000000003,0.0,44.800000000000004
2017-03-05,33.6,0.0,52.480000000000004
2017-03-06,43.120000000000005,0.0,50.56
2017-03-07,42.00000000000001,0.0,57.6
2017-03-08,48.720000000000006,9.24,60.800000000000004
2017-03-09,47.6,9.13,58.24
2017-03-10,53.2,0.0,50.56
2017-03-11,28.000000000000004,0.0,41.6
2017-03-12,26.880000000000003,0.0,44.800000000000004
2017-03-13,42.00000000000001,8.58,50.56
2017-03-14,39.760000000000005,9.24,60.800000000000004
2017-03-15,38.64,0.0,51.84
2017-03-16,39.2,9.35,49.92
2017-03-17,44.24,0.0,51.2
2017-03-18,26.320000000000004,0.0,39.68
2017-03-19,25.200000000000003,0.0,42.88
2017-03-20,44.800000000000004,0.0,53.76
2017-03-21,55.440000000000005,9.24,55.04
2017-03-22,55.440000000000005,0.0,59.52
2017-03-23,42.00000000000001,9.46,64.0
2017-03-24,52.080000000000005,0.0,46.08
2017-03-25,37.52,0.0,44.160000000000004
2017-03-26,28.560000000000002,11.0,44.800000000000004
2017-03-27,46.480000000000004,0.0,49.92
2017-03-28,46.480000000000004,9.24,55.04
2017-03-29,45.36000000000001,9.35,57.6
2017-03-30,49.28,0.0,60.160000000000004
2017-03-31,42.00000000000001,0.0,57.6
2017-04-01,16.2,0.0,44.02
2017-04-02,16.2,0.0,47.12
2017-04-03,27.0,11.440000000000001,51.46
2017-04-04,27.599999999999998,11.57,55.8
2017-04-05,30.0,0.0,55.8
2017-04-06,26.4,0.0,52.7
2017-04-07,25.2,0.0,53.94
2017-04-08,14.399999999999999,0.0,46.5
2017-04-09,12.6,0.0,42.78
2017-04-10,23.4,0.0,52.08
2017-04-11,27.0,0.0,47.12
2017-04-12,22.2,0.0,54.56
2017-04-13,24.599999999999998,12.09,50.22
2017-04-14,23.4,13.0,48.36
2017-04-15,13.799999999999999,0.0,35.339999999999996
2017-04-16,15.0,0.0,42.78
2017-04-17,25.8,0.0,40.3
2017-04-18,28.799999999999997,0.0,49.6
2017-04-19,24.0,0.0,52.7
2017-04-20,25.8,0.0,50.22
2017-04-21,23.4,0.0,45.26
2017-04-22,16.8,0.0,47.74
2017-04-23,14.399999999999999,0.0,47.12
2017-04-24,27.0,0.0,56.42
2017-04-25,27.599999999999998,0.0,56.42
2017-04-26,28.2,0.0,60.76
2017-04-27,53.4,11.57,53.32
2017-04-28,60.0,12.09,62.0
2017-04-29,23.4,0.0,50.839999999999996
2017-04-30,16.8,0.0,51.46
2017-05-01,61.0,0.0,49.28
2017-05-02,51.24,0.0,51.84
2017-05-03,52.46,0.0,46.72
2017-05-04,51.24,0.0,48.64
2017-05-05,46.97,8.16,50.56
2017-05-06,33.55,0.0,37.12
2017-05-07,29.28,0.0,41.6
2017-05-08,54.29,0.0,46.72
2017-05-09,53.07,7.82,49.92
2017-05-10,42.089999999999996,0.0,58.88
2017-05-11,46.97,0.0,50.56
2017-05-12,53.07,0.0,52.480000000000004
2017-05-13,31.11,0.0,39.68
2017-05-14,29.28,0.0,42.24
2017-05-15,53.07,0.0,48.64
2017-05-16,48.19,0.0,54.4
2017-05-17,54.9,17.0,61.44
2017-05-18,48.19,0.0,50.56
2017-05-19,46.36,0.0,54.4
2017-05-20,24.4,0.0,39.68
2017-05-21,26.23,0.0,37.12
2017-05-22,48.8,0.0,58.24
2017-05-23,51.85,0.0,47.36
2017-05-24,58.56,0.0,51.2
2017-05-25,60.39,0.0,51.84
2017-05-26,54.9,0.0,48.0
2017-05-27,30.5,0.0,37.12
2017-05-28,24.4,0.0,37.76
2017-05-29,29.89,9.860000000000001,32.0
2017-05-30,53.07,0.0,56.32
2017-05-31,46.36,0.0,64.0
2017-06-01,43.68000000000001,0.0,55.00000000000001
2017-06-02,35.84,0.0,41.800000000000004
2017-06-03,26.880000000000003,0.0,36.300000000000004
2017-06-04,16.8,0.0,36.85
2017-06-05,49.84,15.98,50.050000000000004
2017-06-06,49.84,0.0,45.650000000000006
2017-06-07,41.440000000000005,0.0,42.900000000000006
2017-06-08,40.32000000000001,0.0,42.35
2017-06-09,49.84,0.0,44.550000000000004
2017-06-10,29.120000000000005,0.0,35.75
2017-06-11,27.44,0.0,36.85
2017-06-12,49.84,0.0,35.75
2017-06-13,43.68000000000001,15.64,49.50000000000001
2017-06-14,36.96,0.0,47.85
2017-06-15,42.00000000000001,0.0,46.75000000000001
2017-06-16,43.68000000000001,17.0,39.6
2017-06-17,18.48,0.0,40.150000000000006
2017-06-18,22.400000000000002,0.0,42.900000000000006
2017-06-19,39.760000000000005,0.0,40.7
2017-06-20,38.64,0.0,47.300000000000004
2017-06-21,32.480000000000004,0.0,37.95
2017-06-22,28.560000000000002,0.0,40.7
2017-06-23,31.360000000000003,15.64,33.550000000000004
2017-06-24,22.400000000000002,0.0,41.25
2017-06-25,20.720000000000002,0.0,36.300000000000004
2017-06-26,34.160000000000004,0.0,39.050000000000004
2017-06-27,56.00000000000001,16.66,37.95
2017-06-28,44.800000000000004,0.0,40.7
2017-06-29,43.120000000000005,0.0,34.650000000000006
2017-06-30,47.6,0.0,35.75
2017-07-01,15.950000000000001,18.0,38.480000000000004
2017-07-02,15.400000000000002,0.0,42.64
2017-07-03,29.700000000000003,16.56,41.6
2017-07-04,27.500000000000004,0.0,45.24
2017-07-05,28.05,0.0,43.68
2017-07-06,27.500000000000004,0.0,43.160000000000004
2017-07-07,21.450000000000003,0.0,46.800000000000004
2017-07-08,14.3,0.0,44.2
2017-07-09,15.950000000000001,18.0,39.0
2017-07-10,25.85,0.0,41.08
2017-07-11,23.1,0.0,45.760000000000005
2017-07-12,29.700000000000003,0.0,43.68
2017-07-13,29.150000000000002,0.0,45.24
2017-07-14,27.500000000000004,0.0,40.04
2017-07-15,18.150000000000002,0.0,40.56
2017-07-16,15.950000000000001,0.0,42.120000000000005
2017-07-17,27.500000000000004,15.479999999999999,45.24
2017-07-18,28.6,0.0,43.160000000000004
2017-07-19,23.1,0.0,42.64
2017-07-20,25.3,0.0,42.120000000000005
2017-07-21,24.750000000000004,0.0,40.04
2017-07-22,17.05,0.0,37.96
2017-07-23,12.65,0.0,42.64
2017-07-24,53.900000000000006,0.0,47.32
2017-07-25,55.00000000000001,0.0,52.0
2017-07-26,35.75,0.0,49.4
2017-07-27,42.900000000000006,0.0,44.2
2017-07-28,32.45,0.0,44.72
2017-07-29,16.5,0.0,50.440000000000005
2017-07-30,17.6,0.0,36.4
2017-07-31,24.200000000000003,15.12,41.08
2017-08-01,40.0,0.0,40.32
2017-08-02,38.0,0.0,39.69
2017-08-03,40.5,0.0,39.69
2017-08-04,43.0,0.0,40.32
2017-08-05,27.0,0.0,35.28
2017-08-06,21.0,0.0,39.06
2017-08-07,43.0,0.0,42.84
2017-08-08,40.0,0.0,44.73
2017-08-09,38.0,6.720000000000001,41.58
2017-08-10,40.0,6.930000000000001,39.69
2017-08-11,47.0,7.000000000000001,47.88
2017-08-12,28.5,0.0,37.8
2017-08-13,23.5,0.0,39.06
2017-08-14,44.0,0.0,39.06
2017-08-15,37.5,0.0,50.4
2017-08-16,38.5,0.0,47.25
2017-08-17,32.5,6.86,46.62
2017-08-18,39.0,6.930000000000001,50.4
2017-08-19,26.0,0.0,39.69
2017-08-20,14.5,0.0,38.43
2017-08-21,41.5,0.0,40.95
2017-08-22,50.0,6.790000000000001,52.29
2017-08-23,36.0,6.720000000000001,55.44
2017-08-24,39.0,0.0,58.59
2017-08-25,41.0,0.0,51.03
2017-08-26,24.0,0.0,39.69
2017-08-27,24.5,0.0,38.43
2017-08-28,43.0,0.0,49.77
2017-08-29,42.5,0.0,63.0
2017-08-30,39.5,0.0,61.74
2017-08-31,47.0,0.0,60.480000000000004
2017-09-01,42.5,0.0,61.5
2017-09-02,27.0,0.0,39.75
2017-09-03,18.5,0.0,44.25
2017-09-04,24.5,0.0,52.5
2017-09-05,37.5,0.0,65.25
2017-09-06,33.0,0.0,69.0
2017-09-07,37.0,0.0,68.25
2017-09-08,28.5,0.0,60.75
2017-09-09,20.5,0.0,47.25
2017-09-10,28.0,0.0,53.25
2017-09-11,47.0,0.0,61.5
2017-09-12,37.0,14.000000000000002,62.25
2017-09-13,38.0,14.000000000000002,69.0
2017-09-14,45.5,0.0,71.25
2017-09-15,38.5,0.0,61.5
2017-09-16,24.0,0.0,44.25
2017-09-17,29.0,0.0,49.5
2017-09-18,39.5,14.000000000000002,66.75
2017-09-19,44.5,0.0,72.75
2017-09-20,39.5,0.0,67.5
2017-09-21,50.0,0.0,68.25
2017-09-22,35.0,0.0,67.5
2017-09-23,19.5,0.0,45.75
2017-09-24,22.5,0.0,47.25
2017-09-25,38.5,0.0,64.5
2017-09-26,47.0,0.0,69.0
2017-09-27,44.5,0.0,75.0
2017-09-28,40.5,0.0,66.0
2017-09-29,39.5,0.0,66.75
2017-09-30,17.0,0.0,44.25
2017-10-01,14.249999999999998,0.0,52.54
2017-10-02,22.229999999999997,0.0,59.94
2017-10-03,29.069999999999997,0.0,70.3
2017-10-04,28.499999999999996,0.0,66.6
2017-10-05,18.24,26.0,65.86
2017-10-06,27.36,0.0,57.72
2017-10-07,18.24,0.0,45.14
2017-10-08,14.819999999999999,0.0,48.839999999999996
2017-10-09,22.229999999999997,0.0,63.64
2017-10-10,30.779999999999998,0.0,65.12
2017-10-11,27.36,0.0,67.34
2017-10-12,32.489999999999995,0.0,67.34
2017-10-13,28.499999999999996,8.84,62.16
2017-10-14,13.11,0.0,50.32
2017-10-15,15.959999999999999,0.0,54.76
2017-10-16,25.65,0.0,59.2
2017-10-17,33.059999999999995,0.0,67.34
2017-10-18,25.65,8.58,63.64
2017-10-19,21.09,0.0,68.82
2017-10-20,25.65,0.0,65.86
2017-10-21,10.829999999999998,10.66,50.32
2017-10-22,19.95,0.0,54.76
2017-10-23,29.639999999999997,0.0,62.9
2017-10-24,33.059999999999995,0.0,66.6
2017-10-25,30.209999999999997,0.0,64.38
2017-10-26,48.449999999999996,0.0,74.0
2017-10-27,56.99999999999999,0.0,65.86
2017-10-28,22.229999999999997,0.0,47.36
2017-10-29,18.24,0.0,54.76
2017-10-30,32.489999999999995,0.0,59.2
2017-10-31,27.36,0.0,60.68
2017-11-01,52.080000000000005,0.0,61.599999999999994
2017-11-02,56.00000000000001,8.71,62.99999999999999
2017-11-03,43.68000000000001,0.0,64.39999999999999
2017-11-04,25.76,0.0,53.199999999999996
2017-11-05,27.44,0.0,47.599999999999994
2017-11-06,46.480000000000004,8.71,63.699999999999996
2017-11-07,48.720000000000006,8.71,70.0
2017-11-08,53.2,13.0,65.1
2017-11-09,35.84,0.0,70.0
2017-11-10,47.6,0.0,58.099999999999994
2017-11-11,23.520000000000003,0.0,46.9
2017-11-12,27.44,0.0,49.699999999999996
2017-11-13,49.28,8.84,62.3
2017-11-14,41.440000000000005,0.0,65.1
2017-11-15,50.400000000000006,0.0,59.49999999999999
2017-11-16,44.24,8.71,65.1
2017-11-17,42.00000000000001,0.0,54.599999999999994
2017-11-18,25.76,0.0,47.599999999999994
2017-11-19,27.44,10.4,45.5
2017-11-20,44.800000000000004,0.0,56.699999999999996
2017-11-21,37.52,0.0,56.699999999999996
2017-11-22,31.92,9.620000000000001,51.099999999999994
2017-11-23,14.560000000000002,0.0,42.0
2017-11-24,34.720000000000006,0.0,39.9
2017-11-25,23.520000000000003,10.27,49.0
2017-11-26,19.040000000000003,0.0,44.8
2017-11-27,43.120000000000005,8.32,64.39999999999999
2017-11-28,43.120000000000005,0.0,57.4
2017-11-29,54.32000000000001,8.58,68.6
2017-11-30,54.32000000000001,0.0,63.699999999999996
2017-12-01,47.43,0.0,63.0
2017-12-02,22.95,5.8500000000000005,40.95
2017-12-03,22.44,0.0,44.1
2017-12-04,50.49,0.0,52.92
2017-12-05,44.88,4.8100000000000005,57.33
2017-12-06,51.0,0.0,61.74
2017-12-07,48.45,0.0,57.96
2017-12-08,47.43,0.0,52.29
2017-12-09,24.48,0.0,40.95
2017-12-10,28.560000000000002,0.0,47.88
2017-12-11,41.82,0.0,46.62
2017-12-12,43.86,4.8100000000000005,63.0
2017-12-13,44.37,0.0,56.07
2017-12-14,43.35,0.0,57.96
2017-12-15,41.31,0.0,56.07
2017-12-16,26.01,0.0,39.69
2017-12-17,26.01,0.0,43.47
2017-12-18,41.31,0.0,51.03
2017-12-19,36.72,0.0,56.07
2017-12-20,40.29,5.33,52.29
2017-12-21,38.25,0.0,57.33
2017-12-22,33.15,0.0,42.21
2017-12-23,26.01,0.0,41.58
2017-12-24,18.36,13.0,41.58
2017-12-25,25.5,0.0,36.54
2017-12-26,31.62,0.0,45.36
2017-12-27,33.660000000000004,0.0,34.65
2017-12-28,26.52,0.0,37.8
2017-12-29,27.03,0.0,42.84
2017-12-30,20.4,0.0,42.84
2017-12-31,17.34,0.0,37.17
2018-01-01,19.61,0.0,39.6
2018-01-02,34.980000000000004,0.0,42.9
2018-01-03,41.870000000000005,0.0,56.760000000000005
2018-01-04,34.980000000000004,8.16,50.160000000000004
2018-01-05,48.760000000000005,0.0,48.18
2018-01-06,29.150000000000002,0.0,42.24
2018-01-07,22.790000000000003,0.0,39.6
2018-01-08,40.28,8.0,53.46
2018-01-09,43.46,16.0,62.040000000000006
2018-01-10,43.46,0.0,57.42
2018-01-11,43.99,0.0,52.14
2018-01-12,50.88,0.0,50.160000000000004
2018-01-13,23.85,0.0,43.56
2018-01-14,25.44,0.0,34.980000000000004
2018-01-15,31.8,0.0,40.92
2018-01-16,41.870000000000005,0.0,57.42
2018-01-17,37.63,8.0,54.120000000000005
2018-01-18,45.050000000000004,8.16,60.06
2018-01-19,45.580000000000005,0.0,58.74
2018-01-20,29.150000000000002,0.0,39.6
2018-01-21,22.790000000000003,0.0,46.2
2018-01-22,49.82,0.0,52.14
2018-01-23,50.35,15.68,58.080000000000005
2018-01-24,46.64,0.0,62.040000000000006
2018-01-25,44.52,8.0,63.36
2018-01-26,49.29,0.0,52.800000000000004
2018-01-27,30.740000000000002,0.0,45.54
2018-01-28,22.790000000000003,0.0,46.86
2018-01-29,47.17,0.0,60.06
2018-01-30,45.050000000000004,0.0,62.040000000000006
2018-01-31,53.0,7.84,66.0
2018-02-01,60.06,0.0,62.78
2018-02-02,66.0,0.0,56.94
2018-02-03,31.020000000000003,0.0,41.61
2018-02-04,19.8,0.0,37.96
2018-02-05,44.22,11.0,48.18
2018-02-06,56.760000000000005,0.0,54.75
2018-02-07,39.6,0.0,57.67
2018-02-08,50.82,0.0,56.94
2018-02-09,40.92,3.85,55.48
2018-02-10,18.48,0.0,73.0
2018-02-11,17.16,0.0,46.72
2018-02-12,34.32,0.0,53.29
2018-02-13,31.020000000000003,3.74,58.4
2018-02-14,35.64,0.0,56.94
2018-02-15,38.28,0.0,53.29
2018-02-16,36.300000000000004,0.0,54.75
2018-02-17,21.12,4.51,35.769999999999996
2018-02-18,12.540000000000001,0.0,41.61
2018-02-19,23.1,0.0,43.07
2018-02-20,31.68,0.0,56.21
2018-02-21,30.360000000000003,0.0,54.019999999999996
2018-02-22,34.980000000000004,0.0,56.21
2018-02-23,30.360000000000003,0.0,49.64
2018-02-24,21.12,0.0,40.15
2018-02-25,19.14,0.0,44.53
2018-02-26,30.360000000000003,0.0,54.019999999999996
2018-02-27,32.34,0.0,53.29
2018-02-28,36.300000000000004,0.0,56.21
2018-03-01,45.1,9.48,63.24
2018-03-02,32.45,0.0,59.160000000000004
2018-03-03,13.750000000000002,0.0,50.32
2018-03-04,24.200000000000003,0.0,48.96
2018-03-05,46.2,0.0,58.480000000000004
2018-03-06,38.5,0.0,64.60000000000001
2018-03-07,34.650000000000006,9.719999999999999,67.32000000000001
2018-03-08,34.1,9.84,68.0
2018-03-09,37.400000000000006,0.0,59.84
2018-03-10,15.400000000000002,11.639999999999999,44.2
2018-03-11,22.0,0.0,53.720000000000006
2018-03-12,37.95,9.719999999999999,53.720000000000006
2018-03-13,35.75,9.719999999999999,56.440000000000005
2018-03-14,41.25,0.0,66.64
2018-03-15,37.95,9.959999999999999,61.88
2018-03-16,39.6,0.0,56.440000000000005
2018-03-17,19.8,0.0,46.92
2018-03-18,24.750000000000004,12.0,48.28
2018-03-19,36.85,9.719999999999999,67.32000000000001
2018-03-20,40.150000000000006,9.719999999999999,68.0
2018-03-21,37.400000000000006,0.0,63.92
2018-03-22,43.45,9.84,65.96000000000001
2018-03-23,41.25,0.0,54.400000000000006
2018-03-24,18.150000000000002,0.0,46.24
2018-03-25,38.5,12.0,48.96
2018-03-26,52.25000000000001,0.0,61.88
2018-03-27,55.00000000000001,10.08,62.56
2018-03-28,55.00000000000001,0.0,55.760000000000005
2018-03-29,48.400000000000006,0.0,54.400000000000006
2018-03-30,29.150000000000002,0.0,53.040000000000006
2018-03-31,14.3,0.0,43.52
2018-04-01,14.64,0.0,42.160000000000004
2018-04-02,29.89,0.0,53.040000000000006
2018-04-03,33.55,0.0,61.2
2018-04-04,35.38,10.89,55.760000000000005
2018-04-05,30.5,11.0,61.2
2018-04-06,28.669999999999998,0.0,52.36000000000001
2018-04-07,18.3,0.0,48.28
2018-04-08,14.64,0.0,42.84
2018-04-09,28.669999999999998,0.0,63.24
2018-04-10,31.72,0.0,61.88
2018-04-11,26.84,0.0,62.56
2018-04-12,31.11,0.0,55.080000000000005
2018-04-13,27.45,0.0,53.040000000000006
2018-04-14,17.08,0.0,37.400000000000006
2018-04-15,13.42,0.0,44.88
2018-04-16,32.33,0.0,58.480000000000004
2018-04-17,35.99,10.78,59.84
2018-04-18,29.28,10.78,53.720000000000006
2018-04-19,32.33,0.0,61.88
2018-04-20,26.84,0.0,55.080000000000005
2018-04-21,14.64,0.0,39.440000000000005
2018-04-22,17.08,0.0,49.64
2018-04-23,56.73,0.0,68.0
2018-04-24,61.0,10.56,66.64
2018-04-25,36.6,0.0,63.24
2018-04-26,35.38,0.0,63.92
2018-04-27,33.55,0.0,62.56
2018-04-28,13.42,0.0,48.28
2018-04-29,17.08,0.0,47.6
2018-04-30,26.23,10.78,59.160000000000004
2018-05-01,45.050000000000004,11.7,55.9
2018-05-02,46.11,0.0,58.5
2018-05-03,40.81,0.0,54.6
2018-05-04,49.82,0.0,55.9
2018-05-05,25.970000000000002,0.0,41.6
2018-05-06,20.67,0.0,46.800000000000004
2018-05-07,43.99,0.0,62.400000000000006
2018-05-08,46.64,11.7,61.1
2018-05-09,53.0,0.0,60.45
2018-05-10,49.82,12.15,63.050000000000004
2018-05-11,47.7,0.0,59.800000000000004
2018-05-12,21.200000000000003,0.0,46.800000000000004
2018-05-13,27.560000000000002,15.0,46.800000000000004
2018-05-14,49.82,0.0,59.800000000000004
2018-05-15,46.11,0.0,63.7
2018-05-16,49.82,12.0,63.050000000000004
2018-05-17,44.52,0.0,62.400000000000006
2018-05-18,41.870000000000005,0.0,58.5
2018-05-19,23.32,0.0,40.300000000000004
2018-05-20,21.73,0.0,41.6
2018-05-21,43.46,0.0,65.0
2018-05-22,45.050000000000004,0.0,58.5
2018-05-23,39.22,0.0,61.75
2018-05-24,49.82,0.0,57.2
2018-05-25,43.46,0.0,49.4
2018-05-26,21.73,0.0,42.25
2018-05-27,20.67,0.0,50.050000000000004
2018-05-28,24.380000000000003,0.0,44.2
2018-05-29,34.45,0.0,65.0
2018-05-30,46.11,12.15,58.5
2018-05-31,47.7,0.0,58.5
2018-06-01,31.02,7.000000000000001,39.96
2018-06-02,16.45,0.0,38.88
2018-06-03,14.1,0.0,36.72
2018-06-04,42.3,0.0,54.0
2018-06-05,23.97,0.0,46.440000000000005
2018-06-06,47.0,0.0,51.84
2018-06-07,29.139999999999997,0.0,48.6
2018-06-08,29.139999999999997,0.0,41.040000000000006
2018-06-09,19.74,0.0,31.860000000000003
2018-06-10,12.69,0.0,39.96
2018-06-11,29.139999999999997,0.0,46.440000000000005
2018-06-12,29.139999999999997,0.0,46.440000000000005
2018-06-13,29.61,6.44,43.2
2018-06-14,28.669999999999998,0.0,49.68000000000001
2018-06-15,29.139999999999997,0.0,41.580000000000005
2018-06-16,12.69,0.0,44.82
2018-06-17,15.51,0.0,39.42
2018-06-18,23.5,0.0,45.36
2018-06-19,29.61,0.0,45.36
2018-06-20,25.38,7.000000000000001,52.38
2018-06-21,31.959999999999997,0.0,39.42
2018-06-22,32.9,0.0,38.88
2018-06-23,16.45,0.0,37.800000000000004
2018-06-24,13.629999999999999,0.0,43.74
2018-06-25,31.02,0.0,42.660000000000004
2018-06-26,29.61,0.0,43.2
2018-06-27,24.91,0.0,47.52
2018-06-28,32.9,0.0,42.120000000000005
2018-06-29,31.49,0.0,45.900000000000006
2018-06-30,15.979999999999999,0.0,36.18
2018-07-01,9.520000000000001,0.0,40.150000000000006
2018-07-02,22.96,0.0,43.45
2018-07-03,20.160000000000004,0.0,41.800000000000004
2018-07-04,11.760000000000002,0.0,39.050000000000004
2018-07-05,16.8,0.0,41.25
2018-07-06,20.720000000000002,0.0,41.800000000000004
2018-07-07,10.64,0.0,41.25
2018-07-08,8.4,0.0,36.85
2018-07-09,22.400000000000002,0.0,39.050000000000004
2018-07-10,19.040000000000003,5.39,41.800000000000004
2018-07-11,20.160000000000004,0.0,43.45
2018-07-12,20.720000000000002,0.0,46.75000000000001
2018-07-13,21.840000000000003,0.0,39.6
2018-07-14,12.88,0.0,40.150000000000006
2018-07-15,12.88,0.0,36.85
2018-07-16,21.840000000000003,0.0,41.800000000000004
2018-07-17,22.400000000000002,5.5,46.2
2018-07-18,36.96,0.0,43.45
2018-07-19,25.76,0.0,40.150000000000006
2018-07-20,22.96,0.0,42.35
2018-07-21,12.88,6.49,36.85
2018-07-22,10.080000000000002,6.38,39.050000000000004
2018-07-23,54.32000000000001,0.0,45.1
2018-07-24,56.00000000000001,11.0,55.00000000000001
2018-07-25,40.32000000000001,0.0,48.95
2018-07-26,39.760000000000005,0.0,51.7
2018-07-27,31.360000000000003,0.0,47.85
2018-07-28,14.560000000000002,0.0,40.150000000000006
2018-07-29,11.760000000000002,0.0,40.150000000000006
2018-07-30,29.120000000000005,0.0,52.25000000000001
2018-07-31,26.320000000000004,11.0,46.2
2018-08-01,43.46,4.800000000000001,44.89
2018-08-02,46.64,4.7,44.220000000000006
2018-08-03,40.28,10.0,41.54
2018-08-04,24.91,0.0,32.830000000000005
2018-08-05,22.26,0.0,41.54
2018-08-06,41.870000000000005,0.0,38.190000000000005
2018-08-07,42.93,4.800000000000001,42.21
2018-08-08,48.230000000000004,0.0,44.89
2018-08-09,39.75,0.0,48.24
2018-08-10,45.050000000000004,0.0,43.550000000000004
2018-08-11,22.790000000000003,0.0,39.53
2018-08-12,19.080000000000002,0.0,40.870000000000005
2018-08-13,39.22,4.800000000000001,48.24
2018-08-14,36.04,0.0,50.25
2018-08-15,42.93,4.9,52.260000000000005
2018-08-16,32.86,0.0,52.93
2018-08-17,33.39,0.0,54.940000000000005
2018-08-18,27.560000000000002,0.0,44.220000000000006
2018-08-19,20.67,0.0,40.870000000000005
2018-08-20,43.99,0.0,55.61000000000001
2018-08-21,43.99,4.800000000000001,58.290000000000006
2018-08-22,37.63,0.0,56.95
2018-08-23,44.52,0.0,64.99000000000001
2018-08-24,34.980000000000004,5.0,58.290000000000006
2018-08-25,23.32,0.0,42.21
2018-08-26,23.32,0.0,46.230000000000004
2018-08-27,42.400000000000006,4.800000000000001,62.31
2018-08-28,53.0,4.800000000000001,64.32000000000001
2018-08-29,44.52,0.0,64.32000000000001
2018-08-30,47.7,4.800000000000001,67.0
2018-08-31,49.29,0.0,60.970000000000006
2018-09-01,19.0,9.0,47.88
2018-09-02,16.5,0.0,41.04
2018-09-03,23.0,8.549999999999999,48.64
2018-09-04,41.5,0.0,66.88
2018-09-05,40.5,0.0,76.0
2018-09-06,39.5,0.0,68.4
2018-09-07,43.0,7.6499999999999995,70.68
2018-09-08,17.5,0.0,47.88
2018-09-09,21.0,0.0,49.4
2018-09-10,39.5,7.35,61.56
2018-09-11,50.0,0.0,61.56
2018-09-12,41.5,7.35,66.12
2018-09-13,40.0,7.35,74.48
2018-09-14,36.5,7.5,63.84
2018-09-15,20.5,0.0,47.12
2018-09-16,20.0,8.85,52.44
2018-09-17,36.0,7.5,64.6
2018-09-18,39.5,7.35,64.6
2018-09-19,38.5,7.5,65.36
2018-09-20,41.5,7.35,67.64
2018-09-21,40.0,0.0,56.24
2018-09-22,20.5,0.0,48.64
2018-09-23,16.0,13.35,47.12
2018-09-24,40.0,15.0,67.64
2018-09-25,43.5,7.5,65.36
2018-09-26,36.0,0.0,65.36
2018-09-27,40.0,0.0,66.88
2018-09-28,37.5,0.0,63.08
2018-09-29,17.0,0.0,41.04
2018-09-30,19.0,8.85,44.84
2018-10-01,27.09,11.48,67.34
2018-10-02,23.94,0.0,72.52
2018-10-03,25.2,0.0,74.0
2018-10-04,20.79,0.0,67.34
2018-10-05,19.53,0.0,70.3
2018-10-06,13.23,14.280000000000001,42.92
2018-10-07,11.34,0.0,50.32
2018-10-08,24.57,0.0,68.08
2018-10-09,26.46,0.0,73.26
2018-10-10,26.46,23.520000000000003,68.08
2018-10-11,30.87,0.0,66.6
2018-10-12,32.76,0.0,64.38
2018-10-13,15.120000000000001,0.0,47.36
2018-10-14,14.49,0.0,48.1
2018-10-15,20.79,0.0,68.82
2018-10-16,23.31,0.0,72.52
2018-10-17,18.9,0.0,65.86
2018-10-18,31.5,0.0,68.08
2018-10-19,26.46,0.0,63.64
2018-10-20,10.08,0.0,41.44
2018-10-21,8.19,0.0,45.14
2018-10-22,22.68,11.760000000000002,66.6
2018-10-23,28.35,11.760000000000002,67.34
2018-10-24,32.76,11.48,65.12
2018-10-25,63.0,11.760000000000002,73.26
2018-10-26,49.77,18.76,71.78
2018-10-27,10.08,0.0,45.88
2018-10-28,11.97,28.000000000000004,49.58
2018-10-29,32.13,0.0,64.38
2018-10-30,29.61,23.520000000000003,63.64
2018-10-31,37.8,12.32,58.46
2018-11-01,44.52,12.88,56.550000000000004
2018-11-02,45.580000000000005,0.0,55.25
2018-11-03,15.9,0.0,39.65
2018-11-04,19.080000000000002,0.0,42.25
2018-11-05,39.75,0.0,56.550000000000004
2018-11-06,33.92,0.0,60.45
2018-11-07,38.690000000000005,0.0,49.4
2018-11-08,38.690000000000005,11.760000000000002,53.95
2018-11-09,31.270000000000003,0.0,52.0
2018-11-10,16.96,0.0,42.25
2018-11-11,15.370000000000001,0.0,46.15
2018-11-12,34.45,0.0,53.95
2018-11-13,34.980000000000004,0.0,60.45
2018-11-14,36.57,0.0,60.45
2018-11-15,37.1,0.0,61.1
2018-11-16,41.34,0.0,53.95
2018-11-17,16.43,0.0,40.95
2018-11-18,20.14,0.0,39.0
2018-11-19,42.93,12.32,53.300000000000004
2018-11-20,53.0,0.0,46.800000000000004
2018-11-21,36.04,13.3,44.85
2018-11-22,20.14,0.0,35.1
2018-11-23,25.44,0.0,36.4
2018-11-24,22.26,0.0,39.65
2018-11-25,13.780000000000001,14.000000000000002,45.5
2018-11-26,31.270000000000003,0.0,50.050000000000004
2018-11-27,42.400000000000006,0.0,58.5
2018-11-28,47.17,0.0,65.0
2018-11-29,37.63,0.0,54.6
2018-11-30,40.28,0.0,58.5
2018-12-01,18.62,16.32,43.199999999999996
2018-12-02,23.03,0.0,33.6
2018-12-03,38.22,0.0,50.4
2018-12-04,36.26,0.0,58.199999999999996
2018-12-05,32.83,0.0,60.0
2018-12-06,43.61,0.0,51.6
2018-12-07,41.16,0.0,48.0
2018-12-08,22.54,0.0,36.6
2018-12-09,15.68,16.32,42.0
2018-12-10,45.57,13.940000000000001,44.4
2018-12-11,45.08,14.110000000000001,57.599999999999994
2018-12-12,40.67,0.0,50.4
2018-12-13,35.769999999999996,0.0,49.8
2018-12-14,39.69,0.0,49.199999999999996
2018-12-15,18.13,0.0,36.0
2018-12-16,12.25,0.0,40.8
2018-12-17,39.69,12.920000000000002,45.6
2018-12-18,43.61,0.0,45.6
2018-12-19,48.019999999999996,14.620000000000001,48.0
2018-12-20,46.06,0.0,48.0
2018-12-21,40.67,0.0,39.0
2018-12-22,17.64,0.0,34.199999999999996
2018-12-23,14.209999999999999,0.0,33.6
2018-12-24,24.009999999999998,0.0,36.0
2018-12-25,20.09,0.0,40.199999999999996
2018-12-26,30.38,16.66,34.8
2018-12-27,49.0,0.0,35.4
2018-12-28,34.3,0.0,34.8
2018-12-29,20.09,17.0,35.4
2018-12-30,17.64,16.830000000000002,36.0
2018-12-31,35.769999999999996,0.0,39.0
2019-01-01,24.990000000000002,0.0,36.85
2019-01-02,42.33,0.0,52.93
2019-01-03,49.47,0.0,46.230000000000004
2019-01-04,47.43,0.0,53.6
2019-01-05,25.5,0.0,42.21
2019-01-06,18.87,0.0,41.54
2019-01-07,37.230000000000004,0.0,58.96
2019-01-08,47.94,0.0,52.93
2019-01-09,46.92,0.0,67.0
2019-01-10,51.0,0.0,59.63
2019-01-11,45.39,0.0,53.6
2019-01-12,24.48,0.0,40.2
2019-01-13,23.97,5.0,36.18
2019-01-14,38.25,0.0,50.25
2019-01-15,49.47,0.0,55.61000000000001
2019-01-16,45.39,0.0,55.61000000000001
2019-01-17,42.33,0.0,51.59
2019-01-18,40.29,0.0,47.57
2019-01-19,28.05,0.0,43.550000000000004
2019-01-20,22.44,0.0,38.190000000000005
2019-01-21,22.95,0.0,43.550000000000004
2019-01-22,41.82,4.25,62.31
2019-01-23,34.17,0.0,54.27
2019-01-24,38.76,0.0,58.96
2019-01-25,39.78,0.0,64.32000000000001
2019-01-26,23.97,0.0,40.870000000000005
2019-01-27,22.95,0.0,45.56
2019-01-28,43.35,0.0,60.970000000000006
2019-01-29,45.39,0.0,64.32000000000001
2019-01-30,42.33,0.0,58.290000000000006
2019-01-31,48.45,0.0,59.63
2019-02-01,26.950000000000003,0.0,49.64
2019-02-02,14.3,8.540000000000001,40.120000000000005
2019-02-03,10.450000000000001,8.4,42.84
2019-02-04,55.00000000000001,0.0,57.800000000000004
2019-02-05,53.35,14.000000000000002,68.0
2019-02-06,32.45,0.0,61.88
2019-02-07,35.2,0.0,60.52
2019-02-08,31.35,7.140000000000001,56.440000000000005
2019-02-09,15.950000000000001,8.540000000000001,48.28
2019-02-10,11.0,0.0,41.480000000000004
2019-02-11,25.85,6.86,53.040000000000006
2019-02-12,26.950000000000003,7.000000000000001,57.120000000000005
2019-02-13,25.3,0.0,59.160000000000004
2019-02-14,29.150000000000002,0.0,59.160000000000004
2019-02-15,24.750000000000004,0.0,57.120000000000005
2019-02-16,14.3,8.4,43.52
2019-02-17,14.3,0.0,41.480000000000004
2019-02-18,17.6,0.0,45.56
2019-02-19,28.6,0.0,55.760000000000005
2019-02-20,22.0,0.0,53.720000000000006
2019-02-21,23.650000000000002,0.0,59.160000000000004
2019-02-22,24.200000000000003,0.0,55.080000000000005
2019-02-23,18.150000000000002,0.0,38.080000000000005
2019-02-24,12.100000000000001,0.0,40.120000000000005
2019-02-25,22.55,0.0,58.480000000000004
2019-02-26,22.55,7.000000000000001,55.760000000000005
2019-02-27,22.55,6.86,53.040000000000006
2019-02-28,24.200000000000003,0.0,56.440000000000005
2019-03-01,31.959999999999997,0.0,57.800000000000004
2019-03-02,18.799999999999997,0.0,46.24
2019-03-03,17.39,0.0,52.36000000000001
2019-03-04,42.3,0.0,61.88
2019-03-05,35.72,0.0,59.160000000000004
2019-03-06,42.769999999999996,0.0,60.52
2019-03-07,34.309999999999995,0.0,58.480000000000004
2019-03-08,33.37,0.0,65.96000000000001
2019-03-09,16.45,0.0,42.84
2019-03-10,13.629999999999999,0.0,41.480000000000004
2019-03-11,39.48,8.33,56.440000000000005
2019-03-12,36.19,0.0,58.480000000000004
2019-03-13,39.949999999999996,0.0,59.84
2019-03-14,36.66,0.0,55.080000000000005
2019-03-15,37.129999999999995,8.5,48.28
2019-03-16,12.219999999999999,0.0,49.64
2019-03-17,21.619999999999997,10.370000000000001,51.00000000000001
2019-03-18,37.129999999999995,0.0,60.52
2019-03-19,35.25,0.0,68.0
2019-03-20,42.3,8.67,57.120000000000005
2019-03-21,47.0,0.0,56.440000000000005
2019-03-22,35.72,8.84,50.32
2019-03-23,18.33,0.0,42.160000000000004
2019-03-24,13.629999999999999,9.520000000000001,52.36000000000001
2019-03-25,37.599999999999994,0.0,63.92
2019-03-26,37.599999999999994,0.0,63.24
2019-03-27,35.72,0.0,64.60000000000001
2019-03-28,41.36,17.0,63.92
2019-03-29,29.139999999999997,0.0,46.24
2019-03-30,19.74,0.0,37.400000000000006
2019-03-31,20.209999999999997,0.0,36.720000000000006
2019-04-01,17.16,0.0,46.800000000000004
2019-04-02,16.64,0.0,57.2
2019-04-03,18.2,0.0,53.300000000000004
2019-04-04,15.600000000000001,6.580000000000001,50.7
2019-04-05,14.040000000000001,0.0,52.0
2019-04-06,10.92,0.0,41.6
2019-04-07,6.76,0.0,42.25
2019-04-08,18.2,0.0,53.95
2019-04-09,17.68,0.0,53.300000000000004
2019-04-10,15.08,13.160000000000002,53.95
2019-04-11,13.52,6.580000000000001,57.85
2019-04-12,14.56,0.0,45.5
2019-04-13,9.36,0.0,36.4
2019-04-14,10.92,0.0,40.300000000000004
2019-04-15,16.12,0.0,48.75
2019-04-16,15.600000000000001,0.0,53.95
2019-04-17,14.56,0.0,50.7
2019-04-18,16.12,0.0,49.4
2019-04-19,14.040000000000001,0.0,40.300000000000004
2019-04-20,9.36,0.0,41.6
2019-04-21,7.800000000000001,0.0,40.95
2019-04-22,18.72,14.000000000000002,48.1
2019-04-23,19.76,13.860000000000001,57.2
2019-04-24,18.2,6.720000000000001,54.6
2019-04-25,18.72,6.580000000000001,47.45
2019-04-26,16.64,0.0,53.95
2019-04-27,10.4,0.0,37.050000000000004
2019-04-28,11.440000000000001,7.98,39.65
2019-04-29,39.52,0.0,63.7
2019-04-30,52.0,6.44,65.0
2019-05-01,52.0,0.0,61.0
2019-05-02,36.92,0.0,48.19
2019-05-03,37.96,0.0,54.29
2019-05-04,15.600000000000001,0.0,36.6
2019-05-05,13.52,0.0,34.769999999999996
2019-05-06,41.08,0.0,45.75
2019-05-07,30.68,0.0,50.629999999999995
2019-05-08,32.76,0.0,53.68
2019-05-09,31.200000000000003,0.0,48.19
2019-05-10,31.720000000000002,0.0,47.58
2019-05-11,12.48,0.0,39.04
2019-05-12,13.0,0.0,40.87
2019-05-13,39.0,0.0,48.19
2019-05-14,30.16,9.02,51.24
2019-05-15,30.68,0.0,51.24
2019-05-16,34.84,0.0,46.36
2019-05-17,28.080000000000002,0.0,50.629999999999995
2019-05-18,14.040000000000001,11.0,37.82
2019-05-19,13.0,0.0,38.43
2019-05-20,27.560000000000002,0.0,49.41
2019-05-21,32.76,0.0,52.46
2019-05-22,33.28,0.0,52.46
2019-05-23,27.04,0.0,50.019999999999996
2019-05-24,23.400000000000002,0.0,41.48
2019-05-25,14.040000000000001,0.0,37.21
2019-05-26,12.48,0.0,36.6
2019-05-27,10.92,0.0,34.16
2019-05-28,27.04,0.0,45.75
2019-05-29,25.48,0.0,48.8
2019-05-30,26.0,0.0,42.089999999999996
2019-05-31,25.48,0.0,40.87
2019-06-01,18.62,0.0,38.19
2019-06-02,16.66,0.0,31.919999999999998
2019-06-03,48.51,0.0,42.18
2019-06-04,49.0,0.0,35.91
2019-06-05,38.71,0.0,56.99999999999999
2019-06-06,30.38,0.0,52.44
2019-06-07,29.4,0.0,41.04
2019-06-08,16.66,0.0,35.339999999999996
2019-06-09,15.19,0.0,35.339999999999996
2019-06-10,30.38,0.0,38.19
2019-06-11,29.4,0.0,37.62
2019-06-12,28.419999999999998,0.0,42.18
2019-06-13,27.93,0.0,34.769999999999996
2019-06-14,27.93,0.0,34.769999999999996
2019-06-15,20.09,0.0,31.919999999999998
2019-06-16,18.13,0.0,30.779999999999998
2019-06-17,30.87,0.0,38.76
2019-06-18,31.36,4.800000000000001,47.309999999999995
2019-06-19,29.4,0.0,41.04
2019-06-20,24.5,0.0,38.76
2019-06-21,27.439999999999998,10.0,37.62
2019-06-22,15.68,0.0,31.349999999999998
2019-06-23,15.68,0.0,40.47
2019-06-24,36.26,0.0,35.91
2019-06-25,28.91,0.0,33.629999999999995
2019-06-26,29.4,0.0,34.199999999999996
2019-06-27,27.439999999999998,0.0,30.209999999999997
2019-06-28,25.97,0.0,41.04
2019-06-29,11.76,0.0,33.629999999999995
2019-06-30,14.7,0.0,29.639999999999997
2019-07-01,24.84,5.95,48.88
2019-07-02,20.240000000000002,5.880000000000001,49.92
2019-07-03,23.92,0.0,43.160000000000004
2019-07-04,8.74,0.0,42.120000000000005
2019-07-05,14.26,0.0,39.52
2019-07-06,14.26,0.0,40.04
2019-07-07,12.88,0.0,42.64
2019-07-08,18.400000000000002,0.0,48.88
2019-07-09,17.48,5.8100000000000005,52.0
2019-07-10,21.62,0.0,48.88
2019-07-11,18.86,0.0,45.760000000000005
2019-07-12,19.78,0.0,44.2
2019-07-13,9.66,0.0,43.160000000000004
2019-07-14,9.66,0.0,48.88
2019-07-15,18.86,0.0,47.32
2019-07-16,23.46,0.0,50.440000000000005
2019-07-17,14.72,0.0,48.36
2019-07-18,19.32,0.0,47.84
2019-07-19,14.72,6.090000000000001,47.32
2019-07-20,8.74,0.0,44.72
2019-07-21,7.82,0.0,43.68
2019-07-22,16.560000000000002,0.0,49.92
2019-07-23,20.7,0.0,49.4
2019-07-24,17.94,6.090000000000001,52.0
2019-07-25,46.0,0.0,50.440000000000005
2019-07-26,39.1,0.0,50.440000000000005
2019-07-27,11.040000000000001,7.000000000000001,46.28
2019-07-28,10.120000000000001,0.0,43.68
2019-07-29,25.3,0.0,48.88
2019-07-30,18.400000000000002,0.0,49.4
2019-07-31,23.92,0.0,44.72
2019-08-01,34.019999999999996,0.0,39.53
2019-08-02,29.4,0.0,40.870000000000005
2019-08-03,16.8,0.0,32.160000000000004
2019-08-04,13.44,0.0,30.82
2019-08-05,33.18,0.0,36.85
2019-08-06,42.0,0.0,42.21
2019-08-07,30.24,0.0,37.52
2019-08-08,24.779999999999998,0.0,42.21
2019-08-09,27.72,0.0,42.21
2019-08-10,16.38,0.0,36.18
2019-08-11,12.6,0.0,36.18
2019-08-12,28.98,9.5,38.86
2019-08-13,30.24,9.5,45.56
2019-08-14,31.5,0.0,52.260000000000005
2019-08-15,32.76,0.0,48.24
2019-08-16,30.24,19.0,48.910000000000004
2019-08-17,18.9,0.0,43.550000000000004
2019-08-18,15.12,0.0,40.870000000000005
2019-08-19,34.019999999999996,0.0,48.910000000000004
2019-08-20,34.44,0.0,54.27
2019-08-21,30.24,0.0,56.28
2019-08-22,23.939999999999998,0.0,59.63
2019-08-23,31.919999999999998,0.0,44.89
2019-08-24,22.259999999999998,0.0,36.18
2019-08-25,18.48,0.0,40.2
2019-08-26,34.019999999999996,0.0,50.92
2019-08-27,28.14,9.120000000000001,59.63
2019-08-28,29.4,0.0,58.96
2019-08-29,31.919999999999998,0.0,67.0
2019-08-30,26.88,0.0,55.61000000000001
2019-08-31,17.64,0.0,39.53
2019-09-01,16.77,0.0,39.52
2019-09-02,18.06,0.0,48.64
2019-09-03,29.24,0.0,61.56
2019-09-04,26.66,0.0,73.72
2019-09-05,28.38,0.0,71.44
2019-09-06,31.39,0.0,72.96000000000001
2019-09-07,17.2,9.700000000000001,42.56
2019-09-08,18.06,0.0,53.2
2019-09-09,43.0,8.200000000000001,72.2
2019-09-10,36.55,0.0,76.0
2019-09-11,32.25,0.0,76.0
2019-09-12,29.669999999999998,8.200000000000001,70.68
2019-09-13,33.97,0.0,63.84
2019-09-14,13.76,10.0,46.36
2019-09-15,17.2,0.0,48.64
2019-09-16,28.81,0.0,69.16
2019-09-17,31.39,8.1,73.72
2019-09-18,30.96,8.200000000000001,72.2
2019-09-19,28.38,8.3,68.4
2019-09-20,27.95,8.1,60.8
2019-09-21,18.49,0.0,44.08
2019-09-22,13.33,0.0,51.68
2019-09-23,28.81,0.0,63.08
2019-09-24,34.4,0.0,73.72
2019-09-25,38.269999999999996,8.200000000000001,67.64
2019-09-26,32.25,8.4,66.88
2019-09-27,33.11,0.0,63.84
2019-09-28,16.77,0.0,41.8
2019-09-29,18.49,0.0,44.84
2019-09-30,38.7,0.0,64.6
2019-10-01,20.25,0.0,54.75
2019-10-02,18.0,0.0,64.5
2019-10-03,19.35,0.0,61.5
2019-10-04,14.85,0.0,55.5
2019-10-05,9.450000000000001,16.0,40.5
2019-10-06,8.55,0.0,38.25
2019-10-07,19.35,0.0,57.0
2019-10-08,17.55,0.0,63.0
2019-10-09,20.7,0.0,60.0
2019-10-10,18.900000000000002,13.44,63.0
2019-10-11,19.8,0.0,58.5
2019-10-12,10.35,0.0,40.5
2019-10-13,7.2,0.0,39.0
2019-10-14,14.85,13.76,66.75
2019-10-15,18.45,0.0,60.75
2019-10-16,17.1,0.0,57.0
2019-10-17,22.5,0.0,53.25
2019-10-18,17.1,0.0,62.25
2019-10-19,9.9,0.0,53.25
2019-10-20,9.0,0.0,44.25
2019-10-21,15.3,0.0,59.25
2019-10-22,16.2,0.0,55.5
2019-10-23,18.45,0.0,58.5
2019-10-24,22.05,0.0,69.0
2019-10-25,20.25,0.0,52.5
2019-10-26,11.700000000000001,0.0,42.75
2019-10-27,9.0,0.0,43.5
2019-10-28,45.0,12.96,66.0
2019-10-29,33.300000000000004,13.120000000000001,75.0
2019-10-30,21.150000000000002,0.0,63.0
2019-10-31,21.150000000000002,0.0,51.75
2019-11-01,36.0,9.54,60.349999999999994
2019-11-02,18.8,0.0,41.18
2019-11-03,17.2,0.0,48.989999999999995
2019-11-04,33.2,0.0,63.19
2019-11-05,32.800000000000004,8.82,71.0
2019-11-06,32.4,0.0,66.03
2019-11-07,34.0,0.0,61.059999999999995
2019-11-08,37.2,9.0,65.32
2019-11-09,21.200000000000003,10.62,51.12
2019-11-10,13.600000000000001,0.0,44.73
2019-11-11,32.4,0.0,56.8
2019-11-12,32.4,8.64,60.349999999999994
2019-11-13,37.2,0.0,64.61
2019-11-14,27.6,8.82,64.61
2019-11-15,34.0,9.0,61.769999999999996
2019-11-16,18.0,0.0,45.44
2019-11-17,12.0,0.0,42.599999999999994
2019-11-18,40.0,17.46,58.93
2019-11-19,26.0,0.0,61.769999999999996
2019-11-20,31.200000000000003,18.0,64.61
2019-11-21,30.400000000000002,9.0,59.64
2019-11-22,33.2,0.0,55.379999999999995
2019-11-23,18.8,0.0,42.599999999999994
2019-11-24,16.8,10.44,43.309999999999995
2019-11-25,25.200000000000003,9.18,50.41
2019-11-26,32.4,9.36,51.12
2019-11-27,26.8,0.0,45.44
2019-11-28,16.400000000000002,10.26,38.339999999999996
2019-11-29,17.6,0.0,39.05
2019-11-30,14.0,0.0,41.18
2019-12-01,16.72,9.9,39.0
2019-12-02,31.16,0.0,43.550000000000004
2019-12-03,38.0,0.0,59.800000000000004
2019-12-04,37.62,8.9,65.0
2019-12-05,28.88,0.0,59.15
2019-12-06,28.88,9.1,57.2
2019-12-07,15.58,0.0,39.65
2019-12-08,12.16,0.0,37.7
2019-12-09,31.54,8.8,55.25
2019-12-10,31.16,8.9,57.2
2019-12-11,29.64,0.0,48.1
2019-12-12,29.64,8.8,42.9
2019-12-13,30.78,0.0,39.0
2019-12-14,18.62,0.0,35.75
2019-12-15,17.86,0.0,38.35
2019-12-16,29.26,0.0,44.85
2019-12-17,25.080000000000002,0.0,50.7
2019-12-18,29.26,8.9,49.4
2019-12-19,29.26,9.0,55.25
2019-12-20,27.36,0.0,51.35
2019-12-21,14.06,0.0,33.15
2019-12-22,10.26,0.0,32.5
2019-12-23,26.22,10.0,33.15
2019-12-24,15.58,0.0,34.45
2019-12-25,12.92,0.0,42.9
2019-12-26,28.88,0.0,39.0
2019-12-27,25.46,0.0,37.050000000000004
2019-12-28,19.0,0.0,32.5
2019-12-29,15.2,0.0,33.15
2019-12-30,26.98,0.0,39.0
2019-12-31,20.9,0.0,36.4
2020-01-01,15.4,0.0,44.099999999999994
2020-01-02,29.48,0.0,49.0
2020-01-03,28.16,12.0,47.599999999999994
2020-01-04,17.6,0.0,44.8
2020-01-05,8.36,0.0,43.4
2020-01-06,38.72,0.0,54.599999999999994
2020-01-07,34.76,0.0,62.99999999999999
2020-01-08,44.0,0.0,62.3
2020-01-09,40.92,11.879999999999999,63.699999999999996
2020-01-10,36.52,11.76,61.599999999999994
2020-01-11,21.56,0.0,46.9
2020-01-12,21.56,0.0,40.599999999999994
2020-01-13,38.72,0.0,57.4
2020-01-14,29.48,0.0,62.3
2020-01-15,29.48,0.0,60.9
2020-01-16,33.88,0.0,62.99999999999999
2020-01-17,43.12,0.0,62.99999999999999
2020-01-18,24.2,0.0,44.099999999999994
2020-01-19,18.04,0.0,44.099999999999994
2020-01-20,18.04,0.0,48.3
2020-01-21,34.32,0.0,65.8
2020-01-22,42.68,0.0,70.0
2020-01-23,40.48,11.52,65.8
2020-01-24,30.8,0.0,60.9
2020-01-25,18.04,0.0,46.9
2020-01-26,13.2,0.0,42.699999999999996
2020-01-27,33.44,0.0,54.599999999999994
2020-01-28,33.44,0.0,61.599999999999994
2020-01-29,37.4,0.0,65.8
2020-01-30,37.84,0.0,67.19999999999999
2020-01-31,39.6,0.0,62.3
2020-02-01,12.75,0.0,44.8
2020-02-02,13.26,0.0,46.9
2020-02-03,47.43,7.79,62.3
2020-02-04,51.0,8.55,70.0
2020-02-05,28.560000000000002,17.1,60.199999999999996
2020-02-06,26.52,8.36,60.9
2020-02-07,18.87,8.74,56.699999999999996
2020-02-08,9.69,9.88,48.3
2020-02-09,8.16,0.0,51.8
2020-02-10,22.44,0.0,62.99999999999999
2020-02-11,22.44,0.0,65.1
2020-02-12,23.46,8.36,63.699999999999996
2020-02-13,20.4,8.36,66.5
2020-02-14,18.87,0.0,66.5
2020-02-15,11.73,0.0,41.3
2020-02-16,8.16,0.0,43.4
2020-02-17,18.36,0.0,50.4
2020-02-18,16.830000000000002,0.0,59.49999999999999
2020-02-19,20.4,0.0,65.1
2020-02-20,23.46,8.17,65.1
2020-02-21,17.85,0.0,62.3
2020-02-22,10.2,0.0,46.199999999999996
2020-02-23,11.73,0.0,49.699999999999996
2020-02-24,27.03,0.0,65.1
2020-02-25,27.54,0.0,65.8
2020-02-26,22.95,0.0,65.8
2020-02-27,23.46,8.17,62.99999999999999
2020-02-28,33.15,8.36,65.8
2020-02-29,13.26,19.0,46.199999999999996
2020-03-01,21.0,0.0,45.56
2020-03-02,43.8,10.0,61.2
2020-03-03,40.199999999999996,0.0,62.56
2020-03-04,35.4,14.600000000000001,55.080000000000005
2020-03-05,32.4,20.0,61.88
2020-03-06,41.4,10.0,65.96000000000001
2020-03-07,15.6,0.0,44.88
2020-03-08,13.2,0.0,41.480000000000004
2020-03-09,47.4,10.0,54.400000000000006
2020-03-10,45.0,0.0,60.52
2020-03-11,37.199999999999996,9.8,60.52
2020-03-12,46.199999999999996,0.0,57.800000000000004
2020-03-13,55.8,10.0,58.480000000000004
2020-03-14,21.599999999999998,0.0,54.400000000000006
2020-03-15,25.8,11.200000000000001,38.080000000000005
2020-03-16,60.0,0.0,58.480000000000004
2020-03-17,43.199999999999996,9.8,56.440000000000005
2020-03-18,55.199999999999996,10.0,60.52
2020-03-19,39.6,9.8,59.160000000000004
2020-03-20,47.4,9.8,61.2
2020-03-21,16.8,0.0,48.96
2020-03-22,22.8,0.0,46.24
2020-03-23,43.199999999999996,0.0,65.28
2020-03-24,51.6,0.0,63.92
2020-03-25,43.199999999999996,0.0,65.28
2020-03-26,42.0,0.0,63.92
2020-03-27,29.4,18.6,63.24
2020-03-28,22.2,0.0,53.720000000000006
2020-03-29,17.4,10.8,53.040000000000006
2020-03-30,47.4,9.4,65.96000000000001
2020-03-31,43.8,9.4,68.0
2020-04-01,28.000000000000004,11.88,68.62
2020-04-02,19.6,11.88,67.89
2020-04-03,25.76,0.0,63.51
2020-04-04,12.32,13.5,51.1
2020-04-05,14.000000000000002,0.0,53.29
2020-04-06,22.400000000000002,11.88,67.16
2020-04-07,29.680000000000003,0.0,70.81
2020-04-08,21.28,0.0,70.08
2020-04-09,24.64,24.03,61.32
2020-04-10,24.080000000000002,12.420000000000002,58.4
2020-04-11,13.440000000000001,0.0,56.21
2020-04-12,10.64,0.0,56.94
2020-04-13,20.160000000000004,11.88,63.51
2020-04-14,23.520000000000003,0.0,65.7
2020-04-15,23.520000000000003,11.34,63.51
2020-04-16,25.200000000000003,22.950000000000003,64.97
2020-04-17,21.840000000000003,0.0,56.21
2020-04-18,15.120000000000001,0.0,52.56
2020-04-19,16.8,27.0,55.48
2020-04-20,24.64,11.34,73.0
2020-04-21,24.080000000000002,11.610000000000001,70.08
2020-04-22,19.6,11.88,68.62
2020-04-23,21.28,0.0,63.51
2020-04-24,25.200000000000003,0.0,65.7
2020-04-25,12.32,13.23,52.56
2020-04-26,13.440000000000001,27.0,55.48
2020-04-27,26.320000000000004,11.88,72.27
2020-04-28,50.400000000000006,0.0,72.27
2020-04-29,56.00000000000001,17.28,70.08
2020-04-30,30.800000000000004,11.34,67.16
2020-05-01,43.0,13.860000000000001,55.61000000000001
2020-05-02,22.36,16.17,38.86
2020-05-03,24.08,0.0,46.230000000000004
2020-05-04,35.26,27.39,58.290000000000006
2020-05-05,41.71,0.0,48.910000000000004
2020-05-06,33.54,0.0,56.28
2020-05-07,40.85,0.0,54.27
2020-05-08,31.39,0.0,52.93
2020-05-09,28.81,0.0,42.88
2020-05-10,16.34,16.17,38.86
2020-05-11,36.12,0.0,51.59
2020-05-12,37.839999999999996,0.0,51.59
2020-05-13,32.68,0.0,49.580000000000005
2020-05-14,39.99,13.860000000000001,53.6
2020-05-15,27.95,14.190000000000001,48.910000000000004
2020-05-16,23.65,0.0,39.53
2020-05-17,21.07,0.0,39.53
2020-05-18,43.0,0.0,46.900000000000006
2020-05-19,31.82,13.860000000000001,52.260000000000005
2020-05-20,37.839999999999996,0.0,60.970000000000006
2020-05-21,36.98,14.190000000000001,48.910000000000004
2020-05-22,27.95,0.0,45.56
2020-05-23,15.91,33.0,46.230000000000004
2020-05-24,20.64,0.0,36.85
2020-05-25,15.48,0.0,34.17
2020-05-26,33.11,0.0,50.25
2020-05-27,31.39,0.0,48.910000000000004
2020-05-28,31.82,14.190000000000001,56.28
2020-05-29,32.25,14.520000000000001,61.64
2020-05-30,18.919999999999998,0.0,67.0
2020-05-31,18.06,0.0,45.56
2020-06-01,33.6,11.34,54.4
2020-06-02,35.28,0.0,52.480000000000004
2020-06-03,32.339999999999996,10.8,51.84
2020-06-04,29.4,0.0,47.36
2020-06-05,31.5,21.87,48.64
2020-06-06,23.099999999999998,0.0,46.72
2020-06-07,17.64,0.0,48.0
2020-06-08,31.5,10.8,47.36
2020-06-09,37.8,0.0,53.76
2020-06-10,34.86,0.0,53.120000000000005
2020-06-11,34.019999999999996,11.07,50.56
2020-06-12,36.54,0.0,46.72
2020-06-13,21.0,0.0,46.08
2020-06-14,13.86,0.0,42.24
2020-06-15,25.619999999999997,11.34,47.36
2020-06-16,38.22,11.34,64.0
2020-06-17,38.64,0.0,53.120000000000005
2020-06-18,34.86,0.0,51.2
2020-06-19,33.6,0.0,44.160000000000004
2020-06-20,21.0,26.73,42.24
2020-06-21,23.52,0.0,49.92
2020-06-22,40.32,0.0,46.72
2020-06-23,24.36,11.610000000000001,49.28
2020-06-24,42.0,0.0,46.72
2020-06-25,42.0,0.0,44.800000000000004
2020-06-26,31.5,0.0,46.08
2020-06-27,18.9,27.0,42.88
2020-06-28,15.12,13.23,46.08
2020-06-29,34.019999999999996,11.88,47.36
2020-06-30,34.86,0.0,51.84
2020-07-01,19.8,0.0,52.0
2020-07-02,17.1,0.0,50.7
2020-07-03,11.700000000000001,16.12,42.25
2020-07-04,7.65,17.98,44.2
2020-07-05,9.9,18.29,44.85
2020-07-06,22.95,29.45,46.800000000000004
2020-07-07,17.1,0.0,48.1
2020-07-08,14.85,0.0,47.45
2020-07-09,22.5,0.0,47.45
2020-07-10,21.6,23.25,46.800000000000004
2020-07-11,9.9,17.05,46.800000000000004
2020-07-12,9.0,17.36,47.45
2020-07-13,19.8,0.0,46.15
2020-07-14,21.150000000000002,0.0,52.0
2020-07-15,19.35,14.879999999999999,54.6
2020-07-16,18.0,22.63,59.15
2020-07-17,16.2,31.0,53.95
2020-07-18,14.85,0.0,49.4
2020-07-19,8.1,17.669999999999998,42.25
2020-07-20,20.7,0.0,52.0
2020-07-21,21.150000000000002,0.0,54.6
2020-07-22,20.25,0.0,53.300000000000004
2020-07-23,17.1,15.19,51.35
2020-07-24,19.8,0.0,50.050000000000004
2020-07-25,10.35,0.0,44.85
2020-07-26,12.6,0.0,44.85
2020-07-27,19.35,0.0,53.300000000000004
2020-07-28,21.6,15.19,52.65
2020-07-29,21.150000000000002,31.0,65.0
2020-07-30,45.0,22.63,61.1
2020-07-31,37.35,15.5,55.9
2020-08-01,18.06,10.56,38.0
2020-08-02,15.48,10.56,43.32
2020-08-03,43.0,9.28,43.32
2020-08-04,38.7,18.56,47.12
2020-08-05,22.36,0.0,45.6
2020-08-06,24.509999999999998,18.56,51.68
2020-08-07,29.669999999999998,9.6,41.8
2020-08-08,14.62,32.0,44.84
2020-08-09,13.33,10.56,44.08
2020-08-10,36.12,0.0,52.44
2020-08-11,33.54,0.0,50.160000000000004
2020-08-12,33.11,9.28,48.64
2020-08-13,27.52,0.0,52.44
2020-08-14,33.97,0.0,45.6
2020-08-15,20.64,0.0,37.24
2020-08-16,18.919999999999998,0.0,49.4
2020-08-17,33.54,8.96,50.160000000000004
2020-08-18,37.41,8.96,52.44
2020-08-19,32.25,0.0,60.04
2020-08-20,33.11,8.96,66.12
2020-08-21,39.13,0.0,63.84
2020-08-22,17.63,0.0,38.76
2020-08-23,17.2,10.88,45.6
2020-08-24,34.83,0.0,64.6
2020-08-25,34.4,17.28,66.12
2020-08-26,35.69,0.0,60.04
2020-08-27,36.55,0.0,70.68
2020-08-28,32.25,0.0,76.0
2020-08-29,14.62,15.040000000000001,47.12
2020-08-30,18.49,0.0,55.480000000000004
2020-08-31,32.68,8.64,71.44
2020-09-01,39.48,23.75,86.0
2020-09-02,47.0,0.0,86.0
2020-09-03,40.89,0.0,87.0
2020-09-04,41.36,25.0,87.0
2020-09-05,22.09,22.0,48.0
2020-09-06,11.75,14.5,60.0
2020-09-07,20.209999999999997,0.0,63.0
2020-09-08,46.529999999999994,11.5,85.0
2020-09-09,43.239999999999995,0.0,94.0
2020-09-10,40.89,23.0,89.0
2020-09-11,37.599999999999994,0.0,81.0
2020-09-12,20.209999999999997,14.5,56.0
2020-09-13,15.51,14.0,55.0
2020-09-14,36.19,0.0,91.0
2020-09-15,41.36,0.0,90.0
2020-09-16,41.83,0.0,90.0
2020-09-17,39.48,11.5,87.0
2020-09-18,35.25,0.0,100.0
2020-09-19,26.32,0.0,77.0
2020-09-20,16.919999999999998,0.0,65.0
2020-09-21,46.529999999999994,0.0,88.0
2020-09-22,43.239999999999995,17.5,93.0
2020-09-23,39.01,0.0,92.0
2020-09-24,39.48,11.75,87.0
2020-09-25,42.769999999999996,0.0,71.0
2020-09-26,22.56,15.5,50.0
2020-09-27,10.34,15.0,51.0
2020-09-28,30.08,0.0,63.0
2020-09-29,33.37,12.75,71.0
2020-09-30,35.72,12.75,68.0
2020-10-01,24.08,0.0,70.52
2020-10-02,27.09,0.0,73.1
2020-10-03,9.89,0.0,52.46
2020-10-04,12.47,21.84,57.62
2020-10-05,24.509999999999998,0.0,79.12
2020-10-06,21.07,0.0,82.56
2020-10-07,24.08,0.0,73.1
2020-10-08,21.5,0.0,74.82
2020-10-09,21.5,0.0,66.22
2020-10-10,13.76,0.0,52.46
2020-10-11,12.9,0.0,40.42
2020-10-12,24.94,20.58,56.76
2020-10-13,22.36,0.0,56.76
2020-10-14,20.21,21.0,58.48
2020-10-15,21.5,41.16,51.6
2020-10-16,16.77,31.919999999999998,54.18
2020-10-17,10.32,23.939999999999998,53.32
2020-10-18,12.04,23.099999999999998,49.019999999999996
2020-10-19,16.77,0.0,59.339999999999996
2020-10-20,39.56,31.5,69.66
2020-10-21,30.53,31.5,61.92
2020-10-22,24.08,42.0,55.9
2020-10-23,22.36,21.0,57.62
2020-10-24,14.62,0.0,50.74
2020-10-25,8.6,0.0,66.22
2020-10-26,21.07,20.58,86.0
2020-10-27,24.08,0.0,79.98
2020-10-28,28.38,20.58,80.84
2020-10-29,40.42,20.58,80.84
2020-10-30,43.0,21.419999999999998,65.36
2020-10-31,15.049999999999999,23.939999999999998,41.28
2020-11-01,9.88,13.75,50.56
2020-11-02,38.0,11.75,60.160000000000004
2020-11-03,33.44,0.0,53.120000000000005
2020-11-04,27.36,7.5,32.64
2020-11-05,30.4,8.5,40.96
2020-11-06,25.080000000000002,9.75,44.800000000000004
2020-11-07,19.0,0.0,33.28
2020-11-08,19.76,12.25,48.0
2020-11-09,37.24,11.25,57.6
2020-11-10,30.02,11.25,64.0
2020-11-11,30.02,0.0,62.08
2020-11-12,29.64,11.0,53.120000000000005
2020-11-13,32.68,0.0,60.160000000000004
2020-11-14,14.82,0.0,51.2
2020-11-15,12.540000000000001,12.75,48.0
2020-11-16,35.34,11.5,57.6
2020-11-17,36.1,0.0,58.24
2020-11-18,29.64,23.5,58.88
2020-11-19,30.02,11.5,52.480000000000004
2020-11-20,27.36,23.75,55.04
2020-11-21,18.62,0.0,46.72
2020-11-22,14.44,0.0,40.96
2020-11-23,26.6,0.0,46.72
2020-11-24,30.02,11.75,48.0
2020-11-25,28.88,0.0,42.88
2020-11-26,16.72,12.5,40.96
2020-11-27,22.42,0.0,38.4
2020-11-28,15.58,0.0,39.04
2020-11-29,14.44,25.0,38.4
2020-11-30,28.88,11.0,46.72
2020-12-01,40.940000000000005,0.0,65.86
2020-12-02,31.740000000000002,0.0,74.0
2020-12-03,46.0,100.0,70.3
