Date,MSFT,Microsoft Corporation,Microsoft
2015-01-01,0.44999999999999996,30.240000000000002,41.28
2015-01-02,1.95,0.0,45.58
2015-01-03,2.85,0.0,45.58
2015-01-04,0.3,0.0,45.58
2015-01-05,3.9,45.36000000000001,57.62
2015-01-06,3.3,22.400000000000002,62.78
2015-01-07,3.75,44.800000000000004,61.06
2015-01-08,2.4,22.400000000000002,56.76
2015-01-09,2.1,22.96,59.339999999999996
2015-01-10,1.5,27.44,44.72
2015-01-11,0.75,0.0,45.58
2015-01-12,2.85,43.68000000000001,61.92
2015-01-13,2.55,0.0,65.36
2015-01-14,3.9,33.040000000000006,67.08
2015-01-15,2.85,21.840000000000003,62.78
2015-01-16,2.1,22.96,57.62
2015-01-17,1.05,56.00000000000001,41.28
2015-01-18,0.0,28.000000000000004,44.72
2015-01-19,0.8999999999999999,23.520000000000003,55.04
2015-01-20,2.85,33.040000000000006,59.339999999999996
2015-01-21,5.1,21.840000000000003,72.24
2015-01-22,5.3999999999999995,21.840000000000003,86.0
2015-01-23,5.7,22.400000000000002,74.82
2015-01-24,2.55,26.880000000000003,53.32
2015-01-25,1.05,54.32000000000001,55.04
2015-01-26,6.6,43.68000000000001,67.08
2015-01-27,15.0,21.28,69.66
2015-01-28,9.45,32.480000000000004,67.94
2015-01-29,6.1499999999999995,33.040000000000006,68.8
2015-01-30,6.75,0.0,61.92
2015-01-31,2.85,39.760000000000005,49.019999999999996
2015-02-01,3.25,14.4,59.64
2015-02-02,10.530000000000001,80.0,84.0
2015-02-03,11.700000000000001,11.200000000000001,84.0
2015-02-04,10.530000000000001,34.4,84.0
2015-02-05,9.75,23.200000000000003,82.32
2015-02-06,9.620000000000001,12.0,76.44
2015-02-07,4.8100000000000005,0.0,54.6
2015-02-08,2.6,0.0,57.96
2015-02-09,6.37,0.0,77.28
2015-02-10,13.0,34.4,78.11999999999999
2015-02-11,3.5100000000000002,0.0,78.96
2015-02-12,9.620000000000001,34.4,80.64
2015-02-13,8.06,12.0,73.08
2015-02-14,3.77,29.6,52.919999999999995
2015-02-15,1.9500000000000002,29.6,55.44
2015-02-16,5.07,24.8,73.92
2015-02-17,8.58,0.0,73.92
2015-02-18,7.15,35.2,80.64
2015-02-19,5.98,35.2,75.6
2015-02-20,9.620000000000001,12.0,71.39999999999999
2015-02-21,3.64,0.0,57.12
2015-02-22,1.82,0.0,57.12
2015-02-23,6.11,33.6,73.08
2015-02-24,4.68,11.200000000000001,82.32
2015-02-25,5.59,23.200000000000003,77.28
2015-02-26,5.33,12.0,79.8
2015-02-27,6.63,23.200000000000003,67.2
2015-02-28,1.82,0.0,55.44
2015-03-01,1.43,49.0,57.6
2015-03-02,5.17,13.23,78.4
2015-03-03,8.58,13.23,78.4
2015-03-04,4.07,13.23,76.80000000000001
2015-03-05,6.6,33.32,76.0
2015-03-06,3.96,13.719999999999999,70.4
2015-03-07,2.97,0.0,52.800000000000004
2015-03-08,1.43,17.15,55.2
2015-03-09,6.71,13.719999999999999,76.0
2015-03-10,7.59,13.23,80.0
2015-03-11,7.37,0.0,76.80000000000001
2015-03-12,8.03,13.719999999999999,74.4
2015-03-13,11.0,42.63,70.4
2015-03-14,4.07,0.0,49.6
2015-03-15,2.31,0.0,55.2
2015-03-16,8.47,41.16,75.2
2015-03-17,7.37,26.95,76.80000000000001
2015-03-18,7.7,13.719999999999999,80.0
2015-03-19,5.72,13.719999999999999,78.4
2015-03-20,7.48,13.719999999999999,70.4
2015-03-21,2.2,0.0,46.400000000000006
2015-03-22,3.74,33.81,52.0
2015-03-23,5.5,26.95,77.60000000000001
2015-03-24,5.61,40.67,75.2
2015-03-25,4.95,46.06,75.2
2015-03-26,5.28,16.169999999999998,78.4
2015-03-27,6.82,14.209999999999999,68.8
2015-03-28,3.3,0.0,46.400000000000006
2015-03-29,2.42,18.62,50.400000000000006
2015-03-30,6.6,13.719999999999999,72.8
2015-03-31,9.35,0.0,78.4
2015-04-01,4.930000000000001,26.979999999999997,63.84
2015-04-02,3.91,18.46,67.64
2015-04-03,2.72,29.82,55.480000000000004
2015-04-04,1.02,71.0,42.56
2015-04-05,1.7000000000000002,24.849999999999998,41.04
2015-04-06,4.08,37.629999999999995,64.6
2015-04-07,3.91,35.5,63.08
2015-04-08,4.760000000000001,26.979999999999997,68.4
2015-04-09,3.2300000000000004,26.979999999999997,63.84
2015-04-10,3.5700000000000003,18.46,57.76
2015-04-11,1.7000000000000002,46.86,41.8
2015-04-12,0.68,23.43,46.36
2015-04-13,3.91,17.75,63.08
2015-04-14,4.25,0.0,63.84
2015-04-15,3.5700000000000003,17.75,66.88
2015-04-16,3.2300000000000004,35.5,63.08
2015-04-17,3.91,28.4,59.28
2015-04-18,0.8500000000000001,23.43,43.32
2015-04-19,0.8500000000000001,23.43,43.32
2015-04-20,4.760000000000001,17.75,63.08
2015-04-21,5.44,53.25,68.4
2015-04-22,4.590000000000001,0.0,65.36
2015-04-23,9.01,53.25,66.88
2015-04-24,17.0,0.0,63.08
2015-04-25,5.1000000000000005,23.43,41.04
2015-04-26,2.3800000000000003,23.43,44.08
2015-04-27,4.590000000000001,26.979999999999997,66.12
2015-04-28,7.140000000000001,71.0,60.8
2015-04-29,7.65,44.73,72.2
2015-04-30,6.29,18.46,76.0
2015-05-01,9.719999999999999,0.0,77.0
2015-05-02,5.279999999999999,0.0,54.67
2015-05-03,4.32,26.349999999999998,50.050000000000004
2015-05-04,7.319999999999999,20.4,73.15
2015-05-05,11.16,0.0,73.92
2015-05-06,10.559999999999999,0.0,76.23
2015-05-07,5.3999999999999995,0.0,69.3
2015-05-08,12.0,22.099999999999998,67.76
2015-05-09,5.279999999999999,0.0,45.43
2015-05-10,1.7999999999999998,28.05,46.97
2015-05-11,8.16,62.9,72.38
2015-05-12,12.0,0.0,70.84
2015-05-13,8.04,20.4,75.46000000000001
2015-05-14,6.0,41.65,73.15
2015-05-15,4.2,0.0,68.53
2015-05-16,2.6399999999999997,0.0,44.660000000000004
2015-05-17,1.7999999999999998,0.0,46.2
2015-05-18,11.4,41.65,69.3
2015-05-19,6.84,41.65,70.07000000000001
2015-05-20,4.68,0.0,73.92
2015-05-21,7.08,22.099999999999998,70.84
2015-05-22,4.4399999999999995,22.95,62.370000000000005
2015-05-23,3.7199999999999998,0.0,46.2
2015-05-24,0.0,58.65,40.81
2015-05-25,1.7999999999999998,0.0,50.050000000000004
2015-05-26,4.08,41.65,66.22
2015-05-27,6.72,0.0,76.23
2015-05-28,11.04,85.0,72.38
2015-05-29,7.199999999999999,22.099999999999998,65.45
2015-05-30,3.5999999999999996,0.0,45.43
2015-05-31,2.6399999999999997,83.3,46.2
2015-06-01,7.9,8.32,65.60000000000001
2015-06-02,7.2,8.58,68.8
2015-06-03,5.9,13.0,69.60000000000001
2015-06-04,7.1000000000000005,0.0,64.0
2015-06-05,7.0,9.1,62.400000000000006
2015-06-06,2.4000000000000004,11.440000000000001,44.800000000000004
2015-06-07,4.0,0.0,44.0
2015-06-08,7.4,8.84,64.8
2015-06-09,4.4,8.58,66.4
2015-06-10,6.800000000000001,8.84,72.0
2015-06-11,5.800000000000001,0.0,67.2
2015-06-12,5.5,9.36,59.2
2015-06-13,2.9000000000000004,11.440000000000001,44.0
2015-06-14,4.4,0.0,40.0
2015-06-15,7.4,17.68,80.0
2015-06-16,4.1000000000000005,17.68,76.0
2015-06-17,10.0,8.84,72.0
2015-06-18,8.6,8.84,68.0
2015-06-19,8.700000000000001,0.0,61.6
2015-06-20,1.4000000000000001,11.18,43.2
2015-06-21,1.9000000000000001,0.0,42.400000000000006
2015-06-22,7.1000000000000005,0.0,64.0
2015-06-23,4.800000000000001,26.0,64.0
2015-06-24,7.1000000000000005,13.26,68.8
2015-06-25,6.800000000000001,8.84,64.0
2015-06-26,5.1000000000000005,0.0,60.800000000000004
2015-06-27,1.9000000000000001,0.0,43.2
2015-06-28,2.9000000000000004,0.0,42.400000000000006
2015-06-29,5.300000000000001,8.84,62.400000000000006
2015-06-30,8.9,8.84,67.2
2015-07-01,4.0,32.43,53.82
2015-07-02,3.2,16.45,49.92
2015-07-03,1.76,19.74,39.0
2015-07-04,1.44,0.0,31.98
2015-07-05,1.12,45.12,32.76
2015-07-06,4.64,15.979999999999999,49.14
2015-07-07,4.0,15.979999999999999,56.940000000000005
2015-07-08,7.04,31.959999999999997,56.160000000000004
2015-07-09,7.5200000000000005,15.979999999999999,58.5
2015-07-10,4.96,16.919999999999998,48.36
2015-07-11,1.76,0.0,32.76
2015-07-12,1.28,0.0,35.1
2015-07-13,4.64,47.0,49.92
2015-07-14,4.0,15.51,50.7
2015-07-15,5.76,0.0,56.160000000000004
2015-07-16,4.8,16.45,53.82
2015-07-17,5.12,0.0,52.260000000000005
2015-07-18,1.92,0.0,35.88
2015-07-19,0.8,0.0,36.660000000000004
2015-07-20,6.4,0.0,56.940000000000005
2015-07-21,16.0,15.979999999999999,58.5
2015-07-22,15.200000000000001,15.979999999999999,57.72
2015-07-23,6.4,0.0,55.38
2015-07-24,5.12,16.919999999999998,47.58
2015-07-25,1.76,0.0,36.660000000000004
2015-07-26,1.6,0.0,35.88
2015-07-27,5.6000000000000005,15.51,51.480000000000004
2015-07-28,4.8,15.979999999999999,56.160000000000004
2015-07-29,5.28,15.979999999999999,74.88
2015-07-30,6.72,15.979999999999999,78.0
2015-07-31,4.32,16.45,63.96
2015-08-01,4.16,0.0,64.08
2015-08-02,2.99,73.0,66.75
2015-08-03,8.06,28.47,83.66
2015-08-04,6.37,0.0,82.77
2015-08-05,7.67,56.21,82.77
2015-08-06,6.24,56.94,83.66
2015-08-07,6.11,58.4,73.87
2015-08-08,2.99,35.769999999999996,59.63
2015-08-09,0.78,0.0,60.52
2015-08-10,6.24,56.94,80.1
2015-08-11,7.0200000000000005,0.0,85.44
2015-08-12,5.8500000000000005,27.74,83.66
2015-08-13,8.71,0.0,79.21000000000001
2015-08-14,6.76,29.2,76.54
2015-08-15,2.21,35.04,56.96
2015-08-16,1.9500000000000002,0.0,59.63
2015-08-17,6.5,56.21,81.88
2015-08-18,5.8500000000000005,0.0,83.66
2015-08-19,7.800000000000001,0.0,85.44
2015-08-20,7.54,0.0,82.77
2015-08-21,8.06,0.0,78.32000000000001
2015-08-22,1.4300000000000002,35.769999999999996,57.85
2015-08-23,0.78,35.04,64.97
2015-08-24,12.22,54.75,85.44
2015-08-25,13.0,27.009999999999998,88.11
2015-08-26,8.450000000000001,27.009999999999998,89.0
2015-08-27,10.530000000000001,54.019999999999996,86.33
2015-08-28,6.5,0.0,77.43
2015-08-29,2.6,34.31,62.300000000000004
2015-08-30,1.82,0.0,59.63
2015-08-31,7.15,27.009999999999998,84.55
2015-09-01,10.78,45.54,89.10000000000001
2015-09-02,10.01,69.0,83.7
2015-09-03,9.790000000000001,57.959999999999994,83.7
2015-09-04,10.12,0.0,72.9
2015-09-05,4.18,60.029999999999994,54.9
2015-09-06,2.2,46.23,53.1
2015-09-07,2.53,28.29,67.5
2015-09-08,7.59,22.08,82.8
2015-09-09,8.58,33.12,88.2
2015-09-10,10.56,44.849999999999994,90.0
2015-09-11,8.03,46.23,76.5
2015-09-12,3.08,0.0,55.800000000000004
2015-09-13,2.97,28.29,57.6
2015-09-14,9.13,56.58,75.60000000000001
2015-09-15,11.0,0.0,83.7
2015-09-16,9.02,67.61999999999999,82.8
2015-09-17,8.25,44.849999999999994,79.2
2015-09-18,7.37,23.459999999999997,74.7
2015-09-19,3.63,0.0,55.800000000000004
2015-09-20,3.08,0.0,54.9
2015-09-21,5.83,55.199999999999996,81.9
2015-09-22,6.6,22.08,85.5
2015-09-23,8.25,44.849999999999994,83.7
2015-09-24,6.71,33.809999999999995,82.8
2015-09-25,6.6,23.459999999999997,73.8
2015-09-26,3.63,58.65,50.4
2015-09-27,3.08,0.0,55.800000000000004
2015-09-28,9.13,22.08,74.7
2015-09-29,7.26,0.0,81.0
2015-09-30,7.37,33.12,81.9
2015-10-01,3.36,0.0,62.1
2015-10-02,1.6,20.8,54.9
2015-10-03,1.6,0.0,42.300000000000004
2015-10-04,3.2,17.68,44.1
2015-10-05,2.08,13.52,62.1
2015-10-06,7.84,20.28,90.0
2015-10-07,7.36,0.0,84.60000000000001
2015-10-08,3.36,13.52,70.2
2015-10-09,3.52,21.32,63.9
2015-10-10,2.08,18.2,46.800000000000004
2015-10-11,2.08,18.2,42.300000000000004
2015-10-12,3.2,0.0,62.1
2015-10-13,4.16,13.0,64.8
2015-10-14,2.72,13.52,63.0
2015-10-15,3.36,27.04,63.0
2015-10-16,3.2,0.0,58.5
2015-10-17,0.8,26.52,43.2
2015-10-18,0.32,17.16,46.800000000000004
2015-10-19,1.44,26.52,63.0
2015-10-20,5.28,52.0,64.8
2015-10-21,3.84,39.52,65.7
2015-10-22,9.120000000000001,13.52,64.8
2015-10-23,16.0,41.6,59.4
2015-10-24,4.32,34.32,39.6
2015-10-25,2.24,0.0,45.9
2015-10-26,7.68,13.0,63.9
2015-10-27,6.4,25.48,67.5
2015-10-28,4.96,12.48,63.9
2015-10-29,3.2,26.0,60.300000000000004
2015-10-30,4.16,28.080000000000002,58.5
2015-10-31,2.4,17.68,40.5
2015-11-01,2.3000000000000003,15.93,50.15
2015-11-02,7.4,23.009999999999998,68.0
2015-11-03,10.0,0.0,71.39999999999999
2015-11-04,8.9,11.799999999999999,72.25
2015-11-05,6.9,35.4,73.1
2015-11-06,4.4,23.599999999999998,68.0
2015-11-07,1.2000000000000002,0.0,47.6
2015-11-08,1.5,0.0,48.449999999999996
2015-11-09,4.9,11.799999999999999,67.14999999999999
2015-11-10,6.7,34.22,71.39999999999999
2015-11-11,6.4,0.0,67.14999999999999
2015-11-12,3.9000000000000004,24.189999999999998,73.95
2015-11-13,4.0,12.389999999999999,66.3
2015-11-14,1.5,0.0,47.6
2015-11-15,1.2000000000000002,15.34,50.15
2015-11-16,5.9,0.0,68.85
2015-11-17,4.4,11.209999999999999,72.25
2015-11-18,3.8000000000000003,0.0,73.95
2015-11-19,4.0,23.009999999999998,71.39999999999999
2015-11-20,3.9000000000000004,12.389999999999999,68.85
2015-11-21,2.2,0.0,49.3
2015-11-22,1.8,0.0,51.0
2015-11-23,5.300000000000001,47.79,68.0
2015-11-24,4.9,12.389999999999999,72.25
2015-11-25,4.800000000000001,12.979999999999999,61.199999999999996
2015-11-26,1.6,0.0,71.39999999999999
2015-11-27,2.0,0.0,72.25
2015-11-28,3.1,0.0,55.25
2015-11-29,0.9,59.0,56.949999999999996
2015-11-30,6.9,0.0,85.0
2015-12-01,7.26,35.25,83.0
2015-12-02,6.49,27.0,79.67999999999999
2015-12-03,7.15,18.0,77.19
2015-12-04,11.0,75.0,70.55
2015-12-05,3.85,48.0,55.61
2015-12-06,2.09,59.25,53.12
2015-12-07,3.85,18.0,77.19
2015-12-08,8.36,36.0,73.86999999999999
2015-12-09,6.82,27.0,76.36
2015-12-10,6.6,18.75,77.19
2015-12-11,6.16,48.0,71.38
2015-12-12,2.97,36.0,53.12
2015-12-13,4.62,24.0,53.12
2015-12-14,6.49,54.75,68.06
2015-12-15,8.58,27.75,69.72
2015-12-16,7.15,28.5,71.38
2015-12-17,9.13,0.0,67.22999999999999
2015-12-18,8.91,21.0,64.74
2015-12-19,5.39,0.0,49.8
2015-12-20,1.87,25.5,48.97
2015-12-21,7.04,0.0,63.91
2015-12-22,6.2700000000000005,0.0,66.39999999999999
2015-12-23,4.29,33.0,61.419999999999995
2015-12-24,3.96,24.75,47.309999999999995
2015-12-25,3.63,42.75,64.74
2015-12-26,2.75,25.5,61.419999999999995
2015-12-27,1.76,0.0,51.46
2015-12-28,4.07,21.0,63.08
2015-12-29,9.68,31.5,67.22999999999999
2015-12-30,5.28,32.25,63.91
2015-12-31,7.48,21.75,55.61
2016-01-01,0.44999999999999996,0.0,41.480000000000004
2016-01-02,0.75,10.92,42.160000000000004
2016-01-03,0.3,10.5,42.84
2016-01-04,4.95,8.82,62.56
2016-01-05,4.05,9.24,65.96000000000001
2016-01-06,3.5999999999999996,9.24,64.60000000000001
2016-01-07,6.1499999999999995,13.44,61.2
2016-01-08,7.05,9.24,59.84
2016-01-09,1.65,10.5,42.84
2016-01-10,1.7999999999999998,0.0,43.52
2016-01-11,3.15,17.22,60.52
2016-01-12,5.1,26.459999999999997,65.28
2016-01-13,5.55,35.28,65.28
2016-01-14,4.2,8.4,59.160000000000004
2016-01-15,5.25,0.0,61.88
2016-01-16,1.5,10.5,45.56
2016-01-17,0.8999999999999999,20.16,45.56
2016-01-18,1.95,13.86,60.52
2016-01-19,2.85,26.459999999999997,66.64
2016-01-20,5.1,17.64,65.96000000000001
2016-01-21,6.0,26.459999999999997,63.92
2016-01-22,4.05,8.82,59.84
2016-01-23,1.3499999999999999,10.5,45.56
2016-01-24,1.2,20.58,46.24
2016-01-25,3.9,8.82,62.56
2016-01-26,6.3,8.82,67.32000000000001
2016-01-27,6.0,17.64,67.32000000000001
2016-01-28,10.799999999999999,8.82,68.0
2016-01-29,15.0,27.3,61.88
2016-01-30,3.4499999999999997,10.92,44.88
2016-01-31,2.1,42.0,48.28
2016-02-01,7.92,8.76,63.92
2016-02-02,12.0,8.76,66.64
2016-02-03,8.04,73.0,68.0
2016-02-04,8.64,18.25,64.60000000000001
2016-02-05,8.52,18.25,59.84
2016-02-06,5.88,21.9,45.56
2016-02-07,2.16,0.0,43.52
2016-02-08,11.4,8.76,57.120000000000005
2016-02-09,10.559999999999999,0.0,63.24
2016-02-10,7.92,8.76,65.28
2016-02-11,11.04,18.25,63.92
2016-02-12,9.24,28.47,59.84
2016-02-13,2.52,0.0,44.2
2016-02-14,1.56,0.0,41.480000000000004
2016-02-15,3.84,9.49,56.440000000000005
2016-02-16,7.56,27.009999999999998,61.88
2016-02-17,8.04,8.76,60.52
2016-02-18,7.4399999999999995,8.76,59.84
2016-02-19,6.24,9.49,56.440000000000005
2016-02-20,1.68,10.95,42.160000000000004
2016-02-21,1.56,10.95,42.84
2016-02-22,6.6,26.28,59.84
2016-02-23,8.4,27.009999999999998,65.28
2016-02-24,6.84,17.52,63.24
2016-02-25,9.84,18.25,61.2
2016-02-26,6.12,0.0,58.480000000000004
2016-02-27,2.6399999999999997,0.0,40.800000000000004
2016-02-28,0.96,0.0,42.84
2016-02-29,4.68,0.0,58.480000000000004
2016-03-01,6.5,10.0,61.41
2016-03-02,5.9,25.0,60.029999999999994
2016-03-03,7.800000000000001,10.5,61.41
2016-03-04,9.4,10.5,60.029999999999994
2016-03-05,0.7000000000000001,0.0,47.61
2016-03-06,1.7000000000000002,24.5,46.919999999999995
2016-03-07,7.5,10.5,60.029999999999994
2016-03-08,6.6000000000000005,30.5,63.48
2016-03-09,8.6,15.5,63.48
2016-03-10,8.1,31.0,61.41
2016-03-11,9.9,21.5,60.72
2016-03-12,2.1,50.0,45.54
2016-03-13,1.4000000000000001,12.5,42.779999999999994
2016-03-14,9.9,10.5,60.72
2016-03-15,7.5,26.0,65.55
2016-03-16,7.800000000000001,10.5,61.41
2016-03-17,7.6000000000000005,0.0,57.959999999999994
2016-03-18,8.9,0.0,60.029999999999994
2016-03-19,3.2,12.5,39.33
2016-03-20,1.4000000000000001,12.5,42.779999999999994
2016-03-21,7.300000000000001,21.0,65.55
2016-03-22,7.7,21.0,62.78999999999999
2016-03-23,8.9,10.5,63.48
2016-03-24,8.700000000000001,21.5,66.92999999999999
2016-03-25,2.5,11.5,63.48
2016-03-26,2.1,13.0,47.61
2016-03-27,1.1,13.5,44.16
2016-03-28,9.600000000000001,16.0,66.24
2016-03-29,10.0,10.5,66.24
2016-03-30,9.5,10.5,69.0
2016-03-31,6.2,10.5,63.48
2016-04-01,2.85,19.5,63.36
2016-04-02,0.8999999999999999,0.0,40.96
2016-04-03,0.8999999999999999,22.62,42.88
2016-04-04,3.4499999999999997,38.22,60.160000000000004
2016-04-05,3.0,28.080000000000002,56.96
2016-04-06,4.05,38.22,62.72
2016-04-07,3.15,38.22,57.6
2016-04-08,3.4499999999999997,39.0,54.4
2016-04-09,0.75,0.0,42.24
2016-04-10,0.75,0.0,43.52
2016-04-11,2.55,28.080000000000002,64.0
2016-04-12,4.05,0.0,58.24
2016-04-13,3.5999999999999996,28.86,59.52
2016-04-14,3.4499999999999997,0.0,58.88
2016-04-15,3.15,0.0,53.76
2016-04-16,1.3499999999999999,23.400000000000002,40.32
2016-04-17,0.8999999999999999,24.18,44.800000000000004
2016-04-18,5.25,38.22,57.6
2016-04-19,4.8,18.72,58.24
2016-04-20,4.6499999999999995,18.72,58.88
2016-04-21,12.0,46.800000000000004,55.68
2016-04-22,15.0,39.0,56.32
2016-04-23,4.2,23.400000000000002,35.84
2016-04-24,1.65,35.1,40.32
2016-04-25,2.6999999999999997,46.800000000000004,56.96
2016-04-26,5.7,74.10000000000001,59.52
2016-04-27,6.3,18.72,58.24
2016-04-28,6.1499999999999995,19.5,58.24
2016-04-29,5.25,78.0,51.2
2016-04-30,1.5,22.62,40.96
2016-05-01,0.0,48.24,39.0
2016-05-02,8.36,60.300000000000004,49.8
2016-05-03,5.61,20.1,55.199999999999996
2016-05-04,5.28,59.63,53.4
2016-05-05,4.95,61.64,51.0
2016-05-06,9.35,21.44,49.199999999999996
2016-05-07,3.3,25.46,33.0
2016-05-08,1.1,25.46,37.8
2016-05-09,6.2700000000000005,41.54,57.599999999999994
2016-05-10,7.92,20.1,60.0
2016-05-11,6.71,20.77,51.6
2016-05-12,5.39,31.490000000000002,51.0
2016-05-13,3.3,42.88,50.4
2016-05-14,1.1,0.0,36.0
2016-05-15,0.55,62.980000000000004,34.8
2016-05-16,10.89,20.77,54.6
2016-05-17,8.8,30.150000000000002,54.0
2016-05-18,5.83,41.54,57.0
2016-05-19,8.58,20.77,55.199999999999996
2016-05-20,6.16,43.550000000000004,53.4
2016-05-21,0.55,26.130000000000003,34.8
2016-05-22,0.0,25.46,37.8
2016-05-23,4.95,42.21,55.8
2016-05-24,10.45,20.77,55.199999999999996
2016-05-25,11.0,0.0,53.4
2016-05-26,3.74,32.160000000000004,49.199999999999996
2016-05-27,8.8,67.0,45.0
2016-05-28,3.41,26.130000000000003,33.6
2016-05-29,2.31,26.8,31.2
2016-05-30,1.1,24.790000000000003,35.4
2016-05-31,7.7,31.490000000000002,54.0
2016-06-01,2.55,11.28,39.69
2016-06-02,1.65,17.39,37.17
2016-06-03,2.6999999999999997,11.75,34.65
2016-06-04,0.0,0.0,23.94
2016-06-05,1.05,13.629999999999999,23.94
2016-06-06,2.25,11.75,39.69
2016-06-07,1.95,11.28,39.06
2016-06-08,3.0,11.75,36.54
2016-06-09,2.25,29.61,37.8
2016-06-10,1.3499999999999999,12.219999999999999,34.02
2016-06-11,1.7999999999999998,14.1,22.05
2016-06-12,0.3,14.1,23.94
2016-06-13,15.0,47.0,63.0
2016-06-14,7.6499999999999995,11.75,45.99
2016-06-15,4.35,17.86,40.95
2016-06-16,4.35,11.75,42.21
2016-06-17,2.25,12.219999999999999,37.17
2016-06-18,2.6999999999999997,14.1,25.2
2016-06-19,1.65,21.619999999999997,25.2
2016-06-20,3.4499999999999997,0.0,36.54
2016-06-21,4.05,23.5,40.95
2016-06-22,2.25,23.97,37.8
2016-06-23,3.9,23.97,38.43
2016-06-24,9.299999999999999,12.219999999999999,35.28
2016-06-25,0.3,28.669999999999998,27.72
2016-06-26,0.6,0.0,26.46
2016-06-27,4.05,11.75,37.17
2016-06-28,5.7,11.75,40.32
2016-06-29,3.0,11.75,38.43
2016-06-30,4.05,23.97,37.8
2016-07-01,1.76,21.119999999999997,48.97
2016-07-02,0.32,24.48,33.04
2016-07-03,0.96,34.08,30.68
2016-07-04,0.8,16.32,34.809999999999995
2016-07-05,2.08,14.399999999999999,54.87
2016-07-06,3.52,13.92,52.51
2016-07-07,4.64,0.0,53.099999999999994
2016-07-08,4.16,0.0,50.739999999999995
2016-07-09,0.64,15.84,32.449999999999996
2016-07-10,1.44,0.0,35.4
2016-07-11,2.72,13.92,54.279999999999994
2016-07-12,4.64,34.56,56.64
2016-07-13,3.84,14.399999999999999,57.23
2016-07-14,4.64,20.16,55.459999999999994
2016-07-15,3.52,28.32,48.97
2016-07-16,0.8,32.64,32.449999999999996
2016-07-17,0.64,16.32,33.629999999999995
2016-07-18,3.36,27.36,56.05
2016-07-19,13.280000000000001,48.0,57.82
2016-07-20,16.0,13.92,53.69
2016-07-21,8.8,28.32,54.87
2016-07-22,4.96,28.32,50.739999999999995
2016-07-23,2.24,15.84,36.58
2016-07-24,0.32,0.0,30.68
2016-07-25,2.4,20.16,54.87
2016-07-26,4.32,27.36,56.05
2016-07-27,3.84,20.16,59.0
2016-07-28,2.4,34.08,59.0
2016-07-29,3.2,13.92,51.919999999999995
2016-07-30,0.64,0.0,38.94
2016-07-31,0.8,15.84,37.169999999999995
2016-08-01,7.4,11.96,51.480000000000004
2016-08-02,5.9,0.0,56.760000000000005
2016-08-03,7.1000000000000005,36.34,55.440000000000005
2016-08-04,5.5,0.0,53.46
2016-08-05,10.0,0.0,48.84
2016-08-06,2.2,14.72,36.300000000000004
2016-08-07,2.6,0.0,36.300000000000004
2016-08-08,4.5,0.0,54.120000000000005
2016-08-09,9.200000000000001,24.380000000000003,52.800000000000004
2016-08-10,7.300000000000001,25.3,53.46
2016-08-11,7.2,0.0,54.78
2016-08-12,5.300000000000001,39.1,50.160000000000004
2016-08-13,2.2,29.44,35.64
2016-08-14,2.2,14.72,36.96
2016-08-15,5.7,12.42,53.46
2016-08-16,5.2,25.3,56.760000000000005
2016-08-17,6.300000000000001,12.42,58.080000000000005
2016-08-18,4.5,26.220000000000002,55.440000000000005
2016-08-19,4.9,26.68,52.800000000000004
2016-08-20,1.9000000000000001,0.0,40.260000000000005
2016-08-21,3.6,0.0,38.28
2016-08-22,5.800000000000001,12.42,60.06
2016-08-23,6.0,12.42,65.34
2016-08-24,6.2,0.0,66.0
2016-08-25,6.1000000000000005,11.96,62.040000000000006
2016-08-26,6.2,35.88,56.760000000000005
2016-08-27,3.3000000000000003,0.0,41.580000000000005
2016-08-28,0.6000000000000001,0.0,40.92
2016-08-29,3.5,0.0,58.080000000000005
2016-08-30,7.2,46.0,60.720000000000006
2016-08-31,6.5,23.0,64.02
2016-09-01,5.5,0.0,65.55
2016-09-02,5.7,0.0,56.58
2016-09-03,3.0,0.0,35.19
2016-09-04,1.8,19.32,42.779999999999994
2016-09-05,0.8,35.88,46.919999999999995
2016-09-06,6.4,31.28,64.86
2016-09-07,4.2,15.64,68.30999999999999
2016-09-08,4.0,31.28,67.61999999999999
2016-09-09,5.1000000000000005,32.660000000000004,58.65
2016-09-10,1.8,36.800000000000004,41.4
2016-09-11,2.2,0.0,42.779999999999994
2016-09-12,5.6000000000000005,0.0,61.41
2016-09-13,6.300000000000001,15.64,66.92999999999999
2016-09-14,4.4,15.64,68.30999999999999
2016-09-15,6.9,31.28,66.92999999999999
2016-09-16,6.1000000000000005,0.0,60.72
2016-09-17,1.7000000000000002,0.0,41.4
2016-09-18,0.8,0.0,43.47
2016-09-19,3.8000000000000003,0.0,62.78999999999999
2016-09-20,8.3,0.0,67.61999999999999
2016-09-21,10.0,0.0,66.24
2016-09-22,7.4,15.64,69.0
2016-09-23,5.800000000000001,16.1,58.65
2016-09-24,2.4000000000000004,18.86,42.779999999999994
2016-09-25,2.9000000000000004,18.400000000000002,45.54
2016-09-26,6.7,46.0,69.0
2016-09-27,6.300000000000001,30.82,64.86
2016-09-28,6.2,0.0,66.24
2016-09-29,5.9,15.64,64.17
2016-09-30,5.300000000000001,32.2,59.339999999999996
2016-10-01,1.05,0.0,29.700000000000003
2016-10-02,0.3,11.6,33.660000000000004
2016-10-03,2.4,19.72,48.84
2016-10-04,1.2,9.86,49.5
2016-10-05,0.75,29.58,48.18
2016-10-06,1.95,9.86,46.2
2016-10-07,2.55,0.0,41.580000000000005
2016-10-08,0.3,23.779999999999998,31.68
2016-10-09,0.75,0.0,30.360000000000003
2016-10-10,2.1,30.159999999999997,44.88
2016-10-11,3.75,0.0,48.18
2016-10-12,2.6999999999999997,19.72,50.160000000000004
2016-10-13,2.85,0.0,48.18
2016-10-14,1.3499999999999999,10.44,45.54
2016-10-15,1.05,0.0,29.040000000000003
2016-10-16,0.3,23.2,31.020000000000003
2016-10-17,2.25,9.86,47.52
2016-10-18,2.85,0.0,50.160000000000004
2016-10-19,3.3,9.86,49.5
2016-10-20,11.25,9.86,47.52
2016-10-21,15.0,20.299999999999997,46.2
2016-10-22,3.3,24.939999999999998,32.34
2016-10-23,1.65,23.779999999999998,31.68
2016-10-24,7.5,19.139999999999997,48.84
2016-10-25,4.2,19.139999999999997,51.480000000000004
2016-10-26,3.9,57.99999999999999,66.0
2016-10-27,3.5999999999999996,9.86,66.0
2016-10-28,4.35,9.86,54.78
2016-10-29,1.05,0.0,34.32
2016-10-30,0.3,11.6,35.64
2016-10-31,2.6999999999999997,38.279999999999994,48.18
2016-11-01,6.4799999999999995,13.780000000000001,62.56
2016-11-02,6.12,13.25,63.92
2016-11-03,5.64,0.0,60.52
2016-11-04,3.84,13.780000000000001,57.120000000000005
2016-11-05,1.3199999999999998,32.86,38.760000000000005
2016-11-06,1.68,0.0,40.120000000000005
2016-11-07,5.76,52.470000000000006,57.800000000000004
2016-11-08,7.199999999999999,25.44,53.720000000000006
2016-11-09,12.0,10.600000000000001,40.800000000000004
2016-11-10,9.12,13.25,56.440000000000005
2016-11-11,6.0,0.0,48.96
2016-11-12,3.48,0.0,36.720000000000006
2016-11-13,0.84,0.0,38.760000000000005
2016-11-14,7.199999999999999,13.25,59.160000000000004
2016-11-15,5.04,13.25,60.52
2016-11-16,6.12,53.0,60.52
2016-11-17,6.96,13.25,61.88
2016-11-18,4.4399999999999995,27.03,57.800000000000004
2016-11-19,1.3199999999999998,0.0,39.440000000000005
2016-11-20,0.48,15.370000000000001,40.800000000000004
2016-11-21,7.68,0.0,60.52
2016-11-22,5.16,40.81,57.800000000000004
2016-11-23,3.5999999999999996,14.31,52.36000000000001
2016-11-24,2.6399999999999997,0.0,52.36000000000001
2016-11-25,1.2,14.84,59.160000000000004
2016-11-26,1.2,30.21,44.88
2016-11-27,2.52,30.740000000000002,47.6
2016-11-28,5.279999999999999,23.85,67.32000000000001
2016-11-29,5.04,0.0,68.0
2016-11-30,4.8,0.0,63.24
2016-12-01,9.13,19.8,63.050000000000004
2016-12-02,9.68,39.6,58.5
2016-12-03,4.84,0.0,44.2
2016-12-04,3.41,66.0,42.25
2016-12-05,6.82,43.56,61.75
2016-12-06,10.12,46.2,65.0
2016-12-07,6.49,38.28,64.35000000000001
2016-12-08,10.01,19.14,58.5
2016-12-09,10.01,0.0,55.9
2016-12-10,1.87,23.76,41.6
2016-12-11,1.21,23.1,44.2
2016-12-12,5.83,66.0,63.050000000000004
2016-12-13,8.91,19.14,63.050000000000004
2016-12-14,10.01,58.080000000000005,59.800000000000004
2016-12-15,9.13,19.8,64.35000000000001
2016-12-16,9.68,0.0,55.25
2016-12-17,3.08,23.76,42.9
2016-12-18,2.42,23.76,41.6
2016-12-19,5.72,20.46,56.550000000000004
2016-12-20,11.0,31.68,55.25
2016-12-21,6.6,64.02,56.550000000000004
2016-12-22,10.34,44.22,49.4
2016-12-23,4.07,44.88,48.75
2016-12-24,2.53,25.080000000000002,35.75
2016-12-25,1.43,40.260000000000005,54.6
2016-12-26,3.63,0.0,48.1
2016-12-27,5.5,21.12,53.300000000000004
2016-12-28,3.85,42.9,57.2
2016-12-29,4.4,21.12,50.050000000000004
2016-12-30,4.51,0.0,44.85
2016-12-31,1.21,0.0,33.15
2017-01-01,1.05,13.780000000000001,31.490000000000002
2017-01-02,0.8999999999999999,0.0,44.220000000000006
2017-01-03,2.55,11.66,56.95
2017-01-04,3.5999999999999996,11.66,61.64
2017-01-05,5.1,11.66,57.620000000000005
2017-01-06,4.05,0.0,54.940000000000005
2017-01-07,0.8999999999999999,13.25,42.21
2017-01-08,1.05,25.970000000000002,43.550000000000004
2017-01-09,3.15,0.0,56.28
2017-01-10,2.4,21.73,62.980000000000004
2017-01-11,3.0,11.13,66.33
2017-01-12,3.3,0.0,66.33
2017-01-13,3.9,11.13,56.95
2017-01-14,0.8999999999999999,0.0,42.21
2017-01-15,0.8999999999999999,0.0,42.21
2017-01-16,0.8999999999999999,22.790000000000003,54.940000000000005
2017-01-17,3.15,32.86,62.31
2017-01-18,3.5999999999999996,11.13,67.0
2017-01-19,3.15,0.0,65.66000000000001
2017-01-20,2.6999999999999997,33.39,58.96
2017-01-21,1.05,0.0,44.220000000000006
2017-01-22,1.2,0.0,42.21
2017-01-23,3.5999999999999996,21.200000000000003,60.300000000000004
2017-01-24,3.9,21.73,64.32000000000001
2017-01-25,6.0,11.13,66.33
2017-01-26,15.0,21.73,63.650000000000006
2017-01-27,13.2,11.13,58.290000000000006
2017-01-28,2.4,53.0,39.53
2017-01-29,1.2,0.0,42.21
2017-01-30,3.75,31.8,59.63
2017-01-31,4.35,10.600000000000001,62.31
2017-02-01,13.0,32.13,63.36
2017-02-02,11.440000000000001,0.0,60.06
2017-02-03,12.870000000000001,16.830000000000002,58.080000000000005
2017-02-04,5.33,0.0,44.22
2017-02-05,2.34,0.0,37.620000000000005
2017-02-06,12.35,15.81,55.440000000000005
2017-02-07,5.46,0.0,64.68
2017-02-08,13.0,0.0,66.0
2017-02-09,11.440000000000001,33.15,60.720000000000006
2017-02-10,10.27,51.0,61.38
2017-02-11,2.99,0.0,38.940000000000005
2017-02-12,1.82,0.0,43.56
2017-02-13,11.05,31.62,58.74
2017-02-14,9.49,16.32,62.7
2017-02-15,8.58,0.0,64.02
2017-02-16,7.41,16.32,63.36
2017-02-17,11.440000000000001,16.32,56.1
2017-02-18,2.34,0.0,42.24
2017-02-19,1.17,0.0,38.28
2017-02-20,3.12,17.34,54.78
2017-02-21,8.32,32.64,62.040000000000006
2017-02-22,7.800000000000001,48.45,61.38
2017-02-23,11.31,16.32,56.760000000000005
2017-02-24,7.67,0.0,56.1
2017-02-25,5.98,19.89,42.24
2017-02-26,2.34,0.0,42.9
2017-02-27,6.5,45.9,61.38
2017-02-28,10.790000000000001,0.0,63.36
2017-03-01,11.0,15.989999999999998,56.1
2017-03-02,10.34,21.73,57.42
2017-03-03,10.12,28.7,54.120000000000005
2017-03-04,3.19,40.589999999999996,38.940000000000005
2017-03-05,0.99,13.53,40.92
2017-03-06,9.35,10.66,58.080000000000005
2017-03-07,10.34,21.32,64.02
2017-03-08,10.45,22.549999999999997,59.400000000000006
2017-03-09,7.26,16.81,56.760000000000005
2017-03-10,9.9,34.85,53.46
2017-03-11,5.83,0.0,36.96
2017-03-12,2.09,12.709999999999999,36.300000000000004
2017-03-13,7.37,31.979999999999997,52.14
2017-03-14,9.790000000000001,22.549999999999997,56.760000000000005
2017-03-15,7.04,22.549999999999997,58.74
2017-03-16,6.82,28.29,55.440000000000005
2017-03-17,9.68,11.889999999999999,51.480000000000004
2017-03-18,1.98,27.88,36.96
2017-03-19,1.98,27.47,34.980000000000004
2017-03-20,6.49,0.0,55.440000000000005
2017-03-21,8.14,11.479999999999999,66.0
2017-03-22,9.02,11.479999999999999,56.760000000000005
2017-03-23,8.8,17.22,57.42
2017-03-24,8.03,11.479999999999999,53.46
2017-03-25,4.62,27.88,36.300000000000004
2017-03-26,0.66,41.0,34.32
2017-03-27,9.24,22.549999999999997,55.440000000000005
2017-03-28,9.57,11.479999999999999,59.400000000000006
2017-03-29,9.35,22.959999999999997,54.78
2017-03-30,9.24,11.479999999999999,56.760000000000005
2017-03-31,8.69,23.369999999999997,52.14
2017-04-01,1.2,0.0,39.06
2017-04-02,1.2,13.34,39.68
2017-04-03,3.9,16.560000000000002,54.56
2017-04-04,3.15,16.560000000000002,55.8
2017-04-05,5.25,33.120000000000005,58.28
2017-04-06,4.2,0.0,57.66
2017-04-07,3.0,46.0,50.839999999999996
2017-04-08,1.3499999999999999,0.0,37.82
2017-04-09,1.05,0.0,36.58
2017-04-10,3.3,11.040000000000001,58.28
2017-04-11,3.15,22.540000000000003,58.9
2017-04-12,2.1,17.02,55.8
2017-04-13,1.95,23.0,61.38
2017-04-14,3.0,12.42,49.6
2017-04-15,1.5,13.8,39.68
2017-04-16,1.05,0.0,35.339999999999996
2017-04-17,3.5999999999999996,22.540000000000003,58.28
2017-04-18,2.6999999999999997,22.080000000000002,58.28
2017-04-19,3.15,39.1,61.38
2017-04-20,3.15,44.620000000000005,62.0
2017-04-21,3.9,23.46,50.839999999999996
2017-04-22,2.1,27.6,35.339999999999996
2017-04-23,1.7999999999999998,27.6,39.68
2017-04-24,4.2,27.6,59.519999999999996
2017-04-25,7.35,16.560000000000002,57.04
2017-04-26,4.5,16.560000000000002,59.519999999999996
2017-04-27,15.0,22.080000000000002,59.519999999999996
2017-04-28,9.0,11.5,55.8
2017-04-29,2.1,0.0,39.06
2017-04-30,1.2,20.240000000000002,37.82
2017-05-01,10.72,10.5,46.72
2017-05-02,16.0,10.5,56.96
2017-05-03,12.32,42.0,54.4
2017-05-04,11.36,0.0,51.2
2017-05-05,11.84,10.92,46.72
2017-05-06,2.88,0.0,32.0
2017-05-07,3.2,0.0,30.72
2017-05-08,8.96,10.5,47.36
2017-05-09,11.36,31.919999999999998,51.84
2017-05-10,8.64,0.0,53.76
2017-05-11,11.200000000000001,10.92,49.92
2017-05-12,12.32,11.34,46.72
2017-05-13,4.64,0.0,37.12
2017-05-14,1.92,26.88,34.56
2017-05-15,8.96,11.34,64.0
2017-05-16,14.56,22.68,55.68
2017-05-17,14.08,23.099999999999998,49.28
2017-05-18,13.92,11.34,44.800000000000004
2017-05-19,12.64,11.76,42.88
2017-05-20,2.72,0.0,28.16
2017-05-21,1.76,0.0,28.16
2017-05-22,9.44,0.0,45.44
2017-05-23,10.88,21.84,50.56
2017-05-24,12.32,11.34,49.28
2017-05-25,12.64,23.099999999999998,44.800000000000004
2017-05-26,12.0,12.18,40.32
2017-05-27,4.32,0.0,26.240000000000002
2017-05-28,1.44,29.4,25.6
2017-05-29,2.72,0.0,30.72
2017-05-30,12.64,34.44,44.160000000000004
2017-05-31,10.56,10.92,47.36
2017-06-01,8.16,20.16,58.199999999999996
2017-06-02,11.05,10.5,50.4
2017-06-03,3.74,0.0,35.4
2017-06-04,5.44,0.0,37.199999999999996
2017-06-05,13.090000000000002,0.0,57.599999999999994
2017-06-06,16.490000000000002,14.7,59.4
2017-06-07,9.690000000000001,10.08,60.0
2017-06-08,12.24,10.08,58.199999999999996
2017-06-09,15.3,42.0,51.6
2017-06-10,2.5500000000000003,12.18,34.199999999999996
2017-06-11,1.87,12.6,52.199999999999996
2017-06-12,17.0,10.08,58.199999999999996
2017-06-13,9.860000000000001,9.66,58.8
2017-06-14,9.690000000000001,10.08,56.4
2017-06-15,13.430000000000001,21.0,56.4
2017-06-16,12.07,15.959999999999999,55.199999999999996
2017-06-17,3.06,0.0,35.4
2017-06-18,1.1900000000000002,36.96,35.4
2017-06-19,9.690000000000001,15.12,57.0
2017-06-20,7.140000000000001,29.4,58.8
2017-06-21,13.600000000000001,23.939999999999998,55.8
2017-06-22,7.82,0.0,54.0
2017-06-23,8.33,9.66,51.6
2017-06-24,4.08,11.76,32.4
2017-06-25,1.1900000000000002,0.0,36.6
2017-06-26,8.67,10.08,57.0
2017-06-27,13.770000000000001,10.5,56.4
2017-06-28,13.090000000000002,21.419999999999998,58.8
2017-06-29,12.41,31.919999999999998,54.6
2017-06-30,14.450000000000001,16.38,51.6
2017-07-01,1.25,0.0,32.48
2017-07-02,1.5,0.0,30.74
2017-07-03,7.25,45.0,42.339999999999996
2017-07-04,6.0,15.75,34.22
2017-07-05,7.5,14.85,49.3
2017-07-06,7.5,13.950000000000001,53.36
2017-07-07,4.75,13.950000000000001,50.459999999999994
2017-07-08,2.0,15.75,34.22
2017-07-09,0.5,0.0,32.48
2017-07-10,4.75,27.45,53.94
2017-07-11,4.25,13.5,57.99999999999999
2017-07-12,7.5,0.0,57.419999999999995
2017-07-13,5.25,27.45,53.36
2017-07-14,5.75,13.950000000000001,48.72
2017-07-15,2.25,16.2,30.159999999999997
2017-07-16,0.5,0.0,31.319999999999997
2017-07-17,7.0,13.5,48.72
2017-07-18,8.5,0.0,51.62
2017-07-19,10.0,27.45,52.779999999999994
2017-07-20,25.0,13.5,52.779999999999994
2017-07-21,22.75,0.0,47.559999999999995
2017-07-22,2.0,0.0,28.999999999999996
2017-07-23,2.0,15.3,31.9
2017-07-24,7.5,13.5,54.519999999999996
2017-07-25,8.5,41.4,53.36
2017-07-26,7.75,13.5,57.419999999999995
2017-07-27,7.75,13.5,56.26
2017-07-28,7.25,13.950000000000001,51.04
2017-07-29,1.75,0.0,32.48
2017-07-30,1.25,16.650000000000002,35.96
2017-07-31,4.75,13.5,51.04
2017-08-01,11.549999999999999,0.0,53.120000000000005
2017-08-02,14.549999999999999,44.589999999999996,56.32
2017-08-03,10.95,0.0,53.120000000000005
2017-08-04,10.95,49.0,47.36
2017-08-05,4.2,0.0,33.92
2017-08-06,2.1,0.0,30.080000000000002
2017-08-07,8.25,0.0,53.76
2017-08-08,7.8,22.54,50.56
2017-08-09,10.049999999999999,47.04,55.04
2017-08-10,9.9,24.5,53.76
2017-08-11,10.2,0.0,52.480000000000004
2017-08-12,4.8,0.0,37.12
2017-08-13,2.1,27.93,36.480000000000004
2017-08-14,8.549999999999999,48.51,51.84
2017-08-15,15.0,23.52,55.04
2017-08-16,10.799999999999999,0.0,56.32
2017-08-17,7.35,47.53,49.92
2017-08-18,11.1,24.5,49.28
2017-08-19,3.9,27.93,34.56
2017-08-20,3.0,0.0,37.12
2017-08-21,8.549999999999999,0.0,50.56
2017-08-22,9.15,0.0,58.88
2017-08-23,8.85,47.53,57.6
2017-08-24,7.05,23.52,58.24
2017-08-25,8.25,0.0,49.92
2017-08-26,3.75,0.0,35.84
2017-08-27,1.65,0.0,35.84
2017-08-28,7.05,47.04,58.88
2017-08-29,7.199999999999999,46.55,62.08
2017-08-30,9.0,23.52,64.0
2017-08-31,9.9,23.03,62.08
2017-09-01,8.16,18.55,49.4
2017-09-02,1.3199999999999998,21.200000000000003,35.75
2017-09-03,1.68,21.200000000000003,37.7
2017-09-04,1.68,20.67,39.65
2017-09-05,6.24,16.96,59.15
2017-09-06,6.12,33.92,58.5
2017-09-07,5.64,17.490000000000002,52.65
2017-09-08,4.56,17.490000000000002,50.7
2017-09-09,2.52,31.270000000000003,33.15
2017-09-10,1.2,0.0,34.45
2017-09-11,6.359999999999999,34.980000000000004,54.6
2017-09-12,6.96,17.490000000000002,60.45
2017-09-13,7.4399999999999995,26.5,59.15
2017-09-14,4.68,35.510000000000005,59.800000000000004
2017-09-15,12.0,18.02,52.0
2017-09-16,2.16,31.8,35.75
2017-09-17,0.36,20.67,39.65
2017-09-18,5.64,34.980000000000004,59.15
2017-09-19,6.24,34.980000000000004,59.800000000000004
2017-09-20,4.92,43.99,59.15
2017-09-21,7.199999999999999,18.02,57.2
2017-09-22,5.52,27.560000000000002,55.25
2017-09-23,1.3199999999999998,21.200000000000003,39.65
2017-09-24,0.84,21.200000000000003,39.0
2017-09-25,3.84,53.0,56.550000000000004
2017-09-26,5.64,26.5,65.0
2017-09-27,6.12,35.510000000000005,60.45
2017-09-28,5.04,18.02,59.800000000000004
2017-09-29,5.88,37.1,54.6
2017-09-30,1.7999999999999998,0.0,38.35
2017-10-01,0.42,0.0,38.43
2017-10-02,3.57,21.73,55.44
2017-10-03,3.78,37.63,63.0
2017-10-04,3.9899999999999998,45.580000000000005,61.74
2017-10-05,3.9899999999999998,15.370000000000001,60.480000000000004
2017-10-06,4.41,46.64,53.55
2017-10-07,0.84,0.0,35.910000000000004
2017-10-08,0.42,34.980000000000004,38.43
2017-10-09,5.25,22.26,56.07
2017-10-10,4.2,14.84,59.22
2017-10-11,3.9899999999999998,29.68,61.11
2017-10-12,3.57,14.84,55.44
2017-10-13,5.04,31.270000000000003,53.55
2017-10-14,1.05,18.55,36.54
2017-10-15,0.84,18.02,38.43
2017-10-16,3.15,14.84,59.85
2017-10-17,4.83,15.370000000000001,62.37
2017-10-18,3.9899999999999998,14.84,59.22
2017-10-19,4.41,30.740000000000002,60.480000000000004
2017-10-20,4.2,0.0,52.29
2017-10-21,2.31,0.0,34.02
2017-10-22,1.26,0.0,35.28
2017-10-23,3.9899999999999998,15.370000000000001,58.59
2017-10-24,6.3,30.21,61.74
2017-10-25,5.04,45.050000000000004,61.11
2017-10-26,15.33,53.0,58.59
2017-10-27,21.0,39.22,55.44
2017-10-28,3.78,18.55,35.910000000000004
2017-10-29,1.68,18.02,37.17
2017-10-30,6.72,14.84,54.18
2017-10-31,6.09,30.740000000000002,60.480000000000004
2017-11-01,12.41,42.0,53.46
2017-11-02,9.520000000000001,26.459999999999997,52.800000000000004
2017-11-03,17.0,20.58,52.14
2017-11-04,2.72,16.38,37.620000000000005
2017-11-05,2.21,23.52,34.980000000000004
2017-11-06,12.41,13.44,54.78
2017-11-07,9.520000000000001,13.44,58.74
2017-11-08,13.090000000000002,26.88,62.040000000000006
2017-11-09,11.73,26.88,56.1
2017-11-10,7.48,35.28,48.18
2017-11-11,4.08,15.959999999999999,36.96
2017-11-12,1.1900000000000002,0.0,36.96
2017-11-13,10.030000000000001,26.88,61.38
2017-11-14,8.33,13.44,59.400000000000006
2017-11-15,8.33,13.44,60.06
2017-11-16,9.520000000000001,13.44,58.080000000000005
2017-11-17,7.82,13.86,56.760000000000005
2017-11-18,3.2300000000000004,16.38,39.6
2017-11-19,1.02,15.959999999999999,39.6
2017-11-20,10.71,13.44,56.1
2017-11-21,10.200000000000001,21.0,58.080000000000005
2017-11-22,11.56,14.7,49.5
2017-11-23,3.91,0.0,44.88
2017-11-24,5.2700000000000005,15.54,52.800000000000004
2017-11-25,2.21,31.5,42.9
2017-11-26,3.74,0.0,41.580000000000005
2017-11-27,8.16,31.919999999999998,66.0
2017-11-28,11.22,0.0,58.080000000000005
2017-11-29,12.750000000000002,33.18,58.74
2017-11-30,14.280000000000001,13.44,61.38
2017-12-01,8.82,9.75,52.46
2017-12-02,4.68,0.0,39.04
2017-12-03,1.7999999999999998,0.0,37.82
2017-12-04,18.0,9.75,61.0
2017-12-05,15.84,9.36,57.949999999999996
2017-12-06,12.24,19.5,61.0
2017-12-07,10.26,39.0,56.12
2017-12-08,13.32,0.0,56.73
2017-12-09,4.68,11.700000000000001,40.87
2017-12-10,2.52,0.0,39.04
2017-12-11,10.799999999999999,0.0,57.339999999999996
2017-12-12,16.2,0.0,58.56
2017-12-13,10.26,0.0,57.949999999999996
2017-12-14,12.24,10.14,59.78
2017-12-15,12.42,0.0,54.29
2017-12-16,5.04,12.09,37.82
2017-12-17,1.98,12.09,39.04
2017-12-18,12.059999999999999,0.0,54.29
2017-12-19,14.219999999999999,20.28,55.51
2017-12-20,11.34,21.060000000000002,52.46
2017-12-21,14.58,21.84,48.8
2017-12-22,10.98,11.31,46.97
2017-12-23,4.32,0.0,33.55
2017-12-24,0.8999999999999999,12.870000000000001,32.94
2017-12-25,2.52,0.0,48.19
2017-12-26,10.08,23.79,53.68
2017-12-27,10.26,10.92,50.629999999999995
2017-12-28,10.08,0.0,48.8
2017-12-29,14.94,10.92,46.97
2017-12-30,3.42,0.0,34.16
2017-12-31,1.6199999999999999,0.0,32.33
2018-01-01,1.56,31.200000000000003,33.15
2018-01-02,6.5,27.04,56.550000000000004
2018-01-03,8.06,13.0,57.2
2018-01-04,7.28,13.0,61.1
2018-01-05,8.58,0.0,59.15
2018-01-06,2.6,0.0,43.550000000000004
2018-01-07,1.3,0.0,38.35
2018-01-08,6.5,12.48,58.5
2018-01-09,5.2,25.48,61.75
2018-01-10,7.28,13.0,63.7
2018-01-11,7.800000000000001,0.0,61.1
2018-01-12,9.36,52.0,55.25
2018-01-13,2.8600000000000003,15.08,41.6
2018-01-14,1.56,14.56,37.050000000000004
2018-01-15,3.64,0.0,51.35
2018-01-16,8.58,37.96,61.1
2018-01-17,8.32,12.48,60.45
2018-01-18,8.32,0.0,59.800000000000004
2018-01-19,9.1,0.0,58.5
2018-01-20,2.34,0.0,39.65
2018-01-21,1.56,14.56,39.0
2018-01-22,8.58,0.0,59.800000000000004
2018-01-23,10.4,24.96,64.35000000000001
2018-01-24,11.18,0.0,65.0
2018-01-25,8.84,13.0,62.400000000000006
2018-01-26,9.620000000000001,26.0,57.2
2018-01-27,4.68,30.16,42.25
2018-01-28,2.8600000000000003,0.0,41.6
2018-01-29,8.32,0.0,59.15
2018-01-30,10.66,12.48,64.35000000000001
2018-01-31,26.0,37.44,63.050000000000004
2018-02-01,31.0,16.8,61.75
2018-02-02,21.39,17.22,55.9
2018-02-03,6.82,20.16,40.95
2018-02-04,4.03,19.74,39.0
2018-02-05,17.05,24.779999999999998,56.550000000000004
2018-02-06,22.32,16.8,65.0
2018-02-07,17.36,25.2,61.1
2018-02-08,16.74,42.0,61.1
2018-02-09,18.29,34.44,57.2
2018-02-10,5.27,20.16,37.050000000000004
2018-02-11,1.8599999999999999,0.0,38.35
2018-02-12,12.709999999999999,34.019999999999996,56.550000000000004
2018-02-13,12.09,34.44,59.800000000000004
2018-02-14,13.33,34.019999999999996,57.85
2018-02-15,12.09,26.04,58.5
2018-02-16,11.78,0.0,54.6
2018-02-17,3.7199999999999998,20.16,39.0
2018-02-18,2.17,20.16,35.75
2018-02-19,2.79,17.64,52.0
2018-02-20,8.37,17.22,59.800000000000004
2018-02-21,10.85,16.8,55.9
2018-02-22,12.09,0.0,61.1
2018-02-23,11.78,0.0,55.25
2018-02-24,4.34,0.0,38.35
2018-02-25,1.55,20.16,40.95
2018-02-26,11.16,0.0,60.45
2018-02-27,10.85,16.38,62.400000000000006
2018-02-28,10.54,0.0,58.5
2018-03-01,14.25,10.64,62.08
2018-03-02,11.5,22.96,58.88
2018-03-03,2.5,20.160000000000004,39.68
2018-03-04,3.0,0.0,37.76
2018-03-05,9.0,0.0,58.24
2018-03-06,12.75,16.8,60.800000000000004
2018-03-07,12.75,16.8,62.72
2018-03-08,11.5,16.8,57.6
2018-03-09,12.5,47.040000000000006,55.04
2018-03-10,3.75,0.0,39.04
2018-03-11,2.25,26.880000000000003,37.76
2018-03-12,12.25,11.200000000000001,56.96
2018-03-13,13.0,39.760000000000005,59.52
2018-03-14,10.0,22.400000000000002,60.800000000000004
2018-03-15,9.25,22.96,56.96
2018-03-16,12.75,34.720000000000006,58.24
2018-03-17,3.5,13.440000000000001,40.32
2018-03-18,2.75,14.000000000000002,37.12
2018-03-19,9.75,22.400000000000002,59.52
2018-03-20,12.75,33.6,64.0
2018-03-21,11.25,56.00000000000001,60.160000000000004
2018-03-22,13.25,39.760000000000005,59.52
2018-03-23,11.75,11.760000000000002,54.4
2018-03-24,3.0,14.000000000000002,36.480000000000004
2018-03-25,2.0,0.0,37.76
2018-03-26,19.0,17.360000000000003,64.0
2018-03-27,25.0,17.360000000000003,62.08
2018-03-28,22.25,23.520000000000003,62.72
2018-03-29,16.5,11.760000000000002,60.800000000000004
2018-03-30,9.25,25.200000000000003,49.28
2018-03-31,2.75,28.000000000000004,36.480000000000004
2018-04-01,2.03,0.0,34.199999999999996
2018-04-02,12.469999999999999,39.65,60.0
2018-04-03,11.889999999999999,30.5,58.199999999999996
2018-04-04,11.02,30.5,60.0
2018-04-05,11.6,15.25,58.8
2018-04-06,10.149999999999999,31.72,57.0
2018-04-07,2.9,0.0,38.4
2018-04-08,2.03,18.3,38.4
2018-04-09,9.569999999999999,53.07,56.4
2018-04-10,8.99,22.57,55.8
2018-04-11,9.28,29.89,56.4
2018-04-12,8.41,30.5,55.8
2018-04-13,6.38,15.86,53.4
2018-04-14,2.61,18.3,34.8
2018-04-15,2.03,0.0,35.4
2018-04-16,7.829999999999999,21.96,57.599999999999994
2018-04-17,11.309999999999999,45.14,60.0
2018-04-18,11.02,15.25,57.599999999999994
2018-04-19,10.44,30.5,55.199999999999996
2018-04-20,10.44,15.25,51.6
2018-04-21,2.03,18.91,33.0
2018-04-22,0.8699999999999999,18.3,33.0
2018-04-23,8.99,29.89,55.199999999999996
2018-04-24,9.86,44.53,55.199999999999996
2018-04-25,10.729999999999999,29.28,53.4
2018-04-26,28.999999999999996,61.0,55.199999999999996
2018-04-27,26.099999999999998,46.36,51.6
2018-04-28,4.06,18.91,31.799999999999997
2018-04-29,2.03,0.0,33.6
2018-04-30,9.569999999999999,15.25,53.4
2018-05-01,18.96,0.0,55.8
2018-05-02,15.12,13.76,56.4
2018-05-03,16.08,0.0,57.599999999999994
2018-05-04,17.04,14.19,49.199999999999996
2018-05-05,4.32,0.0,33.0
2018-05-06,0.48,0.0,36.6
2018-05-07,16.56,41.28,55.199999999999996
2018-05-08,20.4,0.0,60.0
2018-05-09,21.119999999999997,13.76,57.0
2018-05-10,19.919999999999998,14.19,57.599999999999994
2018-05-11,16.08,14.19,51.6
2018-05-12,3.36,17.2,33.6
2018-05-13,1.68,34.4,32.4
2018-05-14,15.6,0.0,57.0
2018-05-15,17.28,27.09,57.0
2018-05-16,17.759999999999998,27.52,57.599999999999994
2018-05-17,11.52,0.0,56.4
2018-05-18,13.68,14.19,51.6
2018-05-19,2.6399999999999997,0.0,31.799999999999997
2018-05-20,1.68,0.0,37.8
2018-05-21,16.08,0.0,55.8
2018-05-22,11.28,27.52,55.8
2018-05-23,15.6,14.19,58.199999999999996
2018-05-24,17.52,29.24,54.6
2018-05-25,12.24,0.0,51.6
2018-05-26,5.76,17.63,33.0
2018-05-27,1.2,0.0,33.6
2018-05-28,0.96,16.34,35.4
2018-05-29,12.959999999999999,14.19,54.6
2018-05-30,20.64,0.0,59.4
2018-05-31,24.0,43.0,57.599999999999994
2018-06-01,20.099999999999998,0.0,46.36
2018-06-02,6.3,26.84,32.33
2018-06-03,3.9,13.2,34.769999999999996
2018-06-04,30.0,11.0,61.0
2018-06-05,21.599999999999998,11.0,54.9
2018-06-06,22.8,0.0,54.29
2018-06-07,16.8,0.0,51.85
2018-06-08,15.6,0.0,46.36
2018-06-09,5.1,13.2,32.33
2018-06-10,3.9,0.0,46.36
2018-06-11,16.8,11.0,54.9
2018-06-12,13.799999999999999,10.56,55.51
2018-06-13,14.399999999999999,20.68,53.68
2018-06-14,17.099999999999998,22.44,50.019999999999996
2018-06-15,15.0,0.0,48.19
2018-06-16,3.0,13.64,31.72
2018-06-17,2.6999999999999997,13.64,29.28
2018-06-18,13.2,11.0,50.019999999999996
2018-06-19,12.6,44.0,50.629999999999995
2018-06-20,15.299999999999999,0.0,49.41
2018-06-21,13.5,11.44,50.019999999999996
2018-06-22,14.1,11.88,44.53
2018-06-23,5.1,13.2,29.28
2018-06-24,2.6999999999999997,0.0,29.28
2018-06-25,16.2,11.44,46.97
2018-06-26,16.2,0.0,48.19
2018-06-27,11.7,33.44,45.75
2018-06-28,14.7,23.32,50.629999999999995
2018-06-29,11.7,23.76,45.14
2018-06-30,3.5999999999999996,0.0,29.89
2018-07-01,2.34,11.899999999999999,33.629999999999995
2018-07-02,4.68,10.149999999999999,50.15
2018-07-03,4.68,0.0,47.79
2018-07-04,1.56,11.549999999999999,31.86
2018-07-05,8.97,0.0,47.79
2018-07-06,9.75,10.149999999999999,44.25
2018-07-07,0.78,11.899999999999999,31.86
2018-07-08,2.34,17.5,33.04
2018-07-09,8.19,14.7,48.379999999999995
2018-07-10,10.14,19.599999999999998,56.64
2018-07-11,7.0200000000000005,28.7,52.51
2018-07-12,14.040000000000001,10.5,58.41
2018-07-13,10.530000000000001,0.0,52.51
2018-07-14,2.73,35.0,32.449999999999996
2018-07-15,1.9500000000000002,17.5,31.86
2018-07-16,10.14,15.399999999999999,54.279999999999994
2018-07-17,12.48,0.0,56.05
2018-07-18,19.5,20.65,57.82
2018-07-19,31.98,30.799999999999997,57.23
2018-07-20,39.0,10.5,56.05
2018-07-21,7.0200000000000005,11.549999999999999,35.4
2018-07-22,1.9500000000000002,11.549999999999999,35.989999999999995
2018-07-23,13.65,0.0,54.279999999999994
2018-07-24,14.82,0.0,51.919999999999995
2018-07-25,16.38,9.799999999999999,57.23
2018-07-26,22.62,10.149999999999999,59.0
2018-07-27,15.99,0.0,50.739999999999995
2018-07-28,3.12,0.0,33.04
2018-07-29,1.56,23.799999999999997,34.809999999999995
2018-07-30,14.040000000000001,15.049999999999999,56.64
2018-07-31,13.65,9.799999999999999,56.64
2018-08-01,29.14,21.5,55.61000000000001
2018-08-02,30.38,21.07,58.290000000000006
2018-08-03,22.01,0.0,52.260000000000005
2018-08-04,6.2,25.37,36.18
2018-08-05,3.41,12.47,36.85
2018-08-06,22.63,10.75,54.27
2018-08-07,25.11,0.0,54.940000000000005
2018-08-08,31.0,43.0,58.96
2018-08-09,29.759999999999998,0.0,54.940000000000005
2018-08-10,18.29,0.0,50.92
2018-08-11,7.4399999999999995,24.94,34.84
2018-08-12,3.41,0.0,36.18
2018-08-13,20.77,0.0,55.61000000000001
2018-08-14,24.18,10.75,58.96
2018-08-15,25.11,21.93,58.290000000000006
2018-08-16,20.46,0.0,67.0
2018-08-17,22.63,10.75,53.6
2018-08-18,4.65,0.0,38.190000000000005
2018-08-19,7.4399999999999995,0.0,37.52
2018-08-20,15.19,0.0,59.63
2018-08-21,23.56,10.75,64.99000000000001
2018-08-22,26.35,0.0,62.31
2018-08-23,26.04,11.18,59.63
2018-08-24,22.01,0.0,58.290000000000006
2018-08-25,3.41,12.9,37.52
2018-08-26,5.27,12.47,40.870000000000005
2018-08-27,19.22,0.0,62.31
2018-08-28,25.11,21.5,67.0
2018-08-29,29.14,10.75,65.66000000000001
2018-08-30,24.49,21.5,62.980000000000004
2018-08-31,23.25,0.0,57.620000000000005
2018-09-01,5.6000000000000005,0.0,35.64
2018-09-02,3.3600000000000003,42.64,34.32
2018-09-03,3.08,20.28,38.940000000000005
2018-09-04,23.520000000000003,17.16,66.0
2018-09-05,25.480000000000004,0.0,64.02
2018-09-06,21.560000000000002,52.0,56.760000000000005
2018-09-07,18.200000000000003,26.52,53.46
2018-09-08,7.280000000000001,0.0,34.980000000000004
2018-09-09,3.08,40.04,36.300000000000004
2018-09-10,21.560000000000002,17.16,54.78
2018-09-11,19.880000000000003,34.32,58.74
2018-09-12,21.000000000000004,42.64,58.080000000000005
2018-09-13,17.92,26.0,56.1
2018-09-14,21.560000000000002,17.68,53.46
2018-09-15,7.5600000000000005,42.120000000000005,34.32
2018-09-16,3.08,20.28,34.980000000000004
2018-09-17,18.48,26.0,56.1
2018-09-18,28.000000000000004,17.16,57.42
2018-09-19,22.96,43.68,58.74
2018-09-20,27.44,17.68,56.1
2018-09-21,24.360000000000003,27.04,50.160000000000004
2018-09-22,5.040000000000001,21.84,32.34
2018-09-23,3.6400000000000006,20.8,34.32
2018-09-24,17.92,26.0,58.080000000000005
2018-09-25,20.44,26.0,56.760000000000005
2018-09-26,15.120000000000001,34.84,56.760000000000005
2018-09-27,22.96,35.88,55.440000000000005
2018-09-28,20.720000000000002,18.2,49.5
2018-09-29,2.5200000000000005,0.0,34.980000000000004
2018-09-30,3.08,42.120000000000005,31.68
2018-10-01,13.12,22.080000000000002,55.9
2018-10-02,12.709999999999999,29.900000000000002,60.45
2018-10-03,12.709999999999999,15.180000000000001,65.0
2018-10-04,19.27,30.360000000000003,58.5
2018-10-05,10.66,15.64,50.050000000000004
2018-10-06,3.69,27.14,32.5
2018-10-07,2.05,34.96,33.15
2018-10-08,11.479999999999999,15.180000000000001,51.35
2018-10-09,14.35,15.180000000000001,55.9
2018-10-10,18.04,15.180000000000001,59.15
2018-10-11,23.369999999999997,15.180000000000001,59.15
2018-10-12,19.27,40.02,53.300000000000004
2018-10-13,4.51,18.86,30.55
2018-10-14,3.28,18.400000000000002,37.050000000000004
2018-10-15,10.25,38.18,56.550000000000004
2018-10-16,18.45,15.180000000000001,64.35000000000001
2018-10-17,14.35,37.72,53.95
2018-10-18,10.66,31.28,53.95
2018-10-19,11.889999999999999,32.2,49.4
2018-10-20,4.51,0.0,30.55
2018-10-21,2.8699999999999997,17.94,31.85
2018-10-22,14.35,15.180000000000001,51.35
2018-10-23,20.5,15.180000000000001,54.6
2018-10-24,41.0,22.080000000000002,52.65
2018-10-25,36.08,46.0,57.2
2018-10-26,23.779999999999998,0.0,50.050000000000004
2018-10-27,5.739999999999999,0.0,35.75
2018-10-28,3.69,17.94,33.15
2018-10-29,19.68,14.72,56.550000000000004
2018-10-30,21.73,30.360000000000003,53.300000000000004
2018-10-31,17.22,15.64,52.0
2018-11-01,28.8,11.28,55.18
2018-11-02,28.48,21.619999999999997,48.98
2018-11-03,3.52,0.0,32.86
2018-11-04,5.12,0.0,32.24
2018-11-05,16.96,19.27,48.36
2018-11-06,20.48,10.34,48.36
2018-11-07,24.64,14.1,48.98
2018-11-08,22.400000000000002,0.0,50.22
2018-11-09,17.92,10.809999999999999,48.98
2018-11-10,5.44,38.07,34.1
2018-11-11,2.88,12.69,34.72
2018-11-12,16.96,15.979999999999999,49.6
2018-11-13,18.88,10.34,53.94
2018-11-14,18.56,43.239999999999995,53.94
2018-11-15,19.52,15.979999999999999,53.94
2018-11-16,15.36,10.809999999999999,49.6
2018-11-17,4.16,12.69,36.58
2018-11-18,2.88,12.69,35.96
2018-11-19,19.2,10.809999999999999,55.8
2018-11-20,24.32,0.0,49.6
2018-11-21,23.68,47.0,47.74
2018-11-22,6.72,0.0,40.92
2018-11-23,9.6,11.75,50.22
2018-11-24,4.8,12.219999999999999,38.44
2018-11-25,4.16,12.219999999999999,37.2
2018-11-26,17.6,19.74,60.76
2018-11-27,20.48,25.849999999999998,62.0
2018-11-28,32.0,10.34,59.519999999999996
2018-11-29,22.400000000000002,21.15,55.18
2018-11-30,21.44,20.68,50.22
2018-12-01,15.0,0.0,34.769999999999996
2018-12-02,4.5,0.0,35.91
2018-12-03,22.8,9.6,52.44
2018-12-04,25.5,9.299999999999999,56.99999999999999
2018-12-05,11.4,0.0,53.58
2018-12-06,24.9,0.0,53.58
2018-12-07,27.0,19.5,47.309999999999995
2018-12-08,6.0,11.4,35.91
2018-12-09,3.9,22.5,38.76
2018-12-10,24.9,9.6,51.3
2018-12-11,23.4,9.6,50.16
2018-12-12,24.3,0.0,53.01
2018-12-13,20.4,9.9,52.44
2018-12-14,20.099999999999998,9.6,46.169999999999995
2018-12-15,3.5999999999999996,0.0,36.48
2018-12-16,3.0,11.7,33.629999999999995
2018-12-17,17.7,0.0,46.739999999999995
2018-12-18,20.7,0.0,49.589999999999996
2018-12-19,26.099999999999998,30.0,51.87
2018-12-20,27.3,0.0,49.589999999999996
2018-12-21,25.5,10.5,45.029999999999994
2018-12-22,8.7,0.0,37.05
2018-12-23,4.5,0.0,29.069999999999997
2018-12-24,26.099999999999998,0.0,33.629999999999995
2018-12-25,9.6,0.0,44.459999999999994
2018-12-26,26.4,0.0,51.87
2018-12-27,30.0,21.599999999999998,46.169999999999995
2018-12-28,24.9,21.3,45.029999999999994
2018-12-29,9.0,11.7,33.059999999999995
2018-12-30,2.4,0.0,30.779999999999998
2018-12-31,21.0,0.0,36.48
2019-01-01,3.06,0.0,29.14
2019-01-02,19.380000000000003,10.5,47.12
2019-01-03,22.78,10.5,53.32
2019-01-04,14.620000000000001,21.0,49.6
2019-01-05,5.1000000000000005,0.0,32.86
2019-01-06,2.72,35.0,31.0
2019-01-07,16.66,0.0,49.6
2019-01-08,14.96,0.0,51.46
2019-01-09,13.600000000000001,10.149999999999999,55.8
2019-01-10,13.940000000000001,19.599999999999998,55.18
2019-01-11,12.58,20.299999999999997,49.6
2019-01-12,2.04,0.0,32.86
2019-01-13,1.02,0.0,33.48
2019-01-14,9.520000000000001,29.749999999999996,51.46
2019-01-15,15.98,9.799999999999999,55.8
2019-01-16,16.32,0.0,57.04
2019-01-17,14.280000000000001,29.4,55.8
2019-01-18,18.02,0.0,48.98
2019-01-19,3.74,11.549999999999999,34.72
2019-01-20,2.04,0.0,32.86
2019-01-21,4.760000000000001,0.0,44.02
2019-01-22,8.84,19.599999999999998,52.7
2019-01-23,15.98,0.0,55.8
2019-01-24,12.24,0.0,57.04
2019-01-25,9.180000000000001,0.0,52.08
2019-01-26,2.72,0.0,34.1
2019-01-27,3.06,0.0,35.339999999999996
2019-01-28,9.860000000000001,0.0,50.22
2019-01-29,11.9,0.0,55.8
2019-01-30,34.0,0.0,62.0
2019-01-31,31.96,0.0,55.8
2019-02-01,26.19,22.8,56.42
2019-02-02,7.290000000000001,0.0,39.68
2019-02-03,5.94,0.0,36.58
2019-02-04,18.09,0.0,57.66
2019-02-05,27.0,22.400000000000002,61.38
2019-02-06,19.44,0.0,62.0
2019-02-07,19.71,22.0,60.76
2019-02-08,17.01,11.600000000000001,55.8
2019-02-09,6.210000000000001,0.0,40.3
2019-02-10,2.97,40.0,37.82
2019-02-11,10.8,32.800000000000004,58.28
2019-02-12,19.17,0.0,57.66
2019-02-13,23.490000000000002,22.400000000000002,58.9
2019-02-14,17.28,11.600000000000001,56.42
2019-02-15,21.330000000000002,24.0,54.56
2019-02-16,9.18,0.0,39.68
2019-02-17,1.8900000000000001,13.600000000000001,37.2
2019-02-18,5.4,0.0,56.42
2019-02-19,11.88,22.8,58.28
2019-02-20,14.850000000000001,11.200000000000001,58.28
2019-02-21,18.630000000000003,11.600000000000001,58.28
2019-02-22,22.68,0.0,52.7
2019-02-23,9.18,0.0,37.82
2019-02-24,4.86,0.0,37.2
2019-02-25,18.630000000000003,11.200000000000001,56.42
2019-02-26,23.220000000000002,11.200000000000001,58.9
2019-02-27,17.28,0.0,55.8
2019-02-28,13.23,11.600000000000001,58.9
2019-03-01,19.32,0.0,51.62
2019-03-02,6.16,0.0,35.379999999999995
2019-03-03,3.6400000000000006,0.0,38.86
2019-03-04,19.040000000000003,0.0,49.879999999999995
2019-03-05,18.76,7.74,55.099999999999994
2019-03-06,17.360000000000003,7.31,57.99999999999999
2019-03-07,16.8,7.74,52.779999999999994
2019-03-08,14.000000000000002,0.0,49.879999999999995
2019-03-09,4.760000000000001,0.0,33.059999999999995
2019-03-10,1.9600000000000002,9.03,32.48
2019-03-11,16.8,7.74,53.94
2019-03-12,17.92,15.48,53.94
2019-03-13,19.6,23.22,55.099999999999994
2019-03-14,19.32,15.48,51.62
2019-03-15,23.8,7.74,49.879999999999995
2019-03-16,6.16,0.0,34.22
2019-03-17,1.4000000000000001,0.0,31.9
2019-03-18,21.560000000000002,0.0,53.94
2019-03-19,26.880000000000003,0.0,56.26
2019-03-20,23.240000000000002,15.91,53.94
2019-03-21,28.000000000000004,7.74,56.839999999999996
2019-03-22,23.240000000000002,8.17,49.3
2019-03-23,8.120000000000001,0.0,31.9
2019-03-24,3.3600000000000003,43.0,31.319999999999997
2019-03-25,21.000000000000004,7.74,53.94
2019-03-26,18.48,7.74,55.099999999999994
2019-03-27,20.160000000000004,15.91,56.839999999999996
2019-03-28,15.96,7.74,53.36
2019-03-29,16.240000000000002,15.91,48.13999999999999
2019-03-30,4.48,18.49,33.64
2019-03-31,2.24,0.0,33.059999999999995
2019-04-01,6.46,29.28,51.62
2019-04-02,7.6,35.99,55.099999999999994
2019-04-03,5.32,21.96,56.839999999999996
2019-04-04,9.120000000000001,14.64,55.099999999999994
2019-04-05,9.5,0.0,52.199999999999996
2019-04-06,1.52,35.99,31.9
2019-04-07,1.1400000000000001,35.38,34.22
2019-04-08,4.94,0.0,52.199999999999996
2019-04-09,6.46,14.64,53.36
2019-04-10,5.32,43.31,53.36
2019-04-11,9.5,21.96,56.26
2019-04-12,5.7,0.0,53.36
2019-04-13,2.2800000000000002,0.0,33.059999999999995
2019-04-14,1.1400000000000001,0.0,30.74
2019-04-15,7.98,14.64,49.879999999999995
2019-04-16,8.36,29.28,54.519999999999996
2019-04-17,7.98,61.0,56.839999999999996
2019-04-18,6.84,29.89,56.839999999999996
2019-04-19,4.18,16.47,48.13999999999999
2019-04-20,3.42,0.0,32.48
2019-04-21,1.52,19.52,30.159999999999997
2019-04-22,9.5,30.5,54.519999999999996
2019-04-23,12.92,0.0,57.99999999999999
2019-04-24,32.68,15.25,55.67999999999999
2019-04-25,38.0,43.31,55.67999999999999
2019-04-26,19.0,29.89,52.779999999999994
2019-04-27,4.5600000000000005,35.38,30.74
2019-04-28,1.52,17.69,32.48
2019-04-29,11.4,29.28,55.099999999999994
2019-04-30,12.16,14.03,56.839999999999996
2019-05-01,26.099999999999998,18.8,53.36
2019-05-02,30.0,31.200000000000003,55.099999999999994
2019-05-03,23.099999999999998,13.200000000000001,49.879999999999995
2019-05-04,7.8,15.200000000000001,30.74
2019-05-05,4.2,0.0,31.9
2019-05-06,23.099999999999998,25.6,55.099999999999994
2019-05-07,23.7,12.8,54.519999999999996
2019-05-08,20.7,0.0,55.67999999999999
2019-05-09,23.7,0.0,51.62
2019-05-10,22.8,26.400000000000002,46.98
2019-05-11,8.7,16.0,30.159999999999997
2019-05-12,3.5999999999999996,15.600000000000001,28.999999999999996
2019-05-13,18.3,32.800000000000004,52.199999999999996
2019-05-14,21.9,26.0,54.519999999999996
2019-05-15,21.9,13.200000000000001,51.62
2019-05-16,21.599999999999998,19.6,57.99999999999999
2019-05-17,20.7,13.600000000000001,53.36
2019-05-18,6.6,16.0,34.8
2019-05-19,3.0,16.0,31.9
2019-05-20,21.0,0.0,47.559999999999995
2019-05-21,19.2,12.8,51.62
2019-05-22,18.599999999999998,13.200000000000001,50.459999999999994
2019-05-23,19.5,13.600000000000001,49.3
2019-05-24,18.0,20.400000000000002,44.08
2019-05-25,5.3999999999999995,16.400000000000002,28.999999999999996
2019-05-26,2.6999999999999997,16.400000000000002,26.099999999999998
2019-05-27,3.3,15.600000000000001,30.159999999999997
2019-05-28,15.6,19.6,49.879999999999995
2019-05-29,17.099999999999998,19.6,51.04
2019-05-30,15.6,13.200000000000001,51.62
2019-05-31,19.2,40.0,46.98
2019-06-01,4.8,0.0,28.419999999999998
2019-06-02,2.6999999999999997,0.0,29.58
2019-06-03,15.299999999999999,9.28,48.13999999999999
2019-06-04,17.099999999999998,9.569999999999999,53.94
2019-06-05,18.0,28.419999999999998,49.879999999999995
2019-06-06,17.099999999999998,0.0,49.879999999999995
2019-06-07,21.9,9.569999999999999,46.98
2019-06-08,7.8,0.0,33.059999999999995
2019-06-09,6.0,0.0,45.239999999999995
2019-06-10,30.0,18.849999999999998,57.99999999999999
2019-06-11,20.099999999999998,9.569999999999999,52.779999999999994
2019-06-12,16.5,9.86,52.779999999999994
2019-06-13,16.5,0.0,52.199999999999996
2019-06-14,18.9,28.999999999999996,46.4
2019-06-15,5.3999999999999995,22.619999999999997,34.8
2019-06-16,0.8999999999999999,0.0,28.999999999999996
2019-06-17,14.7,0.0,48.72
2019-06-18,19.2,9.569999999999999,51.04
2019-06-19,21.3,9.28,55.099999999999994
2019-06-20,20.099999999999998,19.43,46.98
2019-06-21,21.9,9.86,51.04
2019-06-22,6.0,0.0,30.74
2019-06-23,3.5999999999999996,0.0,31.319999999999997
2019-06-24,23.7,9.86,53.36
2019-06-25,20.4,9.569999999999999,52.199999999999996
2019-06-26,15.899999999999999,19.43,51.62
2019-06-27,20.099999999999998,0.0,48.13999999999999
2019-06-28,19.2,0.0,49.879999999999995
2019-06-29,3.0,0.0,28.419999999999998
2019-06-30,3.3,11.6,27.259999999999998
2019-07-01,11.02,9.24,46.169999999999995
2019-07-02,11.02,13.72,45.599999999999994
2019-07-03,11.02,0.0,43.88999999999999
2019-07-04,4.5600000000000005,10.360000000000001,26.79
2019-07-05,7.22,10.360000000000001,31.919999999999998
2019-07-06,1.52,0.0,26.22
2019-07-07,1.9,10.080000000000002,25.08
2019-07-08,8.36,13.440000000000001,47.309999999999995
2019-07-09,11.02,9.24,49.019999999999996
2019-07-10,9.5,9.24,51.87
2019-07-11,9.88,26.880000000000003,53.01
2019-07-12,10.26,9.24,44.459999999999994
2019-07-13,2.66,0.0,27.36
2019-07-14,2.2800000000000002,0.0,27.929999999999996
2019-07-15,12.540000000000001,8.96,49.589999999999996
2019-07-16,10.26,8.680000000000001,51.87
2019-07-17,13.3,8.96,56.99999999999999
2019-07-18,32.68,9.24,50.73
2019-07-19,38.0,9.520000000000001,48.449999999999996
2019-07-20,4.94,15.680000000000001,31.919999999999998
2019-07-21,2.2800000000000002,0.0,29.069999999999997
2019-07-22,9.120000000000001,9.24,49.589999999999996
2019-07-23,12.92,8.96,47.879999999999995
2019-07-24,10.26,0.0,47.309999999999995
2019-07-25,11.78,28.000000000000004,47.309999999999995
2019-07-26,14.06,14.560000000000002,43.88999999999999
2019-07-27,3.04,10.920000000000002,30.779999999999998
2019-07-28,0.76,10.920000000000002,27.36
2019-07-29,7.6,0.0,46.169999999999995
2019-07-30,7.6,9.24,51.3
2019-07-31,10.64,9.24,47.879999999999995
2019-08-01,25.740000000000002,16.2,54.4
2019-08-02,20.46,0.0,49.92
2019-08-03,3.96,18.45,31.36
2019-08-04,4.95,18.45,30.72
2019-08-05,30.360000000000003,16.2,51.84
2019-08-06,33.0,16.2,54.4
2019-08-07,27.060000000000002,40.5,55.04
2019-08-08,22.44,0.0,51.84
2019-08-09,23.1,16.2,49.28
2019-08-10,7.92,18.45,34.56
2019-08-11,4.62,27.45,30.72
2019-08-12,17.16,15.75,53.76
2019-08-13,27.720000000000002,0.0,56.32
2019-08-14,29.700000000000003,0.0,55.68
2019-08-15,25.41,23.400000000000002,60.800000000000004
2019-08-16,26.07,15.75,55.04
2019-08-17,4.62,18.0,35.2
2019-08-18,3.96,36.45,36.480000000000004
2019-08-19,21.78,0.0,59.52
2019-08-20,20.790000000000003,15.3,62.08
2019-08-21,23.1,15.3,60.160000000000004
2019-08-22,20.790000000000003,31.05,59.52
2019-08-23,29.37,15.75,55.04
2019-08-24,4.62,36.0,35.2
2019-08-25,3.6300000000000003,0.0,36.480000000000004
2019-08-26,20.130000000000003,22.5,60.160000000000004
2019-08-27,18.810000000000002,0.0,64.0
2019-08-28,19.8,45.0,62.72
2019-08-29,23.1,15.3,60.160000000000004
2019-08-30,22.77,14.85,54.4
2019-08-31,4.62,17.1,33.28
2019-09-01,1.8900000000000001,0.0,34.980000000000004
2019-09-02,2.7,23.32,42.9
2019-09-03,10.530000000000001,30.740000000000002,62.7
2019-09-04,14.31,20.67,64.68
2019-09-05,15.39,20.67,62.7
2019-09-06,15.39,31.270000000000003,58.74
2019-09-07,4.59,48.760000000000005,48.18
2019-09-08,3.24,23.85,36.300000000000004
2019-09-09,12.96,20.67,60.06
2019-09-10,12.15,30.740000000000002,62.040000000000006
2019-09-11,13.5,51.940000000000005,62.7
2019-09-12,17.28,40.81,63.36
2019-09-13,12.15,20.67,52.800000000000004
2019-09-14,3.24,24.91,34.980000000000004
2019-09-15,3.24,23.85,37.620000000000005
2019-09-16,11.34,30.21,61.38
2019-09-17,10.260000000000002,20.14,61.38
2019-09-18,17.82,41.34,61.38
2019-09-19,27.0,41.870000000000005,66.0
2019-09-20,16.470000000000002,41.34,56.760000000000005
2019-09-21,4.050000000000001,48.760000000000005,37.620000000000005
2019-09-22,2.16,23.85,38.940000000000005
2019-09-23,15.39,20.14,56.760000000000005
2019-09-24,16.740000000000002,20.67,65.34
2019-09-25,15.66,20.67,62.7
2019-09-26,12.420000000000002,21.200000000000003,59.400000000000006
2019-09-27,12.96,53.0,56.1
2019-09-28,3.7800000000000002,25.44,37.620000000000005
2019-09-29,2.97,0.0,35.64
2019-09-30,9.72,21.200000000000003,60.06
2019-10-01,14.19,41.58,52.800000000000004
2019-10-02,20.21,13.86,66.0
2019-10-03,16.77,42.0,60.06
2019-10-04,16.77,0.0,56.760000000000005
2019-10-05,3.44,16.8,34.980000000000004
2019-10-06,2.58,0.0,31.68
2019-10-07,19.35,0.0,52.800000000000004
2019-10-08,18.919999999999998,28.14,52.14
2019-10-09,15.049999999999999,0.0,51.480000000000004
2019-10-10,12.47,0.0,52.800000000000004
2019-10-11,18.06,28.56,47.52
2019-10-12,2.58,0.0,31.020000000000003
2019-10-13,3.01,16.38,29.700000000000003
2019-10-14,9.89,14.28,48.84
2019-10-15,16.34,0.0,50.82
2019-10-16,14.62,14.28,53.46
2019-10-17,12.9,14.28,54.120000000000005
2019-10-18,13.33,28.56,47.52
2019-10-19,5.59,16.8,31.020000000000003
2019-10-20,3.44,0.0,28.380000000000003
2019-10-21,18.919999999999998,0.0,47.52
2019-10-22,16.77,0.0,50.82
2019-10-23,43.0,0.0,55.440000000000005
2019-10-24,37.41,27.72,52.800000000000004
2019-10-25,23.65,14.28,48.18
2019-10-26,24.08,0.0,35.64
2019-10-27,6.88,0.0,33.0
2019-10-28,35.69,40.74,50.82
2019-10-29,25.8,40.74,55.440000000000005
2019-10-30,16.77,13.86,52.14
2019-10-31,19.35,13.86,47.52
2019-11-01,24.42,0.0,50.839999999999996
2019-11-02,6.930000000000001,0.0,34.72
2019-11-03,5.28,6.96,32.24
2019-11-04,25.740000000000002,14.879999999999999,58.9
2019-11-05,22.11,11.76,60.76
2019-11-06,22.77,17.52,62.0
2019-11-07,21.12,12.0,60.76
2019-11-08,20.130000000000003,6.0,53.94
2019-11-09,6.2700000000000005,6.96,35.339999999999996
2019-11-10,4.95,10.32,34.72
2019-11-11,21.12,18.24,50.839999999999996
2019-11-12,28.05,5.76,56.42
2019-11-13,23.76,12.0,57.66
2019-11-14,21.12,0.0,59.519999999999996
2019-11-15,31.35,12.0,53.94
2019-11-16,8.91,6.72,35.339999999999996
2019-11-17,5.61,6.96,36.58
2019-11-18,28.71,6.0,58.9
2019-11-19,33.0,8.879999999999999,57.66
2019-11-20,23.76,6.0,60.14
2019-11-21,19.8,24.0,55.8
2019-11-22,19.8,6.0,55.8
2019-11-23,7.590000000000001,20.4,35.96
2019-11-24,2.64,6.72,34.72
2019-11-25,23.1,12.0,54.56
2019-11-26,23.76,12.48,55.8
2019-11-27,19.8,6.4799999999999995,49.6
2019-11-28,9.24,0.0,41.54
2019-11-29,13.200000000000001,13.44,48.36
2019-11-30,9.24,13.68,36.58
2019-12-01,4.03,0.0,39.04
2019-12-02,17.36,10.23,61.0
2019-12-03,23.25,10.56,58.56
2019-12-04,22.94,21.45,59.17
2019-12-05,23.87,21.45,58.56
2019-12-06,22.32,21.78,55.51
2019-12-07,7.13,0.0,35.99
2019-12-08,3.1,0.0,34.769999999999996
2019-12-09,19.22,0.0,51.24
2019-12-10,26.04,33.0,55.51
2019-12-11,17.669999999999998,31.68,58.56
2019-12-12,26.04,0.0,58.56
2019-12-13,28.83,0.0,50.629999999999995
2019-12-14,8.99,0.0,39.04
2019-12-15,4.03,25.080000000000002,36.6
2019-12-16,26.35,21.12,52.46
2019-12-17,26.04,10.56,51.85
2019-12-18,23.87,0.0,51.24
2019-12-19,23.87,0.0,51.24
2019-12-20,23.25,0.0,49.41
2019-12-21,5.27,0.0,34.769999999999996
2019-12-22,8.06,0.0,29.28
2019-12-23,20.15,12.21,42.089999999999996
2019-12-24,19.53,0.0,36.6
2019-12-25,6.51,0.0,41.48
2019-12-26,31.0,12.540000000000001,50.629999999999995
2019-12-27,25.419999999999998,11.88,50.019999999999996
2019-12-28,8.06,12.870000000000001,34.769999999999996
2019-12-29,7.4399999999999995,0.0,30.5
2019-12-30,23.87,0.0,44.53
2019-12-31,27.28,11.88,40.87
2020-01-01,2.3000000000000003,0.0,32.34
2020-01-02,13.8,9.450000000000001,51.480000000000004
2020-01-03,15.180000000000001,18.45,48.18
2020-01-04,3.68,20.25,34.980000000000004
2020-01-05,4.140000000000001,9.9,34.980000000000004
2020-01-06,11.96,0.0,54.120000000000005
2020-01-07,12.88,9.0,59.400000000000006
2020-01-08,17.48,0.0,58.080000000000005
2020-01-09,18.400000000000002,45.0,60.06
2020-01-10,15.180000000000001,9.0,52.14
2020-01-11,8.74,0.0,36.300000000000004
2020-01-12,2.3000000000000003,0.0,36.300000000000004
2020-01-13,15.180000000000001,8.1,58.74
2020-01-14,16.560000000000002,7.65,60.06
2020-01-15,24.84,17.1,65.34
2020-01-16,19.78,17.55,66.0
2020-01-17,17.02,0.0,58.080000000000005
2020-01-18,8.74,0.0,40.92
2020-01-19,3.68,0.0,37.620000000000005
2020-01-20,5.98,18.45,52.800000000000004
2020-01-21,21.16,9.0,60.720000000000006
2020-01-22,17.48,35.550000000000004,62.7
2020-01-23,17.02,0.0,62.7
2020-01-24,16.560000000000002,26.55,59.400000000000006
2020-01-25,3.68,20.7,40.92
2020-01-26,3.22,0.0,34.32
2020-01-27,17.94,17.1,57.42
2020-01-28,18.86,17.55,60.720000000000006
2020-01-29,44.620000000000005,26.55,64.02
2020-01-30,46.0,0.0,64.02
2020-01-31,26.68,27.45,58.74
2020-02-01,10.27,0.0,40.019999999999996
2020-02-02,5.53,16.8,38.64
2020-02-03,27.650000000000002,26.04,65.55
2020-02-04,42.660000000000004,0.0,67.61999999999999
2020-02-05,45.82,13.86,67.61999999999999
2020-02-06,45.03,42.0,65.55
2020-02-07,41.870000000000005,28.98,58.65
2020-02-08,11.850000000000001,0.0,44.849999999999994
2020-02-09,7.11,0.0,40.019999999999996
2020-02-10,42.660000000000004,27.3,64.86
2020-02-11,60.040000000000006,13.86,66.92999999999999
2020-02-12,57.67,41.58,69.0
2020-02-13,57.67,42.0,66.92999999999999
2020-02-14,49.77,14.7,62.78999999999999
2020-02-15,11.06,33.18,41.4
2020-02-16,7.11,0.0,39.33
2020-02-17,12.64,14.7,57.959999999999994
2020-02-18,35.550000000000004,27.3,60.72
2020-02-19,41.08,13.86,64.17
2020-02-20,33.97,13.44,61.41
2020-02-21,37.92,0.0,65.55
2020-02-22,13.43,15.959999999999999,44.16
2020-02-23,7.9,0.0,37.26
2020-02-24,52.93,27.3,64.86
2020-02-25,50.56,13.44,63.48
2020-02-26,55.300000000000004,26.459999999999997,64.86
2020-02-27,66.36,26.88,65.55
2020-02-28,79.0,0.0,66.24
2020-02-29,18.17,15.54,44.849999999999994
2020-03-01,16.0,0.0,31.82
2020-03-02,76.0,34.22,55.04
2020-03-03,81.0,33.64,53.32
2020-03-04,62.0,49.879999999999995,51.6
2020-03-05,54.0,16.82,53.32
2020-03-06,63.0,0.0,50.74
2020-03-07,19.0,0.0,31.82
2020-03-08,9.0,20.299999999999997,30.099999999999998
2020-03-09,79.0,0.0,54.18
2020-03-10,87.0,16.82,56.76
2020-03-11,65.0,0.0,55.9
2020-03-12,89.0,16.24,56.76
2020-03-13,100.0,33.64,62.78
2020-03-14,30.0,20.299999999999997,40.42
2020-03-15,15.0,57.99999999999999,45.58
2020-03-16,89.0,16.82,73.96
2020-03-17,92.0,0.0,78.26
2020-03-18,82.0,51.62,86.0
2020-03-19,80.0,0.0,79.12
2020-03-20,71.0,50.459999999999994,76.53999999999999
2020-03-21,18.0,37.699999999999996,45.58
2020-03-22,19.0,38.279999999999994,46.44
2020-03-23,83.0,15.659999999999998,86.0
2020-03-24,73.0,33.64,84.28
2020-03-25,68.0,0.0,84.28
2020-03-26,58.0,50.459999999999994,79.98
2020-03-27,52.0,16.24,75.67999999999999
2020-03-28,19.0,37.699999999999996,45.58
2020-03-29,11.0,0.0,43.86
2020-03-30,63.0,16.24,82.56
2020-03-31,57.0,15.659999999999998,85.14
2020-04-01,36.72,11.200000000000001,92.07000000000001
2020-04-02,32.4,16.8,85.56
2020-04-03,30.959999999999997,34.720000000000006,84.63000000000001
2020-04-04,7.92,12.88,51.150000000000006
2020-04-05,5.04,13.440000000000001,50.220000000000006
2020-04-06,34.56,33.6,93.0
2020-04-07,38.879999999999995,22.96,87.42
2020-04-08,30.24,16.8,82.77000000000001
2020-04-09,33.12,28.560000000000002,84.63000000000001
2020-04-10,12.24,47.040000000000006,72.54
2020-04-11,5.04,26.320000000000004,44.64
2020-04-12,5.04,12.88,43.71
2020-04-13,28.08,56.00000000000001,79.98
2020-04-14,30.24,11.200000000000001,86.49000000000001
2020-04-15,28.799999999999997,16.240000000000002,81.84
2020-04-16,34.56,54.88,80.91000000000001
2020-04-17,38.16,10.64,79.98
2020-04-18,9.36,0.0,51.150000000000006
2020-04-19,6.4799999999999995,0.0,49.29
2020-04-20,27.36,33.040000000000006,82.77000000000001
2020-04-21,30.959999999999997,21.840000000000003,85.56
2020-04-22,33.12,16.8,82.77000000000001
2020-04-23,28.799999999999997,10.64,79.05
2020-04-24,25.919999999999998,10.64,77.19
2020-04-25,10.08,0.0,45.57
2020-04-26,4.32,25.200000000000003,50.220000000000006
2020-04-27,25.919999999999998,11.200000000000001,79.05
2020-04-28,30.959999999999997,16.8,77.19
2020-04-29,72.0,10.64,82.77000000000001
2020-04-30,60.48,16.240000000000002,80.91000000000001
2020-05-01,52.0,33.6,68.64
2020-05-02,12.48,0.0,43.68
2020-05-03,7.800000000000001,39.2,41.34
2020-05-04,44.2,11.200000000000001,74.88
2020-05-05,48.36,41.440000000000005,78.0
2020-05-06,44.2,0.0,77.22
2020-05-07,39.0,22.400000000000002,74.10000000000001
2020-05-08,46.800000000000004,0.0,70.2
2020-05-09,10.4,0.0,43.68
2020-05-10,7.800000000000001,0.0,39.0
2020-05-11,41.08,33.6,74.10000000000001
2020-05-12,32.76,33.6,74.88
2020-05-13,39.0,22.96,75.66
2020-05-14,39.0,44.24,70.98
2020-05-15,38.480000000000004,11.200000000000001,67.86
2020-05-16,15.08,0.0,41.34
2020-05-17,8.84,39.2,41.34
2020-05-18,37.96,33.040000000000006,68.64
2020-05-19,45.24,56.00000000000001,71.76
2020-05-20,36.4,11.200000000000001,73.32000000000001
2020-05-21,35.88,22.96,70.2
2020-05-22,32.24,11.760000000000002,60.84
2020-05-23,6.24,0.0,40.56
2020-05-24,4.16,13.440000000000001,35.1
2020-05-25,4.16,0.0,39.78
2020-05-26,37.44,22.96,66.3
2020-05-27,38.480000000000004,34.160000000000004,70.2
2020-05-28,35.88,11.200000000000001,69.42
2020-05-29,30.16,34.720000000000006,59.28
2020-05-30,7.800000000000001,0.0,35.88
2020-05-31,5.720000000000001,26.880000000000003,35.88
2020-06-01,34.16,15.36,72.2
2020-06-02,33.55,7.68,69.16
2020-06-03,40.87,14.4,72.2
2020-06-04,34.16,0.0,73.72
2020-06-05,43.31,7.36,63.84
2020-06-06,10.37,8.64,44.84
2020-06-07,10.37,0.0,40.28
2020-06-08,37.82,0.0,71.44
2020-06-09,48.19,29.76,72.2
2020-06-10,56.12,11.52,76.0
2020-06-11,53.68,15.040000000000001,76.0
2020-06-12,45.14,20.16,66.88
2020-06-13,16.47,9.28,41.8
2020-06-14,7.32,9.28,40.28
2020-06-15,37.21,15.68,68.4
2020-06-16,46.36,7.68,75.24
2020-06-17,43.92,8.0,70.68
2020-06-18,35.38,15.68,72.2
2020-06-19,39.04,16.64,65.36
2020-06-20,9.76,13.76,43.32
2020-06-21,6.1,9.6,38.76
2020-06-22,49.41,16.0,71.44
2020-06-23,61.0,8.0,74.48
2020-06-24,49.41,32.0,71.44
2020-06-25,41.48,8.0,75.24
2020-06-26,39.04,12.48,66.88
2020-06-27,15.25,9.28,42.56
2020-06-28,8.54,8.96,42.56
2020-06-29,36.6,8.32,69.16
2020-06-30,36.6,16.32,68.4
2020-07-01,21.5,0.0,66.12
2020-07-02,26.66,9.75,60.8
2020-07-03,7.74,10.530000000000001,40.28
2020-07-04,3.44,0.0,31.92
2020-07-05,2.58,11.700000000000001,38.0
2020-07-06,30.099999999999998,9.36,60.04
2020-07-07,28.38,0.0,69.16
2020-07-08,25.8,39.0,68.4
2020-07-09,31.82,0.0,66.12
2020-07-10,26.66,10.14,60.04
2020-07-11,7.74,21.84,39.52
2020-07-12,3.44,11.31,38.0
2020-07-13,30.099999999999998,9.75,65.36
2020-07-14,32.68,19.5,68.4
2020-07-15,32.68,29.25,76.0
2020-07-16,26.66,9.75,69.16
2020-07-17,29.24,0.0,63.84
2020-07-18,6.02,11.31,39.52
2020-07-19,5.16,11.31,38.76
2020-07-20,37.839999999999996,0.0,66.88
2020-07-21,44.72,9.75,70.68
2020-07-22,86.0,29.64,75.24
2020-07-23,67.08,19.5,72.96000000000001
2020-07-24,41.28,30.03,60.04
2020-07-25,9.459999999999999,0.0,38.0
2020-07-26,6.02,0.0,37.24
2020-07-27,30.099999999999998,9.75,66.88
2020-07-28,29.24,0.0,67.64
2020-07-29,24.94,19.89,67.64
2020-07-30,29.24,9.75,69.16
2020-07-31,43.86,0.0,66.88
2020-08-01,18.0,12.47,59.78
2020-08-02,10.5,12.47,57.82
2020-08-03,75.0,38.7,86.24
2020-08-04,59.25,38.269999999999996,79.38
2020-08-05,45.0,16.77,73.5
2020-08-06,39.0,11.18,71.53999999999999
2020-08-07,37.5,22.36,69.58
2020-08-08,10.5,12.47,42.14
2020-08-09,8.25,0.0,41.16
2020-08-10,35.25,21.5,69.58
2020-08-11,40.5,21.5,71.53999999999999
2020-08-12,36.0,21.5,75.46
2020-08-13,39.75,21.5,75.46
2020-08-14,28.5,11.18,71.53999999999999
2020-08-15,7.5,12.47,43.12
2020-08-16,4.5,37.41,46.06
2020-08-17,22.5,32.68,89.17999999999999
2020-08-18,26.25,16.34,98.0
2020-08-19,27.75,10.75,96.03999999999999
2020-08-20,29.25,10.75,90.16
2020-08-21,25.5,0.0,83.3
2020-08-22,9.75,25.37,50.96
2020-08-23,3.0,12.47,49.0
2020-08-24,28.5,10.32,89.17999999999999
2020-08-25,28.5,36.12,88.2
2020-08-26,33.75,25.8,86.24
2020-08-27,54.75,20.21,90.16
2020-08-28,44.25,43.0,79.38
2020-08-29,11.25,12.04,47.04
2020-08-30,11.25,12.47,49.98
2020-08-31,34.5,15.48,84.28
2020-09-01,54.27,17.48,82.0
2020-09-02,57.620000000000005,23.0,75.0
2020-09-03,56.95,34.04,75.0
2020-09-04,66.33,18.400000000000002,68.0
2020-09-05,15.41,14.26,40.0
2020-09-06,9.38,0.0,35.0
2020-09-07,16.75,13.34,43.0
2020-09-08,60.300000000000004,34.04,80.0
2020-09-09,67.0,34.04,78.0
2020-09-10,56.28,28.060000000000002,79.0
2020-09-11,41.54,11.5,71.0
2020-09-12,10.05,21.16,39.0
2020-09-13,12.06,27.6,41.0
2020-09-14,62.980000000000004,17.02,71.0
2020-09-15,47.57,11.5,71.0
2020-09-16,42.88,46.0,70.0
2020-09-17,46.900000000000006,11.5,69.0
2020-09-18,46.900000000000006,11.96,66.0
2020-09-19,10.05,14.26,34.0
2020-09-20,6.7,28.060000000000002,37.0
2020-09-21,52.93,17.02,84.0
2020-09-22,52.93,22.540000000000003,100.0
2020-09-23,48.910000000000004,23.46,76.0
2020-09-24,34.17,11.5,65.0
2020-09-25,38.190000000000005,12.88,61.0
2020-09-26,10.72,15.180000000000001,38.0
2020-09-27,4.69,0.0,33.0
2020-09-28,34.84,12.42,88.0
2020-09-29,34.17,12.42,73.0
2020-09-30,38.190000000000005,12.42,61.0
2020-10-01,22.14,14.1,76.23
2020-10-02,27.540000000000003,0.0,67.76
2020-10-03,3.7800000000000002,16.45,38.5
2020-10-04,4.32,33.37,41.58
2020-10-05,19.98,13.629999999999999,73.15
2020-10-06,18.36,20.68,73.92
2020-10-07,18.36,20.68,77.0
2020-10-08,18.36,20.68,73.92
2020-10-09,23.220000000000002,15.979999999999999,63.910000000000004
2020-10-10,5.94,17.39,38.5
2020-10-11,4.32,26.32,38.5
2020-10-12,26.46,47.0,67.76
2020-10-13,27.0,23.5,74.69
2020-10-14,25.92,31.49,73.15
2020-10-15,21.6,15.51,69.3
2020-10-16,15.66,24.439999999999998,66.22
2020-10-17,9.72,17.86,36.96
2020-10-18,4.86,17.39,36.96
2020-10-19,22.14,15.979999999999999,69.3
2020-10-20,20.520000000000003,15.979999999999999,72.38
2020-10-21,22.68,15.979999999999999,72.38
2020-10-22,18.900000000000002,15.979999999999999,70.07000000000001
2020-10-23,19.98,23.97,60.83
2020-10-24,4.86,0.0,36.19
2020-10-25,2.7,35.25,36.96
2020-10-26,23.220000000000002,15.51,66.99
2020-10-27,54.0,31.49,71.61
2020-10-28,52.92,31.959999999999997,71.61
2020-10-29,29.700000000000003,23.5,72.38
2020-10-30,24.840000000000003,16.45,66.22
2020-10-31,7.5600000000000005,27.729999999999997,35.42
2020-11-01,5.04,8.7,26.27
2020-11-02,30.24,7.539999999999999,48.989999999999995
2020-11-03,27.72,28.999999999999996,44.73
2020-11-04,23.939999999999998,9.569999999999999,33.37
2020-11-05,27.72,0.0,36.92
2020-11-06,24.36,0.0,35.5
2020-11-07,8.4,0.0,22.72
2020-11-08,5.46,0.0,24.849999999999998
2020-11-09,42.0,7.249999999999999,48.28
2020-11-10,32.339999999999996,0.0,71.0
2020-11-11,36.12,7.249999999999999,54.669999999999995
2020-11-12,22.259999999999998,13.919999999999998,54.669999999999995
2020-11-13,25.619999999999997,0.0,51.83
2020-11-14,6.72,0.0,31.24
2020-11-15,5.04,8.12,29.82
2020-11-16,26.459999999999997,7.249999999999999,52.54
2020-11-17,26.88,0.0,56.089999999999996
2020-11-18,23.52,7.539999999999999,56.089999999999996
2020-11-19,25.619999999999997,0.0,55.379999999999995
2020-11-20,26.04,7.539999999999999,50.41
2020-11-21,5.04,0.0,29.82
2020-11-22,2.1,16.24,31.24
2020-11-23,23.939999999999998,15.079999999999998,46.86
2020-11-24,36.12,0.0,48.989999999999995
2020-11-25,31.08,0.0,43.309999999999995
2020-11-26,7.14,0.0,31.95
2020-11-27,18.48,7.829999999999999,37.629999999999995
2020-11-28,6.3,0.0,33.37
2020-11-29,4.2,7.829999999999999,30.529999999999998
2020-11-30,15.959999999999999,6.959999999999999,53.25
2020-12-01,48.0,100.0,87.3
2020-12-02,45.12,0.0,90.0
2020-12-03,45.12,34.0,87.3
