Date,PFE,"Pfizer, Inc.","Pfizer,"
2015-01-01,1.0,,0.0
2015-01-02,1.92,,0.0
2015-01-03,0.6,,0.0
2015-01-04,0.6,,0.0
2015-01-05,2.0,,0.0
2015-01-06,1.48,,0.0
2015-01-07,2.44,,0.0
2015-01-08,2.44,,0.0
2015-01-09,1.0,,0.0
2015-01-10,1.2,,0.0
2015-01-11,1.8,,0.0
2015-01-12,0.48,,0.0
2015-01-13,2.16,,0.0
2015-01-14,1.96,,0.0
2015-01-15,1.2,,30.0
2015-01-16,1.52,,0.0
2015-01-17,1.52,,0.0
2015-01-18,1.2,,0.0
2015-01-19,1.28,,0.0
2015-01-20,2.16,,0.0
2015-01-21,1.68,,29.099999999999998
2015-01-22,2.4,,0.0
2015-01-23,2.48,,0.0
2015-01-24,1.48,,0.0
2015-01-25,0.92,,0.0
2015-01-26,1.92,,0.0
2015-01-27,4.0,,0.0
2015-01-28,1.8800000000000001,,0.0
2015-01-29,1.92,,0.0
2015-01-30,3.4,,0.0
2015-01-31,1.16,,0.0
2015-02-01,0.4,0.0,0.0
2015-02-02,1.0,0.0,0.0
2015-02-03,1.68,0.0,0.0
2015-02-04,2.32,0.0,0.0
2015-02-05,3.0,0.0,0.0
2015-02-06,1.72,0.0,0.0
2015-02-07,0.0,0.0,0.0
2015-02-08,0.0,0.0,0.0
2015-02-09,1.96,0.0,0.0
2015-02-10,1.6400000000000001,0.0,0.0
2015-02-11,1.68,0.0,11.76
2015-02-12,4.0,0.0,11.76
2015-02-13,2.84,0.0,0.0
2015-02-14,0.0,0.0,0.0
2015-02-15,0.44,0.0,0.0
2015-02-16,0.72,0.0,0.0
2015-02-17,1.36,0.0,0.0
2015-02-18,2.04,0.0,24.0
2015-02-19,1.68,0.0,0.0
2015-02-20,1.4000000000000001,0.0,12.48
2015-02-21,0.4,0.0,0.0
2015-02-22,0.0,0.0,14.879999999999999
2015-02-23,0.32,0.0,0.0
2015-02-24,1.6400000000000001,0.0,0.0
2015-02-25,1.0,0.0,0.0
2015-02-26,2.4,0.0,0.0
2015-02-27,1.04,0.0,0.0
2015-02-28,0.84,0.0,0.0
2015-03-01,0.64,0.0,
2015-03-02,3.12,0.0,
2015-03-03,2.84,0.0,
2015-03-04,2.6,0.0,
2015-03-05,2.36,0.0,
2015-03-06,0.56,0.0,
2015-03-07,1.36,0.0,
2015-03-08,1.36,0.0,
2015-03-09,4.0,0.0,
2015-03-10,1.84,0.0,
2015-03-11,3.72,0.0,
2015-03-12,1.8800000000000001,0.0,
2015-03-13,2.7600000000000002,0.0,
2015-03-14,2.04,0.0,
2015-03-15,2.04,0.0,
2015-03-16,1.6400000000000001,0.0,
2015-03-17,2.44,0.0,
2015-03-18,1.8800000000000001,0.0,
2015-03-19,2.16,0.0,
2015-03-20,1.6400000000000001,0.0,
2015-03-21,1.36,0.0,
2015-03-22,0.0,0.0,
2015-03-23,2.64,0.0,
2015-03-24,1.8800000000000001,48.0,
2015-03-25,2.72,0.0,
2015-03-26,3.2,0.0,
2015-03-27,3.08,0.0,
2015-03-28,0.76,0.0,
2015-03-29,1.48,0.0,
2015-03-30,1.92,0.0,
2015-03-31,3.2800000000000002,0.0,
2015-04-01,1.92,,47.74
2015-04-02,2.4,,0.0
2015-04-03,0.44,,0.0
2015-04-04,1.52,,62.0
2015-04-05,0.0,,0.0
2015-04-06,1.2,,0.0
2015-04-07,1.12,,0.0
2015-04-08,1.56,,0.0
2015-04-09,0.4,,0.0
2015-04-10,4.0,,0.0
2015-04-11,0.52,,0.0
2015-04-12,0.52,,0.0
2015-04-13,1.56,,0.0
2015-04-14,0.76,,0.0
2015-04-15,3.4,,0.0
2015-04-16,1.52,,46.5
2015-04-17,2.44,,0.0
2015-04-18,0.0,,0.0
2015-04-19,0.48,,0.0
2015-04-20,0.76,,45.88
2015-04-21,0.76,,0.0
2015-04-22,1.92,,47.12
2015-04-23,1.92,,0.0
2015-04-24,0.8,,0.0
2015-04-25,0.52,,0.0
2015-04-26,0.0,,62.0
2015-04-27,1.92,,47.12
2015-04-28,1.16,,0.0
2015-04-29,1.52,,0.0
2015-04-30,1.16,,0.0
2015-05-01,3.2,,27.44
2015-05-02,0.0,,0.0
2015-05-03,0.0,,0.0
2015-05-04,2.48,,26.320000000000004
2015-05-05,1.8800000000000001,,0.0
2015-05-06,2.52,,0.0
2015-05-07,3.8000000000000003,,0.0
2015-05-08,4.0,,0.0
2015-05-09,0.84,,0.0
2015-05-10,0.84,,0.0
2015-05-11,2.56,,0.0
2015-05-12,1.8800000000000001,,26.320000000000004
2015-05-13,2.52,,0.0
2015-05-14,3.84,,0.0
2015-05-15,1.32,,0.0
2015-05-16,1.68,,34.720000000000006
2015-05-17,1.68,,34.720000000000006
2015-05-18,1.8800000000000001,,26.320000000000004
2015-05-19,3.16,,53.2
2015-05-20,1.28,,0.0
2015-05-21,0.68,,27.44
2015-05-22,0.68,,0.0
2015-05-23,1.76,,0.0
2015-05-24,0.0,,0.0
2015-05-25,0.0,,0.0
2015-05-26,1.92,,0.0
2015-05-27,2.56,,0.0
2015-05-28,2.6,,26.880000000000003
2015-05-29,3.4,,56.00000000000001
2015-05-30,3.36,,0.0
2015-05-31,0.0,,0.0
2015-06-01,1.44,,0.0
2015-06-02,0.96,,0.0
2015-06-03,2.0,,0.0
2015-06-04,2.52,,0.0
2015-06-05,2.08,,0.0
2015-06-06,1.96,,0.0
2015-06-07,0.0,,0.0
2015-06-08,1.52,,0.0
2015-06-09,1.48,,0.0
2015-06-10,1.04,,0.0
2015-06-11,2.56,,0.0
2015-06-12,0.52,,0.0
2015-06-13,0.64,,0.0
2015-06-14,1.32,,0.0
2015-06-15,4.0,,0.0
2015-06-16,2.48,,0.0
2015-06-17,1.0,,0.0
2015-06-18,2.0,,0.0
2015-06-19,1.56,,0.0
2015-06-20,0.64,,0.0
2015-06-21,1.96,,0.0
2015-06-22,0.52,,50.0
2015-06-23,2.44,,0.0
2015-06-24,0.52,,0.0
2015-06-25,1.52,,0.0
2015-06-26,2.64,,0.0
2015-06-27,0.64,,0.0
2015-06-28,0.64,,0.0
2015-06-29,0.52,,0.0
2015-06-30,1.0,,0.0
2015-07-01,3.2800000000000002,0.0,0.0
2015-07-02,1.04,0.0,0.0
2015-07-03,1.24,0.0,0.0
2015-07-04,0.0,0.0,0.0
2015-07-05,0.0,0.0,0.0
2015-07-06,1.24,0.0,0.0
2015-07-07,1.0,0.0,0.0
2015-07-08,1.0,0.0,0.0
2015-07-09,2.0,0.0,0.0
2015-07-10,1.56,0.0,0.0
2015-07-11,0.64,0.0,0.0
2015-07-12,0.64,0.0,0.0
2015-07-13,2.72,0.0,0.0
2015-07-14,1.48,0.0,0.0
2015-07-15,2.2,0.0,0.0
2015-07-16,1.52,0.0,0.0
2015-07-17,2.88,0.0,0.0
2015-07-18,0.64,0.0,0.0
2015-07-19,2.08,0.0,0.0
2015-07-20,2.36,0.0,0.0
2015-07-21,1.0,0.0,0.0
2015-07-22,1.24,0.0,0.0
2015-07-23,1.52,0.0,0.0
2015-07-24,1.84,0.0,0.0
2015-07-25,0.0,0.0,0.0
2015-07-26,0.64,0.0,56.99999999999999
2015-07-27,1.72,0.0,0.0
2015-07-28,2.72,0.0,0.0
2015-07-29,4.0,0.0,0.0
2015-07-30,3.24,0.0,0.0
2015-07-31,1.04,0.0,0.0
2015-08-01,0.72,0.0,24.0
2015-08-02,0.72,0.0,0.0
2015-08-03,0.56,0.0,0.0
2015-08-04,1.12,0.0,0.0
2015-08-05,1.68,0.0,0.0
2015-08-06,4.0,0.0,0.0
2015-08-07,1.2,0.0,0.0
2015-08-08,1.44,0.0,0.0
2015-08-09,0.0,0.0,0.0
2015-08-10,2.2800000000000002,0.0,0.0
2015-08-11,2.24,0.0,0.0
2015-08-12,1.72,0.0,0.0
2015-08-13,2.2800000000000002,0.0,0.0
2015-08-14,1.16,0.0,0.0
2015-08-15,0.0,0.0,0.0
2015-08-16,0.72,0.0,0.0
2015-08-17,1.68,0.0,0.0
2015-08-18,1.6400000000000001,0.0,0.0
2015-08-19,2.8000000000000003,0.0,0.0
2015-08-20,2.24,0.0,0.0
2015-08-21,2.2800000000000002,0.0,0.0
2015-08-22,2.12,0.0,0.0
2015-08-23,0.0,0.0,0.0
2015-08-24,3.84,0.0,18.0
2015-08-25,3.88,0.0,0.0
2015-08-26,2.72,50.0,0.0
2015-08-27,2.72,0.0,0.0
2015-08-28,3.4,0.0,0.0
2015-08-29,2.08,0.0,0.0
2015-08-30,1.36,0.0,0.0
2015-08-31,3.2,0.0,0.0
2015-09-01,2.0,,54.0
2015-09-02,2.52,,0.0
2015-09-03,2.56,,0.0
2015-09-04,1.6,,0.0
2015-09-05,1.96,,0.0
2015-09-06,0.0,,0.0
2015-09-07,0.0,,0.0
2015-09-08,3.0,,0.0
2015-09-09,1.96,,0.0
2015-09-10,1.96,,0.0
2015-09-11,2.56,,0.0
2015-09-12,0.64,,0.0
2015-09-13,0.64,,0.0
2015-09-14,1.0,,0.0
2015-09-15,0.48,,0.0
2015-09-16,2.48,,0.0
2015-09-17,0.0,,0.0
2015-09-18,1.56,,0.0
2015-09-19,0.0,,0.0
2015-09-20,0.64,,0.0
2015-09-21,1.96,,0.0
2015-09-22,1.44,,0.0
2015-09-23,1.48,,0.0
2015-09-24,4.0,,54.0
2015-09-25,1.56,,0.0
2015-09-26,0.64,,0.0
2015-09-27,0.0,,0.0
2015-09-28,0.96,,0.0
2015-09-29,2.88,,52.38
2015-09-30,3.88,,0.0
2015-10-01,1.92,,0.0
2015-10-02,0.52,,26.400000000000002
2015-10-03,0.64,,0.0
2015-10-04,0.0,,0.0
2015-10-05,2.48,,0.0
2015-10-06,1.96,,0.0
2015-10-07,2.44,,0.0
2015-10-08,1.48,,26.400000000000002
2015-10-09,2.04,,0.0
2015-10-10,0.64,,0.0
2015-10-11,0.0,,0.0
2015-10-12,4.0,,0.0
2015-10-13,1.92,,0.0
2015-10-14,1.44,,25.6
2015-10-15,2.4,,0.0
2015-10-16,2.0,,0.0
2015-10-17,1.28,,0.0
2015-10-18,0.0,,0.0
2015-10-19,3.36,,0.0
2015-10-20,2.84,,24.8
2015-10-21,1.44,,0.0
2015-10-22,0.96,,0.0
2015-10-23,1.0,,0.0
2015-10-24,0.0,,0.0
2015-10-25,0.6,,0.0
2015-10-26,0.0,,0.0
2015-10-27,1.4000000000000001,,24.8
2015-10-28,2.32,,0.0
2015-10-29,3.7600000000000002,,24.8
2015-10-30,2.0,,80.0
2015-10-31,1.92,,0.0
2015-11-01,0.42,,0.0
2015-11-02,1.44,,0.0
2015-11-03,1.14,,0.0
2015-11-04,1.44,,0.0
2015-11-05,2.1,,0.0
2015-11-06,1.5,,0.0
2015-11-07,0.0,,0.0
2015-11-08,0.36,,0.0
2015-11-09,2.04,,0.0
2015-11-10,0.8999999999999999,,19.52
2015-11-11,0.3,,0.0
2015-11-12,0.8999999999999999,,0.0
2015-11-13,1.26,,0.0
2015-11-14,1.14,,25.62
2015-11-15,0.0,,0.0
2015-11-16,0.8999999999999999,,0.0
2015-11-17,1.14,,0.0
2015-11-18,0.6,,19.52
2015-11-19,2.4,,0.0
2015-11-20,4.62,,0.0
2015-11-21,0.78,,0.0
2015-11-22,0.0,,51.24
2015-11-23,6.0,,61.0
2015-11-24,3.36,,0.0
2015-11-25,1.98,,0.0
2015-11-26,1.2,,0.0
2015-11-27,0.72,,0.0
2015-11-28,0.36,,0.0
2015-11-29,1.14,,0.0
2015-11-30,1.38,,0.0
2015-12-01,3.84,,0.0
2015-12-02,3.04,,0.0
2015-12-03,1.32,,0.0
2015-12-04,3.16,,19.580000000000002
2015-12-05,0.6,,0.0
2015-12-06,0.0,,0.0
2015-12-07,1.76,,19.14
2015-12-08,0.0,,0.0
2015-12-09,1.32,,0.0
2015-12-10,1.8,,0.0
2015-12-11,1.4000000000000001,,0.0
2015-12-12,1.16,,0.0
2015-12-13,0.56,,0.0
2015-12-14,2.2,,0.0
2015-12-15,0.0,,0.0
2015-12-16,0.0,,0.0
2015-12-17,0.48,,0.0
2015-12-18,2.48,,0.0
2015-12-19,0.6,,0.0
2015-12-20,0.0,,0.0
2015-12-21,0.48,,0.0
2015-12-22,4.0,,21.78
2015-12-23,1.04,,0.0
2015-12-24,3.0,,0.0
2015-12-25,1.4000000000000001,,0.0
2015-12-26,0.64,,0.0
2015-12-27,1.2,,0.0
2015-12-28,0.52,,0.0
2015-12-29,2.04,,22.0
2015-12-30,1.04,,0.0
2015-12-31,1.08,,0.0
2016-01-01,0.64,,0.0
2016-01-02,1.08,,0.0
2016-01-03,1.08,,0.0
2016-01-04,2.7600000000000002,,0.0
2016-01-05,2.32,,10.44
2016-01-06,1.84,,0.0
2016-01-07,1.36,,0.0
2016-01-08,3.24,,0.0
2016-01-09,0.0,,0.0
2016-01-10,1.0,,0.0
2016-01-11,1.76,,0.0
2016-01-12,2.68,,0.0
2016-01-13,2.72,,0.0
2016-01-14,3.4,,0.0
2016-01-15,3.72,,0.0
2016-01-16,2.16,,12.0
2016-01-17,1.04,,0.0
2016-01-18,0.0,,0.0
2016-01-19,4.0,,0.0
2016-01-20,3.6,,0.0
2016-01-21,3.12,,0.0
2016-01-22,1.36,,0.0
2016-01-23,1.04,,0.0
2016-01-24,2.08,,0.0
2016-01-25,0.88,,0.0
2016-01-26,3.6,,0.0
2016-01-27,3.16,,0.0
2016-01-28,3.16,,0.0
2016-01-29,2.7600000000000002,,0.0
2016-01-30,1.08,,0.0
2016-01-31,0.52,,0.0
2016-02-01,2.35,,0.0
2016-02-02,3.4000000000000004,,0.0
2016-02-03,3.3000000000000003,,0.0
2016-02-04,4.05,,0.0
2016-02-05,1.9000000000000001,,0.0
2016-02-06,0.9,,0.0
2016-02-07,0.65,,0.0
2016-02-08,3.2,,0.0
2016-02-09,1.6,,41.36
2016-02-10,2.9000000000000004,,41.8
2016-02-11,0.35000000000000003,,0.0
2016-02-12,5.0,,0.0
2016-02-13,1.1,,0.0
2016-02-14,2.2,,0.0
2016-02-15,0.9500000000000001,,0.0
2016-02-16,2.7,,0.0
2016-02-17,2.95,,0.0
2016-02-18,1.6500000000000001,,0.0
2016-02-19,3.1500000000000004,,0.0
2016-02-20,1.55,,0.0
2016-02-21,0.0,,0.0
2016-02-22,3.75,,0.0
2016-02-23,3.2,,0.0
2016-02-24,4.800000000000001,,0.0
2016-02-25,2.75,,0.0
2016-02-26,3.75,,44.0
2016-02-27,0.65,,0.0
2016-02-28,0.65,,0.0
2016-02-29,2.3000000000000003,,0.0
2016-03-01,3.5,,0.0
2016-03-02,2.5,,0.0
2016-03-03,2.0,,0.0
2016-03-04,2.8000000000000003,,0.0
2016-03-05,0.9500000000000001,,0.0
2016-03-06,0.9500000000000001,,0.0
2016-03-07,1.6,,0.0
2016-03-08,1.9500000000000002,,0.0
2016-03-09,3.75,,0.0
2016-03-10,2.0,,0.0
2016-03-11,3.5,,65.0
2016-03-12,0.7000000000000001,,0.0
2016-03-13,0.7000000000000001,,0.0
2016-03-14,2.4000000000000004,,0.0
2016-03-15,4.4,,0.0
2016-03-16,5.0,,0.0
2016-03-17,3.6500000000000004,,63.7
2016-03-18,3.2,,0.0
2016-03-19,2.2,,0.0
2016-03-20,1.2000000000000002,,0.0
2016-03-21,2.8000000000000003,,0.0
2016-03-22,3.25,,0.0
2016-03-23,2.6500000000000004,,0.0
2016-03-24,3.1,,65.0
2016-03-25,1.3,,0.0
2016-03-26,1.0,,0.0
2016-03-27,0.5,,0.0
2016-03-28,1.4500000000000002,,65.0
2016-03-29,2.6500000000000004,,63.7
2016-03-30,3.9000000000000004,,0.0
2016-03-31,2.45,,0.0
2016-04-01,3.0100000000000002,0.0,15.049999999999999
2016-04-02,1.8900000000000001,0.0,0.0
2016-04-03,0.77,0.0,0.0
2016-04-04,2.5200000000000005,0.0,0.0
2016-04-05,3.7800000000000002,0.0,0.0
2016-04-06,7.000000000000001,0.0,43.0
2016-04-07,5.6000000000000005,0.0,0.0
2016-04-08,3.2900000000000005,0.0,15.049999999999999
2016-04-09,2.66,0.0,0.0
2016-04-10,0.77,0.0,0.0
2016-04-11,3.22,0.0,14.62
2016-04-12,3.3600000000000003,0.0,0.0
2016-04-13,1.7500000000000002,0.0,0.0
2016-04-14,3.22,0.0,14.62
2016-04-15,1.33,0.0,0.0
2016-04-16,0.9800000000000001,0.0,0.0
2016-04-17,0.6300000000000001,0.0,0.0
2016-04-18,1.4700000000000002,0.0,0.0
2016-04-19,2.5200000000000005,0.0,14.19
2016-04-20,3.99,0.0,0.0
2016-04-21,2.66,0.0,0.0
2016-04-22,1.6800000000000002,0.0,0.0
2016-04-23,1.1900000000000002,0.0,0.0
2016-04-24,0.77,0.0,0.0
2016-04-25,1.4000000000000001,0.0,0.0
2016-04-26,2.45,0.0,0.0
2016-04-27,2.24,0.0,0.0
2016-04-28,2.24,0.0,0.0
2016-04-29,2.8000000000000003,0.0,0.0
2016-04-30,0.9800000000000001,0.0,0.0
2016-05-01,1.4000000000000001,,0.0
2016-05-02,2.35,,0.0
2016-05-03,5.0,,0.0
2016-05-04,1.9500000000000002,,0.0
2016-05-05,1.6,,0.0
2016-05-06,2.9000000000000004,,0.0
2016-05-07,0.9500000000000001,,0.0
2016-05-08,0.5,,0.0
2016-05-09,2.4000000000000004,,36.63
2016-05-10,3.5,,0.0
2016-05-11,1.6,,0.0
2016-05-12,0.8,,0.0
2016-05-13,3.7,,0.0
2016-05-14,1.0,,0.0
2016-05-15,0.5,,0.0
2016-05-16,4.4,,37.0
2016-05-17,3.5,,0.0
2016-05-18,3.2,,0.0
2016-05-19,2.8000000000000003,,0.0
2016-05-20,4.65,,0.0
2016-05-21,1.0,,0.0
2016-05-22,0.5,,0.0
2016-05-23,2.8000000000000003,,0.0
2016-05-24,2.8000000000000003,,0.0
2016-05-25,1.6,,0.0
2016-05-26,4.6000000000000005,,0.0
2016-05-27,2.15,,0.0
2016-05-28,0.5,,0.0
2016-05-29,2.0500000000000003,,0.0
2016-05-30,0.0,,0.0
2016-05-31,1.6,,0.0
2016-06-01,2.28,,0.0
2016-06-02,1.14,,0.0
2016-06-03,3.9,,0.0
2016-06-04,0.42,,0.0
2016-06-05,0.0,,0.0
2016-06-06,1.8599999999999999,,0.0
2016-06-07,2.28,,0.0
2016-06-08,1.92,,0.0
2016-06-09,5.1,,0.0
2016-06-10,2.4,,0.0
2016-06-11,0.48,,0.0
2016-06-12,0.8999999999999999,,0.0
2016-06-13,2.34,,0.0
2016-06-14,3.06,,0.0
2016-06-15,2.6999999999999997,,0.0
2016-06-16,3.12,,0.0
2016-06-17,5.9399999999999995,,0.0
2016-06-18,0.48,,0.0
2016-06-19,0.0,,0.0
2016-06-20,3.06,,0.0
2016-06-21,2.6999999999999997,,0.0
2016-06-22,2.6999999999999997,,56.839999999999996
2016-06-23,2.34,,56.26
2016-06-24,6.0,,0.0
2016-06-25,0.48,,0.0
2016-06-26,0.0,,0.0
2016-06-27,3.06,,55.67999999999999
2016-06-28,2.34,,56.26
2016-06-29,3.12,,56.839999999999996
2016-06-30,2.4,,57.99999999999999
2016-07-01,4.6000000000000005,0.0,
2016-07-02,0.55,0.0,
2016-07-03,1.4000000000000001,0.0,
2016-07-04,0.55,0.0,
2016-07-05,2.85,0.0,
2016-07-06,4.05,0.0,
2016-07-07,2.95,35.669999999999995,
2016-07-08,3.2,0.0,
2016-07-09,1.3,0.0,
2016-07-10,1.05,0.0,
2016-07-11,4.800000000000001,0.0,
2016-07-12,5.0,0.0,
2016-07-13,2.1,0.0,
2016-07-14,3.95,0.0,
2016-07-15,2.5500000000000003,0.0,
2016-07-16,1.05,0.0,
2016-07-17,0.8,0.0,
2016-07-18,2.25,0.0,
2016-07-19,2.0,0.0,
2016-07-20,2.5,0.0,
2016-07-21,3.6500000000000004,0.0,
2016-07-22,3.25,0.0,
2016-07-23,1.55,0.0,
2016-07-24,0.8,0.0,
2016-07-25,1.75,0.0,
2016-07-26,3.75,0.0,
2016-07-27,3.1,0.0,
2016-07-28,2.9000000000000004,0.0,
2016-07-29,3.1500000000000004,0.0,
2016-07-30,1.55,41.0,
2016-07-31,0.5,0.0,
2016-08-01,2.76,,0.0
2016-08-02,6.0,,0.0
2016-08-03,3.42,,0.0
2016-08-04,3.0,,0.0
2016-08-05,3.48,,0.0
2016-08-06,0.54,,0.0
2016-08-07,0.54,,0.0
2016-08-08,2.58,,48.88
2016-08-09,1.6199999999999999,,0.0
2016-08-10,1.8599999999999999,,0.0
2016-08-11,1.8599999999999999,,0.0
2016-08-12,1.74,,0.0
2016-08-13,0.36,,0.0
2016-08-14,0.54,,0.0
2016-08-15,1.8599999999999999,,0.0
2016-08-16,1.26,,0.0
2016-08-17,2.52,,0.0
2016-08-18,2.4,,52.0
2016-08-19,0.78,,0.0
2016-08-20,1.44,,0.0
2016-08-21,0.54,,0.0
2016-08-22,3.7199999999999998,,0.0
2016-08-23,1.8599999999999999,,0.0
2016-08-24,2.58,,0.0
2016-08-25,2.28,,0.0
2016-08-26,2.04,,0.0
2016-08-27,0.6599999999999999,,0.0
2016-08-28,0.36,,0.0
2016-08-29,2.28,,0.0
2016-08-30,1.68,,0.0
2016-08-31,2.1,,0.0
2016-09-01,3.2,,0.0
2016-09-02,5.0,,0.0
2016-09-03,3.8000000000000003,,0.0
2016-09-04,0.8,,31.0
2016-09-05,0.75,,0.0
2016-09-06,2.2,,24.8
2016-09-07,4.1000000000000005,,0.0
2016-09-08,3.8000000000000003,,0.0
2016-09-09,4.9,,0.0
2016-09-10,2.6,,0.0
2016-09-11,0.75,,0.0
2016-09-12,2.85,,24.8
2016-09-13,2.8000000000000003,,0.0
2016-09-14,3.5,,25.11
2016-09-15,2.85,,0.0
2016-09-16,3.3000000000000003,,25.73
2016-09-17,1.1500000000000001,,0.0
2016-09-18,0.0,,0.0
2016-09-19,3.4000000000000004,,0.0
2016-09-20,4.3500000000000005,,0.0
2016-09-21,2.5,,0.0
2016-09-22,3.1500000000000004,,0.0
2016-09-23,2.6,,0.0
2016-09-24,1.9500000000000002,,0.0
2016-09-25,1.5,,0.0
2016-09-26,4.05,,0.0
2016-09-27,3.1,,0.0
2016-09-28,3.8000000000000003,,0.0
2016-09-29,2.2,,0.0
2016-09-30,3.6,,0.0
2016-10-01,2.6,0.0,0.0
2016-10-02,0.52,0.0,0.0
2016-10-03,1.72,0.0,0.0
2016-10-04,2.12,0.0,0.0
2016-10-05,2.6,0.0,0.0
2016-10-06,2.16,0.0,0.0
2016-10-07,4.0,0.0,0.0
2016-10-08,1.04,0.0,0.0
2016-10-09,1.04,0.0,0.0
2016-10-10,0.88,0.0,0.0
2016-10-11,1.72,0.0,0.0
2016-10-12,2.6,0.0,0.0
2016-10-13,0.44,0.0,0.0
2016-10-14,3.2,0.0,0.0
2016-10-15,1.08,0.0,0.0
2016-10-16,0.52,0.0,0.0
2016-10-17,2.16,0.0,0.0
2016-10-18,1.76,0.0,0.0
2016-10-19,2.64,0.0,0.0
2016-10-20,3.88,0.0,0.0
2016-10-21,1.8,0.0,0.0
2016-10-22,0.56,0.0,0.0
2016-10-23,1.04,0.0,0.0
2016-10-24,2.56,0.0,0.0
2016-10-25,2.12,0.0,0.0
2016-10-26,3.0,0.0,0.0
2016-10-27,3.0,0.0,34.92
2016-10-28,3.12,0.0,36.0
2016-10-29,0.52,0.0,0.0
2016-10-30,0.0,0.0,0.0
2016-10-31,2.52,0.0,0.0
2016-11-01,3.9,0.0,0.0
2016-11-02,3.36,0.0,0.0
2016-11-03,2.16,0.0,0.0
2016-11-04,3.48,0.0,0.0
2016-11-05,0.8999999999999999,0.0,0.0
2016-11-06,0.42,0.0,0.0
2016-11-07,2.2199999999999998,0.0,0.0
2016-11-08,1.74,0.0,0.0
2016-11-09,6.0,0.0,0.0
2016-11-10,4.92,38.0,0.0
2016-11-11,3.48,0.0,0.0
2016-11-12,0.42,0.0,0.0
2016-11-13,0.8999999999999999,0.0,0.0
2016-11-14,5.16,0.0,31.32
2016-11-15,4.74,0.0,0.0
2016-11-16,2.58,0.0,0.0
2016-11-17,1.8599999999999999,0.0,0.0
2016-11-18,3.0,0.0,0.0
2016-11-19,0.8999999999999999,0.0,0.0
2016-11-20,1.3199999999999998,0.0,0.0
2016-11-21,2.6399999999999997,0.0,0.0
2016-11-22,4.9799999999999995,0.0,0.0
2016-11-23,2.82,0.0,0.0
2016-11-24,0.8999999999999999,0.0,0.0
2016-11-25,1.68,0.0,0.0
2016-11-26,1.68,0.0,0.0
2016-11-27,0.0,0.0,36.0
2016-11-28,1.02,0.0,0.0
2016-11-29,4.14,0.0,0.0
2016-11-30,4.92,0.0,0.0
2016-12-01,2.58,0.0,0.0
2016-12-02,4.5,0.0,0.0
2016-12-03,0.54,0.0,0.0
2016-12-04,1.02,0.0,0.0
2016-12-05,3.3,0.0,0.0
2016-12-06,3.48,0.0,17.71
2016-12-07,3.9,0.0,18.400000000000002
2016-12-08,6.0,0.0,0.0
2016-12-09,4.859999999999999,0.0,19.78
2016-12-10,1.14,0.0,22.77
2016-12-11,1.6199999999999999,0.0,0.0
2016-12-12,4.74,0.0,0.0
2016-12-13,4.08,0.0,0.0
2016-12-14,4.38,30.34,18.630000000000003
2016-12-15,5.16,0.0,0.0
2016-12-16,1.98,0.0,0.0
2016-12-17,2.28,0.0,0.0
2016-12-18,0.84,0.0,0.0
2016-12-19,2.4,0.0,0.0
2016-12-20,4.9799999999999995,0.0,0.0
2016-12-21,3.84,0.0,0.0
2016-12-22,3.42,0.0,0.0
2016-12-23,4.02,0.0,0.0
2016-12-24,0.8999999999999999,0.0,0.0
2016-12-25,1.26,0.0,0.0
2016-12-26,1.14,37.0,23.0
2016-12-27,4.8,0.0,20.470000000000002
2016-12-28,2.04,0.0,0.0
2016-12-29,4.08,0.0,0.0
2016-12-30,3.6599999999999997,0.0,0.0
2016-12-31,1.08,0.0,0.0
2017-01-01,0.42,,0.0
2017-01-02,1.26,,0.0
2017-01-03,1.98,,0.0
2017-01-04,3.1799999999999997,,28.000000000000004
2017-01-05,3.1799999999999997,,0.0
2017-01-06,2.88,,28.000000000000004
2017-01-07,1.14,,0.0
2017-01-08,0.96,,0.0
2017-01-09,2.76,,0.0
2017-01-10,3.06,,0.0
2017-01-11,3.12,,0.0
2017-01-12,5.16,,0.0
2017-01-13,2.16,,0.0
2017-01-14,1.56,,0.0
2017-01-15,0.36,,0.0
2017-01-16,1.2,,0.0
2017-01-17,2.88,,0.0
2017-01-18,2.2199999999999998,,0.0
2017-01-19,3.1799999999999997,,26.320000000000004
2017-01-20,1.92,,0.0
2017-01-21,0.36,,0.0
2017-01-22,0.72,,0.0
2017-01-23,2.76,,0.0
2017-01-24,2.4,,0.0
2017-01-25,3.7199999999999998,,0.0
2017-01-26,4.14,,0.0
2017-01-27,3.3,,0.0
2017-01-28,1.14,,0.0
2017-01-29,1.14,,0.0
2017-01-30,1.8599999999999999,,0.0
2017-01-31,6.0,,0.0
2017-02-01,3.6599999999999997,,0.0
2017-02-02,4.14,,0.0
2017-02-03,3.5999999999999996,,0.0
2017-02-04,0.78,,0.0
2017-02-05,1.5,,0.0
2017-02-06,1.2,,0.0
2017-02-07,3.78,,0.0
2017-02-08,2.88,,0.0
2017-02-09,3.1799999999999997,,0.0
2017-02-10,1.98,,17.64
2017-02-11,1.14,,20.58
2017-02-12,0.36,,0.0
2017-02-13,1.5,,0.0
2017-02-14,3.48,,0.0
2017-02-15,3.9,,0.0
2017-02-16,5.04,,0.0
2017-02-17,6.0,,0.0
2017-02-18,0.36,,0.0
2017-02-19,1.2,,42.0
2017-02-20,1.3199999999999998,,0.0
2017-02-21,3.12,,0.0
2017-02-22,2.2199999999999998,,0.0
2017-02-23,1.56,,16.8
2017-02-24,2.58,,0.0
2017-02-25,0.36,,0.0
2017-02-26,0.36,,0.0
2017-02-27,4.38,,0.0
2017-02-28,3.0,,0.0
2017-03-01,3.25,0.0,0.0
2017-03-02,3.25,0.0,0.0
2017-03-03,3.8000000000000003,0.0,0.0
2017-03-04,0.35000000000000003,0.0,0.0
2017-03-05,1.0,0.0,0.0
2017-03-06,1.9000000000000001,0.0,0.0
2017-03-07,1.85,0.0,34.04
2017-03-08,2.0,0.0,35.89
2017-03-09,2.5500000000000003,0.0,0.0
2017-03-10,5.0,0.0,0.0
2017-03-11,1.35,0.0,0.0
2017-03-12,0.30000000000000004,0.0,0.0
2017-03-13,3.5,0.0,0.0
2017-03-14,2.3000000000000003,0.0,0.0
2017-03-15,3.1500000000000004,0.0,0.0
2017-03-16,1.75,0.0,36.26
2017-03-17,1.85,0.0,0.0
2017-03-18,1.4000000000000001,0.0,0.0
2017-03-19,0.7000000000000001,0.0,0.0
2017-03-20,3.45,0.0,0.0
2017-03-21,2.6,0.0,36.26
2017-03-22,2.85,0.0,36.26
2017-03-23,2.35,0.0,0.0
2017-03-24,2.35,0.0,0.0
2017-03-25,0.35000000000000003,0.0,0.0
2017-03-26,0.35000000000000003,0.0,0.0
2017-03-27,2.9000000000000004,0.0,0.0
2017-03-28,3.2,0.0,0.0
2017-03-29,1.75,0.0,37.0
2017-03-30,2.6500000000000004,0.0,0.0
2017-03-31,2.7,0.0,0.0
2017-04-01,1.4500000000000002,0.0,0.0
2017-04-02,0.9,0.0,0.0
2017-04-03,5.0,0.0,0.0
2017-04-04,3.35,52.38,23.0
2017-04-05,3.35,0.0,0.0
2017-04-06,3.6,0.0,0.0
2017-04-07,3.25,0.0,8.05
2017-04-08,0.9,0.0,0.0
2017-04-09,0.6000000000000001,0.0,0.0
2017-04-10,2.2,0.0,0.0
2017-04-11,3.7,54.0,0.0
2017-04-12,2.7,0.0,0.0
2017-04-13,2.75,0.0,0.0
2017-04-14,1.6,0.0,0.0
2017-04-15,1.85,0.0,0.0
2017-04-16,1.25,0.0,0.0
2017-04-17,3.9000000000000004,0.0,0.0
2017-04-18,4.3,0.0,0.0
2017-04-19,3.85,0.0,0.0
2017-04-20,3.6500000000000004,0.0,0.0
2017-04-21,4.05,0.0,0.0
2017-04-22,0.9,0.0,0.0
2017-04-23,1.2000000000000002,0.0,0.0
2017-04-24,1.7000000000000002,0.0,0.0
2017-04-25,4.05,0.0,7.590000000000001
2017-04-26,3.1,0.0,0.0
2017-04-27,0.9500000000000001,51.84,0.0
2017-04-28,1.5,0.0,0.0
2017-04-29,0.9,0.0,0.0
2017-04-30,0.6000000000000001,0.0,0.0
2017-05-01,3.1500000000000004,,36.800000000000004
2017-05-02,2.0,,0.0
2017-05-03,2.85,,0.0
2017-05-04,2.0500000000000003,,0.0
2017-05-05,3.8000000000000003,,19.200000000000003
2017-05-06,0.5,,0.0
2017-05-07,0.0,,0.0
2017-05-08,4.5,,0.0
2017-05-09,2.85,,0.0
2017-05-10,0.8,,0.0
2017-05-11,2.5500000000000003,,0.0
2017-05-12,1.3,,0.0
2017-05-13,0.5,,0.0
2017-05-14,0.5,,24.0
2017-05-15,2.6,,0.0
2017-05-16,2.6500000000000004,,0.0
2017-05-17,3.5500000000000003,,20.400000000000002
2017-05-18,4.8500000000000005,,40.0
2017-05-19,5.0,,0.0
2017-05-20,1.6,,0.0
2017-05-21,1.1,,0.0
2017-05-22,4.4,,0.0
2017-05-23,2.5500000000000003,,0.0
2017-05-24,0.9,,0.0
2017-05-25,4.8500000000000005,,20.0
2017-05-26,3.75,,21.6
2017-05-27,1.1,,0.0
2017-05-28,1.1500000000000001,,0.0
2017-05-29,0.0,,0.0
2017-05-30,4.0,,0.0
2017-05-31,1.3,,19.6
2017-06-01,3.45,0.0,39.99
2017-06-02,1.8,0.0,0.0
2017-06-03,1.6,0.0,0.0
2017-06-04,0.5,0.0,0.0
2017-06-05,3.2,0.0,0.0
2017-06-06,3.35,0.0,0.0
2017-06-07,3.4000000000000004,0.0,0.0
2017-06-08,3.6500000000000004,0.0,0.0
2017-06-09,2.9000000000000004,0.0,0.0
2017-06-10,1.05,0.0,0.0
2017-06-11,0.55,0.0,0.0
2017-06-12,3.6,0.0,0.0
2017-06-13,2.7,0.0,0.0
2017-06-14,2.5500000000000003,0.0,0.0
2017-06-15,1.75,0.0,40.85
2017-06-16,3.1500000000000004,0.0,0.0
2017-06-17,0.8,0.0,0.0
2017-06-18,0.5,0.0,0.0
2017-06-19,3.85,0.0,38.7
2017-06-20,3.0500000000000003,0.0,0.0
2017-06-21,1.85,0.0,0.0
2017-06-22,5.0,0.0,0.0
2017-06-23,2.1,0.0,0.0
2017-06-24,0.75,0.0,0.0
2017-06-25,1.05,0.0,0.0
2017-06-26,2.6,0.0,0.0
2017-06-27,2.45,0.0,0.0
2017-06-28,4.3500000000000005,0.0,0.0
2017-06-29,2.95,0.0,0.0
2017-06-30,2.8000000000000003,0.0,43.0
2017-07-01,1.2,,0.0
2017-07-02,0.4,,0.0
2017-07-03,1.84,,0.0
2017-07-04,0.4,,0.0
2017-07-05,1.8,,0.0
2017-07-06,1.72,,0.0
2017-07-07,2.4,,10.2
2017-07-08,1.16,,0.0
2017-07-09,0.4,,0.0
2017-07-10,1.68,,0.0
2017-07-11,2.68,,0.0
2017-07-12,4.0,,0.0
2017-07-13,3.4,,0.0
2017-07-14,2.08,,0.0
2017-07-15,0.4,,0.0
2017-07-16,0.4,,0.0
2017-07-17,1.72,,0.0
2017-07-18,2.04,,0.0
2017-07-19,2.68,,0.0
2017-07-20,1.0,,0.0
2017-07-21,1.72,,0.0
2017-07-22,0.4,,0.0
2017-07-23,0.4,,0.0
2017-07-24,3.0,,0.0
2017-07-25,2.68,,0.0
2017-07-26,2.68,,10.08
2017-07-27,2.36,,0.0
2017-07-28,2.72,,0.0
2017-07-29,2.72,,0.0
2017-07-30,0.8,,12.0
2017-07-31,2.36,,0.0
2017-08-01,3.25,0.0,0.0
2017-08-02,2.85,0.0,12.88
2017-08-03,4.25,0.0,0.0
2017-08-04,5.0,0.0,0.0
2017-08-05,0.35000000000000003,0.0,0.0
2017-08-06,0.35000000000000003,0.0,0.0
2017-08-07,2.95,0.0,0.0
2017-08-08,2.6,0.0,0.0
2017-08-09,1.8,0.0,0.0
2017-08-10,1.55,0.0,28.000000000000004
2017-08-11,3.75,0.0,0.0
2017-08-12,1.4000000000000001,0.0,0.0
2017-08-13,0.0,0.0,0.0
2017-08-14,1.55,0.0,0.0
2017-08-15,1.5,0.0,0.0
2017-08-16,1.55,0.0,0.0
2017-08-17,2.45,0.0,0.0
2017-08-18,0.30000000000000004,0.0,0.0
2017-08-19,1.1,0.0,0.0
2017-08-20,1.05,0.0,0.0
2017-08-21,0.8500000000000001,0.0,0.0
2017-08-22,2.1,0.0,0.0
2017-08-23,0.9,46.980000000000004,0.0
2017-08-24,1.5,0.0,0.0
2017-08-25,0.9500000000000001,0.0,0.0
2017-08-26,0.35000000000000003,54.0,0.0
2017-08-27,0.0,0.0,0.0
2017-08-28,0.6000000000000001,0.0,0.0
2017-08-29,1.5,0.0,0.0
2017-08-30,1.2000000000000002,0.0,0.0
2017-08-31,1.4500000000000002,0.0,0.0
2017-09-01,2.75,,0.0
2017-09-02,1.05,,0.0
2017-09-03,0.35000000000000003,,0.0
2017-09-04,0.35000000000000003,,0.0
2017-09-05,0.8500000000000001,,0.0
2017-09-06,1.1500000000000001,,0.0
2017-09-07,1.75,,0.0
2017-09-08,2.6500000000000004,,0.0
2017-09-09,0.35000000000000003,,0.0
2017-09-10,0.35000000000000003,,0.0
2017-09-11,1.75,,0.0
2017-09-12,2.9000000000000004,,0.0
2017-09-13,2.35,,0.0
2017-09-14,3.0,,0.0
2017-09-15,2.7,,0.0
2017-09-16,0.35000000000000003,,0.0
2017-09-17,0.35000000000000003,,0.0
2017-09-18,2.35,,0.0
2017-09-19,2.6,,17.0
2017-09-20,5.0,,0.0
2017-09-21,3.25,,0.0
2017-09-22,3.35,,0.0
2017-09-23,1.05,,0.0
2017-09-24,0.35000000000000003,,0.0
2017-09-25,2.35,,0.0
2017-09-26,1.1500000000000001,,0.0
2017-09-27,2.35,,0.0
2017-09-28,1.5,,0.0
2017-09-29,2.15,,0.0
2017-09-30,0.7000000000000001,,0.0
2017-10-01,0.9500000000000001,0.0,0.0
2017-10-02,3.2,0.0,0.0
2017-10-03,2.75,0.0,0.0
2017-10-04,3.35,0.0,0.0
2017-10-05,3.75,0.0,0.0
2017-10-06,2.6,0.0,0.0
2017-10-07,1.2000000000000002,0.0,0.0
2017-10-08,0.45,0.0,0.0
2017-10-09,3.3000000000000003,0.0,0.0
2017-10-10,4.95,0.0,0.0
2017-10-11,2.5500000000000003,0.0,0.0
2017-10-12,3.7,0.0,0.0
2017-10-13,1.8,0.0,0.0
2017-10-14,0.9500000000000001,0.0,0.0
2017-10-15,0.7000000000000001,0.0,0.0
2017-10-16,2.5500000000000003,0.0,0.0
2017-10-17,3.5500000000000003,0.0,0.0
2017-10-18,4.1000000000000005,0.0,0.0
2017-10-19,1.2000000000000002,0.0,0.0
2017-10-20,3.7,0.0,0.0
2017-10-21,1.2000000000000002,0.0,0.0
2017-10-22,1.85,0.0,0.0
2017-10-23,2.5500000000000003,0.0,0.0
2017-10-24,4.1000000000000005,0.0,0.0
2017-10-25,2.5500000000000003,0.0,0.0
2017-10-26,1.9500000000000002,0.0,32.0
2017-10-27,1.6500000000000001,0.0,0.0
2017-10-28,0.7000000000000001,0.0,0.0
2017-10-29,1.4000000000000001,0.0,0.0
2017-10-30,4.25,0.0,0.0
2017-10-31,5.0,0.0,0.0
2017-11-01,2.16,,0.0
2017-11-02,0.6,,0.0
2017-11-03,2.16,,0.0
2017-11-04,0.36,,0.0
2017-11-05,1.04,,0.0
2017-11-06,1.76,,0.0
2017-11-07,2.96,,0.0
2017-11-08,2.68,,0.0
2017-11-09,2.4,,0.0
2017-11-10,1.28,,0.0
2017-11-11,0.0,,0.0
2017-11-12,0.36,,0.0
2017-11-13,2.08,,0.0
2017-11-14,0.88,,33.0
2017-11-15,0.6,,0.0
2017-11-16,0.88,,0.0
2017-11-17,4.0,,0.0
2017-11-18,0.72,,0.0
2017-11-19,0.0,,0.0
2017-11-20,2.16,,0.0
2017-11-21,0.6,,0.0
2017-11-22,1.0,,0.0
2017-11-23,1.84,,0.0
2017-11-24,1.04,,0.0
2017-11-25,0.0,,0.0
2017-11-26,0.36,,0.0
2017-11-27,1.68,,31.35
2017-11-28,1.16,,0.0
2017-11-29,3.56,,0.0
2017-11-30,1.48,,0.0
2017-12-01,1.9000000000000001,0.0,0.0
2017-12-02,0.4,0.0,0.0
2017-12-03,0.35000000000000003,0.0,0.0
2017-12-04,2.5,0.0,0.0
2017-12-05,3.6500000000000004,0.0,18.92
2017-12-06,1.85,0.0,0.0
2017-12-07,2.8000000000000003,0.0,0.0
2017-12-08,4.5,0.0,20.02
2017-12-09,1.1500000000000001,0.0,0.0
2017-12-10,0.75,0.0,0.0
2017-12-11,1.85,0.0,0.0
2017-12-12,2.15,0.0,0.0
2017-12-13,2.2,0.0,0.0
2017-12-14,2.25,0.0,0.0
2017-12-15,5.0,0.0,0.0
2017-12-16,1.9000000000000001,0.0,0.0
2017-12-17,1.5,0.0,0.0
2017-12-18,2.9000000000000004,0.0,0.0
2017-12-19,2.3000000000000003,0.0,20.24
2017-12-20,3.35,0.0,0.0
2017-12-21,2.8000000000000003,0.0,0.0
2017-12-22,2.5500000000000003,0.0,0.0
2017-12-23,2.8000000000000003,0.0,0.0
2017-12-24,0.4,0.0,0.0
2017-12-25,0.45,0.0,0.0
2017-12-26,3.0500000000000003,0.0,0.0
2017-12-27,3.9000000000000004,0.0,0.0
2017-12-28,2.5,0.0,0.0
2017-12-29,1.8,36.0,22.0
2017-12-30,0.4,0.0,0.0
2017-12-31,1.1500000000000001,0.0,0.0
2018-01-01,0.42000000000000004,,0.0
2018-01-02,3.0100000000000002,,0.0
2018-01-03,3.99,,0.0
2018-01-04,3.99,,0.0
2018-01-05,4.130000000000001,,0.0
2018-01-06,0.42000000000000004,,0.0
2018-01-07,1.6800000000000002,,0.0
2018-01-08,5.6000000000000005,,0.0
2018-01-09,2.45,,0.0
2018-01-10,2.87,,0.0
2018-01-11,1.8200000000000003,,0.0
2018-01-12,2.9400000000000004,,0.0
2018-01-13,1.2600000000000002,,0.0
2018-01-14,0.0,,0.0
2018-01-15,0.77,,19.61
2018-01-16,2.45,,0.0
2018-01-17,4.2,,0.0
2018-01-18,3.22,,0.0
2018-01-19,2.5200000000000005,,19.61
2018-01-20,2.1,,0.0
2018-01-21,0.0,,0.0
2018-01-22,1.7500000000000002,,0.0
2018-01-23,2.8000000000000003,,0.0
2018-01-24,2.1700000000000004,,37.0
2018-01-25,3.1500000000000004,,0.0
2018-01-26,4.69,,18.87
2018-01-27,2.9400000000000004,,0.0
2018-01-28,0.42000000000000004,,0.0
2018-01-29,4.48,,0.0
2018-01-30,6.23,,0.0
2018-01-31,7.000000000000001,,18.13
2018-02-01,3.0100000000000002,,0.0
2018-02-02,3.43,,29.580000000000002
2018-02-03,2.24,,0.0
2018-02-04,0.9100000000000001,,0.0
2018-02-05,5.8100000000000005,,27.880000000000003
2018-02-06,6.23,,0.0
2018-02-07,5.880000000000001,,0.0
2018-02-08,5.180000000000001,,0.0
2018-02-09,2.66,,0.0
2018-02-10,2.66,,0.0
2018-02-11,0.9100000000000001,,0.0
2018-02-12,7.000000000000001,,28.560000000000002
2018-02-13,3.7100000000000004,,0.0
2018-02-14,3.0100000000000002,,28.900000000000002
2018-02-15,3.7800000000000002,,0.0
2018-02-16,5.040000000000001,,0.0
2018-02-17,2.7300000000000004,,0.0
2018-02-18,0.42000000000000004,,0.0
2018-02-19,1.1900000000000002,,0.0
2018-02-20,2.24,,0.0
2018-02-21,3.3600000000000003,,0.0
2018-02-22,3.0100000000000002,,0.0
2018-02-23,3.0100000000000002,,0.0
2018-02-24,1.33,,34.0
2018-02-25,0.0,,0.0
2018-02-26,3.3600000000000003,,0.0
2018-02-27,3.2900000000000005,,0.0
2018-02-28,4.760000000000001,,0.0
2018-03-01,3.0500000000000003,,0.0
2018-03-02,3.35,,0.0
2018-03-03,0.9,,0.0
2018-03-04,0.9,,29.759999999999998
2018-03-05,3.5,,0.0
2018-03-06,2.95,,24.8
2018-03-07,5.0,,24.8
2018-03-08,3.0,,0.0
2018-03-09,4.800000000000001,,25.73
2018-03-10,2.6500000000000004,,0.0
2018-03-11,0.9,,0.0
2018-03-12,3.0,,0.0
2018-03-13,4.1000000000000005,,0.0
2018-03-14,3.75,,0.0
2018-03-15,1.5,,0.0
2018-03-16,3.45,,0.0
2018-03-17,1.55,,0.0
2018-03-18,0.9,,31.0
2018-03-19,2.25,,0.0
2018-03-20,2.8000000000000003,,0.0
2018-03-21,1.85,,0.0
2018-03-22,2.25,,0.0
2018-03-23,2.5500000000000003,,0.0
2018-03-24,0.9,,0.0
2018-03-25,0.0,,0.0
2018-03-26,4.25,,0.0
2018-03-27,3.3000000000000003,,0.0
2018-03-28,2.5500000000000003,,0.0
2018-03-29,2.15,,0.0
2018-03-30,1.6500000000000001,,0.0
2018-03-31,1.4000000000000001,,0.0
2018-04-01,1.25,,0.0
2018-04-02,3.35,,0.0
2018-04-03,3.4000000000000004,,0.0
2018-04-04,4.45,,0.0
2018-04-05,2.25,,0.0
2018-04-06,3.1500000000000004,,0.0
2018-04-07,1.2000000000000002,,0.0
2018-04-08,1.4000000000000001,,0.0
2018-04-09,2.6,,31.16
2018-04-10,2.2,,0.0
2018-04-11,3.8000000000000003,,0.0
2018-04-12,3.45,,0.0
2018-04-13,1.6500000000000001,,0.0
2018-04-14,0.9500000000000001,,0.0
2018-04-15,0.45,,0.0
2018-04-16,2.1,,0.0
2018-04-17,2.4000000000000004,,0.0
2018-04-18,5.0,,0.0
2018-04-19,2.85,,0.0
2018-04-20,2.9000000000000004,,0.0
2018-04-21,1.4500000000000002,,0.0
2018-04-22,0.9500000000000001,,38.0
2018-04-23,2.95,,0.0
2018-04-24,2.35,,0.0
2018-04-25,1.9500000000000002,,0.0
2018-04-26,3.4000000000000004,,0.0
2018-04-27,2.6500000000000004,,0.0
2018-04-28,1.0,,0.0
2018-04-29,0.75,,0.0
2018-04-30,1.8,,0.0
2018-05-01,6.0,,40.85
2018-05-02,3.36,,0.0
2018-05-03,3.36,,0.0
2018-05-04,1.56,,0.0
2018-05-05,1.5,,0.0
2018-05-06,1.14,,0.0
2018-05-07,4.859999999999999,,0.0
2018-05-08,1.7999999999999998,,0.0
2018-05-09,2.16,,0.0
2018-05-10,0.96,,0.0
2018-05-11,3.12,,0.0
2018-05-12,1.5,,0.0
2018-05-13,0.36,,0.0
2018-05-14,2.52,,0.0
2018-05-15,1.2,,0.0
2018-05-16,3.36,,0.0
2018-05-17,1.8599999999999999,,42.57
2018-05-18,2.52,,43.0
2018-05-19,1.14,,0.0
2018-05-20,0.36,,0.0
2018-05-21,2.76,,0.0
2018-05-22,1.5,,0.0
2018-05-23,1.56,,0.0
2018-05-24,2.28,,0.0
2018-05-25,1.68,,0.0
2018-05-26,0.42,,0.0
2018-05-27,0.0,,0.0
2018-05-28,0.0,,0.0
2018-05-29,3.7199999999999998,,0.0
2018-05-30,1.8599999999999999,,0.0
2018-05-31,2.58,,0.0
2018-06-01,3.6,0.0,0.0
2018-06-02,2.15,0.0,0.0
2018-06-03,0.0,0.0,0.0
2018-06-04,0.7000000000000001,0.0,21.85
2018-06-05,1.05,0.0,0.0
2018-06-06,1.8,0.0,22.080000000000002
2018-06-07,3.5500000000000003,0.0,0.0
2018-06-08,2.6,0.0,0.0
2018-06-09,0.8500000000000001,0.0,0.0
2018-06-10,0.45,0.0,0.0
2018-06-11,1.7000000000000002,0.0,0.0
2018-06-12,5.0,0.0,0.0
2018-06-13,2.6500000000000004,0.0,0.0
2018-06-14,1.4500000000000002,0.0,0.0
2018-06-15,2.6,0.0,23.0
2018-06-16,0.45,0.0,0.0
2018-06-17,0.0,0.0,0.0
2018-06-18,2.5,0.0,0.0
2018-06-19,1.75,0.0,0.0
2018-06-20,2.5,0.0,0.0
2018-06-21,1.8,0.0,0.0
2018-06-22,2.95,0.0,0.0
2018-06-23,0.8500000000000001,0.0,0.0
2018-06-24,1.25,0.0,0.0
2018-06-25,2.5,0.0,0.0
2018-06-26,2.15,0.0,0.0
2018-06-27,1.8,0.0,22.080000000000002
2018-06-28,3.25,0.0,0.0
2018-06-29,1.1500000000000001,0.0,0.0
2018-06-30,0.4,0.0,0.0
2018-07-01,0.36,,0.0
2018-07-02,0.6599999999999999,,14.840000000000002
2018-07-03,1.3199999999999998,,0.0
2018-07-04,1.8599999999999999,,0.0
2018-07-05,1.38,,0.0
2018-07-06,2.88,,0.0
2018-07-07,0.0,,0.0
2018-07-08,0.0,,0.0
2018-07-09,1.8599999999999999,,0.0
2018-07-10,2.46,,0.0
2018-07-11,5.46,,28.000000000000004
2018-07-12,4.26,,0.0
2018-07-13,4.02,,0.0
2018-07-14,2.28,,0.0
2018-07-15,0.72,,0.0
2018-07-16,1.92,,0.0
2018-07-17,1.26,,0.0
2018-07-18,1.98,,0.0
2018-07-19,1.98,,0.0
2018-07-20,2.34,,0.0
2018-07-21,1.5,,0.0
2018-07-22,0.0,,0.0
2018-07-23,1.56,,0.0
2018-07-24,1.92,,0.0
2018-07-25,2.52,,14.840000000000002
2018-07-26,2.58,,0.0
2018-07-27,3.96,,0.0
2018-07-28,1.14,,0.0
2018-07-29,0.0,,0.0
2018-07-30,1.6199999999999999,,0.0
2018-07-31,6.0,,0.0
2018-08-01,3.6,,0.0
2018-08-02,4.72,,0.0
2018-08-03,4.16,,0.0
2018-08-04,0.48,,0.0
2018-08-05,1.44,,0.0
2018-08-06,4.88,,0.0
2018-08-07,4.4,,0.0
2018-08-08,5.28,,0.0
2018-08-09,3.2800000000000002,,17.0
2018-08-10,4.5600000000000005,,0.0
2018-08-11,1.44,,0.0
2018-08-12,0.0,,0.0
2018-08-13,4.8,,17.0
2018-08-14,7.36,,0.0
2018-08-15,4.48,,0.0
2018-08-16,5.76,,0.0
2018-08-17,4.88,,0.0
2018-08-18,0.96,,0.0
2018-08-19,1.44,,0.0
2018-08-20,4.08,,0.0
2018-08-21,4.88,,0.0
2018-08-22,2.88,,0.0
2018-08-23,4.16,,0.0
2018-08-24,4.16,,0.0
2018-08-25,0.96,,0.0
2018-08-26,2.4,,0.0
2018-08-27,8.0,,0.0
2018-08-28,7.2,,0.0
2018-08-29,2.4,,0.0
2018-08-30,4.4,,16.66
2018-08-31,2.08,,0.0
2018-09-01,0.78,,0.0
2018-09-02,0.54,,0.0
2018-09-03,1.02,,0.0
2018-09-04,4.32,,0.0
2018-09-05,4.5,,0.0
2018-09-06,2.94,,0.0
2018-09-07,3.6599999999999997,,0.0
2018-09-08,1.5,,0.0
2018-09-09,1.44,,0.0
2018-09-10,3.1799999999999997,,0.0
2018-09-11,2.76,,0.0
2018-09-12,3.54,,27.39
2018-09-13,3.84,,0.0
2018-09-14,3.48,,0.0
2018-09-15,1.7999999999999998,,0.0
2018-09-16,1.02,,0.0
2018-09-17,3.42,,0.0
2018-09-18,4.859999999999999,,0.0
2018-09-19,2.82,,0.0
2018-09-20,2.76,,0.0
2018-09-21,6.0,,0.0
2018-09-22,1.3199999999999998,,0.0
2018-09-23,1.7999999999999998,,33.0
2018-09-24,4.08,,0.0
2018-09-25,2.58,,27.39
2018-09-26,3.0,,0.0
2018-09-27,2.82,,0.0
2018-09-28,3.96,,0.0
2018-09-29,1.56,,0.0
2018-09-30,0.0,,0.0
2018-10-01,5.670000000000001,,0.0
2018-10-02,1.54,,0.0
2018-10-03,7.000000000000001,,0.0
2018-10-04,6.0200000000000005,,0.0
2018-10-05,5.11,,0.0
2018-10-06,2.1700000000000004,,0.0
2018-10-07,1.1900000000000002,,0.0
2018-10-08,4.48,,0.0
2018-10-09,5.460000000000001,,0.0
2018-10-10,3.1500000000000004,,0.0
2018-10-11,6.930000000000001,,0.0
2018-10-12,6.65,,0.0
2018-10-13,1.61,,0.0
2018-10-14,2.5900000000000003,,0.0
2018-10-15,3.7100000000000004,,35.69
2018-10-16,6.090000000000001,,36.12
2018-10-17,4.970000000000001,,35.69
2018-10-18,5.11,,36.55
2018-10-19,5.250000000000001,,0.0
2018-10-20,1.8900000000000001,,0.0
2018-10-21,1.54,,0.0
2018-10-22,4.2,,0.0
2018-10-23,3.43,,35.26
2018-10-24,4.62,,0.0
2018-10-25,5.040000000000001,,0.0
2018-10-26,5.53,,0.0
2018-10-27,1.61,,43.0
2018-10-28,0.6300000000000001,,0.0
2018-10-29,4.9,,0.0
2018-10-30,6.86,,0.0
2018-10-31,4.130000000000001,,37.41
2018-11-01,3.96,0.0,14.56
2018-11-02,2.94,0.0,0.0
2018-11-03,0.48,0.0,0.0
2018-11-04,0.48,0.0,0.0
2018-11-05,3.78,0.0,12.48
2018-11-06,5.279999999999999,0.0,0.0
2018-11-07,5.1,0.0,0.0
2018-11-08,3.5999999999999996,0.0,0.0
2018-11-09,5.04,0.0,0.0
2018-11-10,1.5,0.0,0.0
2018-11-11,0.96,0.0,0.0
2018-11-12,3.78,0.0,0.0
2018-11-13,4.5,0.0,0.0
2018-11-14,3.36,0.0,0.0
2018-11-15,4.56,0.0,0.0
2018-11-16,5.22,0.0,0.0
2018-11-17,0.48,0.0,0.0
2018-11-18,1.98,0.0,0.0
2018-11-19,2.1,0.0,0.0
2018-11-20,4.26,0.0,0.0
2018-11-21,4.56,0.0,15.040000000000001
2018-11-22,1.02,0.0,0.0
2018-11-23,0.48,0.0,0.0
2018-11-24,0.0,0.0,0.0
2018-11-25,0.48,69.0,16.0
2018-11-26,0.78,0.0,0.0
2018-11-27,6.0,0.0,13.280000000000001
2018-11-28,1.2,0.0,0.0
2018-11-29,2.88,0.0,0.0
2018-11-30,2.82,0.0,0.0
2018-12-01,3.0,,0.0
2018-12-02,1.0,,0.0
2018-12-03,4.0,,0.0
2018-12-04,3.75,,0.0
2018-12-05,3.1500000000000004,,0.0
2018-12-06,3.45,,0.0
2018-12-07,3.3000000000000003,,0.0
2018-12-08,0.75,,0.0
2018-12-09,0.5,,0.0
2018-12-10,3.0,,0.0
2018-12-11,2.8000000000000003,,0.0
2018-12-12,5.0,,0.0
2018-12-13,3.5,,0.0
2018-12-14,1.9000000000000001,,0.0
2018-12-15,1.6,,0.0
2018-12-16,1.05,,0.0
2018-12-17,2.4000000000000004,,0.0
2018-12-18,3.35,,0.0
2018-12-19,4.25,,25.76
2018-12-20,2.75,,0.0
2018-12-21,3.0500000000000003,,0.0
2018-12-22,1.35,,0.0
2018-12-23,0.8,,0.0
2018-12-24,2.4000000000000004,,0.0
2018-12-25,0.6000000000000001,,0.0
2018-12-26,3.8000000000000003,,0.0
2018-12-27,4.3,,0.0
2018-12-28,3.35,,0.0
2018-12-29,1.3,,0.0
2018-12-30,0.8,,0.0
2018-12-31,2.15,,28.000000000000004
2019-01-01,1.92,,0.0
2019-01-02,2.6399999999999997,,0.0
2019-01-03,3.54,,0.0
2019-01-04,2.28,,0.0
2019-01-05,0.0,,0.0
2019-01-06,0.72,,0.0
2019-01-07,3.12,,0.0
2019-01-08,2.46,,0.0
2019-01-09,1.56,,37.0
2019-01-10,2.46,,0.0
2019-01-11,3.54,,0.0
2019-01-12,0.36,,0.0
2019-01-13,0.36,,0.0
2019-01-14,2.46,,0.0
2019-01-15,2.76,,0.0
2019-01-16,3.6599999999999997,,0.0
2019-01-17,1.7999999999999998,,0.0
2019-01-18,5.279999999999999,,36.63
2019-01-19,0.36,,0.0
2019-01-20,0.0,,0.0
2019-01-21,0.6599999999999999,,0.0
2019-01-22,2.6999999999999997,,0.0
2019-01-23,2.1,,0.0
2019-01-24,3.5999999999999996,,0.0
2019-01-25,3.12,,37.0
2019-01-26,1.08,,0.0
2019-01-27,0.72,,0.0
2019-01-28,3.6599999999999997,,0.0
2019-01-29,6.0,,35.519999999999996
2019-01-30,3.5999999999999996,,0.0
2019-01-31,2.4,,0.0
2019-02-01,5.7,,0.0
2019-02-02,4.68,,0.0
2019-02-03,1.02,,0.0
2019-02-04,1.68,,36.9
2019-02-05,4.74,,0.0
2019-02-06,3.42,,0.0
2019-02-07,4.62,,0.0
2019-02-08,3.42,,38.25
2019-02-09,1.56,,0.0
2019-02-10,1.5,,0.0
2019-02-11,2.88,,36.45
2019-02-12,5.04,,0.0
2019-02-13,3.9,,0.0
2019-02-14,1.3199999999999998,,0.0
2019-02-15,5.9399999999999995,,0.0
2019-02-16,0.54,,45.0
2019-02-17,1.02,,0.0
2019-02-18,1.7999999999999998,,39.6
2019-02-19,3.06,,0.0
2019-02-20,3.84,,0.0
2019-02-21,3.06,,38.25
2019-02-22,4.38,,0.0
2019-02-23,2.04,,0.0
2019-02-24,0.54,,0.0
2019-02-25,2.94,,0.0
2019-02-26,6.0,,37.800000000000004
2019-02-27,2.1,,37.35
2019-02-28,3.84,,0.0
2019-03-01,2.7,,
2019-03-02,1.2000000000000002,,
2019-03-03,0.0,,
2019-03-04,3.7,,
2019-03-05,2.35,,
2019-03-06,2.95,,
2019-03-07,2.0500000000000003,,
2019-03-08,3.2,,
2019-03-09,1.6500000000000001,,
2019-03-10,0.8,,
2019-03-11,1.7000000000000002,,
2019-03-12,3.0500000000000003,,
2019-03-13,3.75,,
2019-03-14,3.75,,
2019-03-15,2.1,,
2019-03-16,0.8500000000000001,,
2019-03-17,0.8500000000000001,,
2019-03-18,1.75,,
2019-03-19,4.45,,
2019-03-20,2.45,,
2019-03-21,1.05,,
2019-03-22,5.0,,
2019-03-23,0.0,,
2019-03-24,1.9000000000000001,,
2019-03-25,3.45,,
2019-03-26,0.7000000000000001,,
2019-03-27,3.5500000000000003,,
2019-03-28,2.4000000000000004,,
2019-03-29,2.5,,
2019-03-30,0.8,,
2019-03-31,0.8,,
2019-04-01,2.34,,0.0
2019-04-02,1.98,,0.0
2019-04-03,2.4,,0.0
2019-04-04,3.96,,0.0
2019-04-05,4.14,,36.660000000000004
2019-04-06,0.48,,0.0
2019-04-07,0.72,,0.0
2019-04-08,4.38,,0.0
2019-04-09,3.1799999999999997,,0.0
2019-04-10,2.16,,0.0
2019-04-11,2.58,,0.0
2019-04-12,3.48,,0.0
2019-04-13,0.96,,0.0
2019-04-14,1.92,,0.0
2019-04-15,1.98,,35.1
2019-04-16,3.06,,0.0
2019-04-17,4.92,,0.0
2019-04-18,6.0,,0.0
2019-04-19,3.12,,39.0
2019-04-20,1.02,,0.0
2019-04-21,0.54,,0.0
2019-04-22,4.2,,0.0
2019-04-23,3.54,,0.0
2019-04-24,3.48,,0.0
2019-04-25,4.32,,34.71
2019-04-26,2.6399999999999997,,0.0
2019-04-27,2.16,,0.0
2019-04-28,1.44,,0.0
2019-04-29,4.8,,0.0
2019-04-30,5.1,,0.0
2019-05-01,3.0,0.0,0.0
2019-05-02,2.95,0.0,0.0
2019-05-03,4.4,0.0,0.0
2019-05-04,0.0,0.0,0.0
2019-05-05,0.5,0.0,0.0
2019-05-06,4.3,0.0,0.0
2019-05-07,4.5,0.0,0.0
2019-05-08,5.0,0.0,0.0
2019-05-09,2.6,0.0,0.0
2019-05-10,3.8000000000000003,0.0,0.0
2019-05-11,0.8,0.0,0.0
2019-05-12,1.6,0.0,0.0
2019-05-13,4.8500000000000005,0.0,0.0
2019-05-14,4.4,0.0,28.86
2019-05-15,4.4,0.0,28.86
2019-05-16,2.85,0.0,28.86
2019-05-17,2.95,68.0,29.23
2019-05-18,2.2,0.0,0.0
2019-05-19,1.05,0.0,0.0
2019-05-20,2.9000000000000004,0.0,0.0
2019-05-21,2.85,0.0,0.0
2019-05-22,3.1,0.0,0.0
2019-05-23,3.6,0.0,0.0
2019-05-24,2.5500000000000003,0.0,30.34
2019-05-25,1.1,0.0,0.0
2019-05-26,0.55,0.0,37.0
2019-05-27,1.05,0.0,0.0
2019-05-28,2.6500000000000004,0.0,0.0
2019-05-29,3.7,0.0,0.0
2019-05-30,3.7,65.28,0.0
2019-05-31,4.3,0.0,0.0
2019-06-01,0.30000000000000004,,0.0
2019-06-02,0.0,,0.0
2019-06-03,1.3,,23.240000000000002
2019-06-04,3.1500000000000004,,0.0
2019-06-05,1.8,,23.240000000000002
2019-06-06,3.4000000000000004,,0.0
2019-06-07,3.2,,0.0
2019-06-08,0.0,,0.0
2019-06-09,0.30000000000000004,,28.000000000000004
2019-06-10,3.35,,23.240000000000002
2019-06-11,2.35,,0.0
2019-06-12,1.35,,0.0
2019-06-13,1.8,,0.0
2019-06-14,1.6,,0.0
2019-06-15,0.6000000000000001,,0.0
2019-06-16,0.6000000000000001,,0.0
2019-06-17,5.0,,23.8
2019-06-18,2.6,,0.0
2019-06-19,2.6,,0.0
2019-06-20,0.55,,0.0
2019-06-21,2.45,,0.0
2019-06-22,0.65,,0.0
2019-06-23,0.65,,0.0
2019-06-24,3.25,,0.0
2019-06-25,2.15,,0.0
2019-06-26,1.85,,0.0
2019-06-27,2.6,,0.0
2019-06-28,2.2,,0.0
2019-06-29,0.30000000000000004,,0.0
2019-06-30,0.30000000000000004,,0.0
2019-07-01,1.74,0.0,0.0
2019-07-02,2.2199999999999998,0.0,0.0
2019-07-03,3.84,0.0,0.0
2019-07-04,1.26,0.0,0.0
2019-07-05,1.98,0.0,0.0
2019-07-06,1.08,0.0,0.0
2019-07-07,0.72,0.0,12.540000000000001
2019-07-08,1.8599999999999999,0.0,22.0
2019-07-09,1.26,0.0,11.22
2019-07-10,2.34,0.0,0.0
2019-07-11,3.3,0.0,0.0
2019-07-12,3.54,0.0,0.0
2019-07-13,0.54,0.0,0.0
2019-07-14,0.54,0.0,0.0
2019-07-15,2.16,0.0,0.0
2019-07-16,1.56,0.0,0.0
2019-07-17,2.52,0.0,0.0
2019-07-18,1.56,0.0,0.0
2019-07-19,1.5,0.0,0.0
2019-07-20,0.8999999999999999,0.0,12.98
2019-07-21,0.72,0.0,0.0
2019-07-22,1.56,0.0,0.0
2019-07-23,1.8599999999999999,0.0,0.0
2019-07-24,2.6399999999999997,0.0,0.0
2019-07-25,2.28,0.0,0.0
2019-07-26,2.6999999999999997,0.0,11.88
2019-07-27,1.3199999999999998,0.0,0.0
2019-07-28,0.54,0.0,0.0
2019-07-29,4.68,0.0,0.0
2019-07-30,6.0,0.0,0.0
2019-07-31,5.46,0.0,0.0
2019-08-01,6.32,,0.0
2019-08-02,7.68,,0.0
2019-08-03,0.0,,0.0
2019-08-04,1.2,,0.0
2019-08-05,4.8,,0.0
2019-08-06,5.84,,0.0
2019-08-07,3.7600000000000002,,0.0
2019-08-08,5.92,,0.0
2019-08-09,4.8,,0.0
2019-08-10,1.84,,0.0
2019-08-11,0.64,,0.0
2019-08-12,5.68,,54.0
2019-08-13,6.72,,0.0
2019-08-14,8.0,,0.0
2019-08-15,6.24,,0.0
2019-08-16,4.16,,0.0
2019-08-17,1.76,,0.0
2019-08-18,1.84,,0.0
2019-08-19,5.5200000000000005,,0.0
2019-08-20,2.56,,0.0
2019-08-21,5.04,,0.0
2019-08-22,4.64,,0.0
2019-08-23,3.12,,0.0
2019-08-24,0.0,,0.0
2019-08-25,2.4,,0.0
2019-08-26,5.5200000000000005,,0.0
2019-08-27,3.44,,0.0
2019-08-28,5.5200000000000005,,0.0
2019-08-29,6.0,,0.0
2019-08-30,3.92,,0.0
2019-08-31,2.8000000000000003,,0.0
2019-09-01,0.84,,0.0
2019-09-02,1.2,,0.0
2019-09-03,4.26,,0.0
2019-09-04,3.48,,0.0
2019-09-05,3.1799999999999997,,0.0
2019-09-06,2.16,,0.0
2019-09-07,0.42,,0.0
2019-09-08,1.2,,0.0
2019-09-09,4.26,,0.0
2019-09-10,3.54,,0.0
2019-09-11,5.34,,0.0
2019-09-12,3.84,,0.0
2019-09-13,4.9799999999999995,,0.0
2019-09-14,1.74,,0.0
2019-09-15,0.42,,0.0
2019-09-16,2.76,,14.7
2019-09-17,4.859999999999999,,14.85
2019-09-18,3.54,,0.0
2019-09-19,3.5999999999999996,,0.0
2019-09-20,2.1,,0.0
2019-09-21,0.0,,0.0
2019-09-22,0.42,,0.0
2019-09-23,2.6999999999999997,,0.0
2019-09-24,6.0,,15.0
2019-09-25,6.0,,0.0
2019-09-26,4.32,,0.0
2019-09-27,4.68,,0.0
2019-09-28,0.8999999999999999,,0.0
2019-09-29,0.84,,0.0
2019-09-30,3.96,,0.0
2019-10-01,5.040000000000001,,0.0
2019-10-02,3.7100000000000004,,0.0
2019-10-03,1.54,,12.75
2019-10-04,5.250000000000001,,0.0
2019-10-05,1.33,,0.0
2019-10-06,1.33,,0.0
2019-10-07,2.87,,0.0
2019-10-08,2.87,,0.0
2019-10-09,4.760000000000001,,0.0
2019-10-10,4.2,,0.0
2019-10-11,3.6400000000000006,,0.0
2019-10-12,1.05,,0.0
2019-10-13,1.33,,0.0
2019-10-14,2.0300000000000002,,0.0
2019-10-15,2.3800000000000003,,0.0
2019-10-16,2.87,,0.0
2019-10-17,4.69,,13.35
2019-10-18,5.390000000000001,,0.0
2019-10-19,0.77,,0.0
2019-10-20,1.05,,0.0
2019-10-21,3.0100000000000002,,0.0
2019-10-22,4.69,,0.0
2019-10-23,4.550000000000001,,0.0
2019-10-24,3.5000000000000004,,13.049999999999999
2019-10-25,5.880000000000001,,0.0
2019-10-26,1.33,,0.0
2019-10-27,1.7500000000000002,,15.0
2019-10-28,4.9,,0.0
2019-10-29,7.000000000000001,,0.0
2019-10-30,6.790000000000001,,0.0
2019-10-31,3.7800000000000002,,0.0
2019-11-01,4.4399999999999995,,0.0
2019-11-02,1.14,,0.0
2019-11-03,0.54,,0.0
2019-11-04,3.3,,0.0
2019-11-05,6.0,,14.7
2019-11-06,4.14,,14.7
2019-11-07,3.2399999999999998,,30.0
2019-11-08,5.22,,0.0
2019-11-09,1.08,,0.0
2019-11-10,1.08,,0.0
2019-11-11,3.3,,0.0
2019-11-12,2.28,,14.399999999999999
2019-11-13,5.58,,0.0
2019-11-14,4.14,,0.0
2019-11-15,4.2,,0.0
2019-11-16,0.54,,0.0
2019-11-17,0.0,,0.0
2019-11-18,5.1,,0.0
2019-11-19,4.68,,0.0
2019-11-20,5.16,,0.0
2019-11-21,3.78,,0.0
2019-11-22,4.32,,0.0
2019-11-23,0.54,,0.0
2019-11-24,2.6999999999999997,,0.0
2019-11-25,4.74,,0.0
2019-11-26,2.46,,0.0
2019-11-27,3.06,,0.0
2019-11-28,2.16,,17.4
2019-11-29,3.5999999999999996,,0.0
2019-11-30,0.54,,0.0
2019-12-01,0.45,,0.0
2019-12-02,1.8,,0.0
2019-12-03,3.0,,0.0
2019-12-04,4.45,,0.0
2019-12-05,2.35,,10.0
2019-12-06,3.6,,0.0
2019-12-07,0.7000000000000001,,0.0
2019-12-08,0.9,,0.0
2019-12-09,1.75,,0.0
2019-12-10,2.2,,0.0
2019-12-11,3.45,,0.0
2019-12-12,2.75,,0.0
2019-12-13,2.7,,0.0
2019-12-14,0.9500000000000001,,0.0
2019-12-15,1.1500000000000001,,0.0
2019-12-16,5.0,,0.0
2019-12-17,4.8500000000000005,,0.0
2019-12-18,3.8000000000000003,,0.0
2019-12-19,2.8000000000000003,,0.0
2019-12-20,3.35,,0.0
2019-12-21,1.2000000000000002,,0.0
2019-12-22,0.5,,0.0
2019-12-23,2.85,,0.0
2019-12-24,3.25,,0.0
2019-12-25,0.5,,0.0
2019-12-26,3.6500000000000004,,0.0
2019-12-27,3.25,,0.0
2019-12-28,1.1500000000000001,,0.0
2019-12-29,1.1,,0.0
2019-12-30,2.9000000000000004,,0.0
2019-12-31,2.6,,0.0
2020-01-01,0.9800000000000001,,0.0
2020-01-02,3.1500000000000004,,22.8
2020-01-03,1.4000000000000001,,0.0
2020-01-04,0.0,,0.0
2020-01-05,0.6300000000000001,,0.0
2020-01-06,1.61,,0.0
2020-01-07,1.8900000000000001,,0.0
2020-01-08,1.33,,0.0
2020-01-09,4.0600000000000005,,0.0
2020-01-10,2.9400000000000004,,0.0
2020-01-11,1.2600000000000002,,0.0
2020-01-12,0.9100000000000001,,0.0
2020-01-13,1.4700000000000002,,0.0
2020-01-14,3.2900000000000005,,18.96
2020-01-15,4.0600000000000005,,20.64
2020-01-16,3.1500000000000004,,0.0
2020-01-17,1.61,,21.84
2020-01-18,1.54,,0.0
2020-01-19,0.6300000000000001,,24.0
2020-01-20,1.4000000000000001,,0.0
2020-01-21,1.8900000000000001,,0.0
2020-01-22,2.66,,0.0
2020-01-23,3.43,,0.0
2020-01-24,1.8900000000000001,,0.0
2020-01-25,0.9100000000000001,,0.0
2020-01-26,1.4000000000000001,,0.0
2020-01-27,3.5000000000000004,,20.16
2020-01-28,7.000000000000001,,0.0
2020-01-29,6.370000000000001,,0.0
2020-01-30,4.83,,0.0
2020-01-31,4.550000000000001,,0.0
2020-02-01,1.4700000000000002,0.0,0.0
2020-02-02,1.6800000000000002,0.0,0.0
2020-02-03,4.48,0.0,0.0
2020-02-04,6.510000000000001,0.0,0.0
2020-02-05,6.090000000000001,0.0,0.0
2020-02-06,4.2700000000000005,0.0,0.0
2020-02-07,3.2900000000000005,0.0,0.0
2020-02-08,1.05,0.0,0.0
2020-02-09,1.2600000000000002,0.0,0.0
2020-02-10,3.5000000000000004,0.0,0.0
2020-02-11,2.9400000000000004,0.0,0.0
2020-02-12,5.180000000000001,0.0,0.0
2020-02-13,3.7800000000000002,0.0,0.0
2020-02-14,3.0100000000000002,0.0,0.0
2020-02-15,1.05,0.0,0.0
2020-02-16,0.6300000000000001,0.0,0.0
2020-02-17,2.1,0.0,0.0
2020-02-18,3.6400000000000006,0.0,0.0
2020-02-19,3.8500000000000005,0.0,0.0
2020-02-20,4.48,0.0,0.0
2020-02-21,4.0600000000000005,0.0,0.0
2020-02-22,1.61,0.0,0.0
2020-02-23,0.42000000000000004,0.0,0.0
2020-02-24,4.130000000000001,0.0,0.0
2020-02-25,4.2700000000000005,0.0,10.0
2020-02-26,6.580000000000001,0.0,0.0
2020-02-27,6.720000000000001,0.0,0.0
2020-02-28,7.000000000000001,0.0,0.0
2020-02-29,3.22,0.0,0.0
2020-03-01,0.5,,13.0
2020-03-02,8.9,,11.18
2020-03-03,6.9,,0.0
2020-03-04,7.9,,0.0
2020-03-05,6.2,,0.0
2020-03-06,3.5,,0.0
2020-03-07,2.3000000000000003,,0.0
2020-03-08,1.4000000000000001,,0.0
2020-03-09,9.3,,0.0
2020-03-10,5.7,,10.92
2020-03-11,4.2,,10.92
2020-03-12,6.300000000000001,,0.0
2020-03-13,5.4,,0.0
2020-03-14,1.8,,0.0
2020-03-15,1.7000000000000002,,0.0
2020-03-16,5.0,,0.0
2020-03-17,6.4,,0.0
2020-03-18,7.800000000000001,,0.0
2020-03-19,6.9,,11.05
2020-03-20,8.4,,0.0
2020-03-21,3.8000000000000003,,0.0
2020-03-22,4.4,,0.0
2020-03-23,8.5,,0.0
2020-03-24,9.5,,0.0
2020-03-25,10.0,,11.05
2020-03-26,9.9,,0.0
2020-03-27,6.2,,0.0
2020-03-28,1.7000000000000002,,0.0
2020-03-29,1.3,,0.0
2020-03-30,4.7,,0.0
2020-03-31,6.1000000000000005,,0.0
2020-04-01,4.07,0.0,22.1
2020-04-02,4.95,0.0,0.0
2020-04-03,4.73,0.0,0.0
2020-04-04,2.42,0.0,0.0
2020-04-05,0.55,0.0,0.0
2020-04-06,5.94,38.800000000000004,22.1
2020-04-07,6.6,40.0,22.62
2020-04-08,3.74,0.0,0.0
2020-04-09,7.59,0.0,0.0
2020-04-10,5.5,0.0,0.0
2020-04-11,1.43,0.0,26.0
2020-04-12,1.21,0.0,26.0
2020-04-13,4.62,0.0,0.0
2020-04-14,6.16,0.0,21.84
2020-04-15,5.61,0.0,0.0
2020-04-16,4.95,0.0,21.32
2020-04-17,7.81,0.0,0.0
2020-04-18,3.41,0.0,0.0
2020-04-19,1.54,0.0,25.220000000000002
2020-04-20,4.18,0.0,0.0
2020-04-21,4.84,0.0,0.0
2020-04-22,4.29,0.0,0.0
2020-04-23,6.05,0.0,0.0
2020-04-24,7.26,0.0,0.0
2020-04-25,1.98,0.0,0.0
2020-04-26,1.21,0.0,0.0
2020-04-27,5.72,0.0,0.0
2020-04-28,8.58,0.0,21.84
2020-04-29,11.0,0.0,0.0
2020-04-30,6.82,0.0,0.0
2020-05-01,4.62,0.0,0.0
2020-05-02,1.76,0.0,0.0
2020-05-03,0.66,0.0,0.0
2020-05-04,4.18,0.0,0.0
2020-05-05,11.0,0.0,0.0
2020-05-06,8.47,0.0,0.0
2020-05-07,8.8,0.0,0.0
2020-05-08,6.05,0.0,0.0
2020-05-09,2.2,0.0,26.0
2020-05-10,0.77,0.0,0.0
2020-05-11,4.84,0.0,0.0
2020-05-12,5.83,0.0,0.0
2020-05-13,5.5,0.0,0.0
2020-05-14,6.16,0.0,0.0
2020-05-15,5.72,0.0,0.0
2020-05-16,1.87,0.0,0.0
2020-05-17,0.55,0.0,0.0
2020-05-18,6.71,0.0,0.0
2020-05-19,5.83,0.0,0.0
2020-05-20,5.28,0.0,0.0
2020-05-21,4.51,0.0,0.0
2020-05-22,4.4,0.0,0.0
2020-05-23,1.21,0.0,0.0
2020-05-24,1.43,0.0,0.0
2020-05-25,1.32,0.0,0.0
2020-05-26,4.29,0.0,0.0
2020-05-27,4.84,0.0,0.0
2020-05-28,4.84,0.0,0.0
2020-05-29,6.93,0.0,0.0
2020-05-30,2.86,0.0,0.0
2020-05-31,1.87,0.0,0.0
2020-06-01,14.000000000000002,0.0,0.0
2020-06-02,10.64,0.0,0.0
2020-06-03,12.32,28.000000000000004,0.0
2020-06-04,8.540000000000001,0.0,0.0
2020-06-05,10.080000000000002,0.0,0.0
2020-06-06,2.8000000000000003,0.0,0.0
2020-06-07,1.4000000000000001,0.0,0.0
2020-06-08,5.74,0.0,0.0
2020-06-09,6.16,0.0,0.0
2020-06-10,3.9200000000000004,0.0,0.0
2020-06-11,7.420000000000001,0.0,0.0
2020-06-12,7.840000000000001,0.0,0.0
2020-06-13,1.8200000000000003,0.0,23.0
2020-06-14,1.12,0.0,0.0
2020-06-15,8.4,0.0,20.01
2020-06-16,7.000000000000001,0.0,0.0
2020-06-17,8.680000000000001,0.0,0.0
2020-06-18,4.9,0.0,0.0
2020-06-19,6.16,0.0,0.0
2020-06-20,2.9400000000000004,0.0,0.0
2020-06-21,1.12,0.0,0.0
2020-06-22,6.300000000000001,0.0,20.01
2020-06-23,8.4,0.0,0.0
2020-06-24,9.520000000000001,0.0,0.0
2020-06-25,9.520000000000001,0.0,0.0
2020-06-26,5.880000000000001,0.0,0.0
2020-06-27,2.9400000000000004,0.0,0.0
2020-06-28,1.8200000000000003,0.0,0.0
2020-06-29,5.74,0.0,0.0
2020-06-30,9.24,0.0,0.0
2020-07-01,8.680000000000001,0.0,0.0
2020-07-02,13.160000000000002,0.0,0.0
2020-07-03,3.6400000000000006,0.0,0.0
2020-07-04,1.4000000000000001,0.0,0.0
2020-07-05,1.6800000000000002,0.0,0.0
2020-07-06,9.8,0.0,18.200000000000003
2020-07-07,3.3600000000000003,0.0,0.0
2020-07-08,3.9200000000000004,0.0,0.0
2020-07-09,3.9200000000000004,0.0,18.48
2020-07-10,5.880000000000001,0.0,0.0
2020-07-11,1.12,0.0,0.0
2020-07-12,0.8400000000000001,0.0,0.0
2020-07-13,9.520000000000001,0.0,18.48
2020-07-14,7.280000000000001,0.0,18.200000000000003
2020-07-15,10.920000000000002,0.0,18.48
2020-07-16,8.120000000000001,0.0,0.0
2020-07-17,6.44,0.0,0.0
2020-07-18,1.9600000000000002,0.0,0.0
2020-07-19,1.6800000000000002,0.0,0.0
2020-07-20,10.64,0.0,0.0
2020-07-21,10.360000000000001,0.0,0.0
2020-07-22,28.000000000000004,0.0,28.000000000000004
2020-07-23,22.680000000000003,0.0,18.76
2020-07-24,12.600000000000001,0.0,19.040000000000003
2020-07-25,3.9200000000000004,0.0,0.0
2020-07-26,3.3600000000000003,0.0,0.0
2020-07-27,12.600000000000001,0.0,0.0
2020-07-28,20.720000000000002,0.0,18.76
2020-07-29,13.72,0.0,0.0
2020-07-30,11.200000000000001,0.0,18.48
2020-07-31,10.920000000000002,0.0,0.0
2020-08-01,4.14,,0.0
2020-08-02,2.52,,0.0
2020-08-03,12.6,,0.0
2020-08-04,8.82,,0.0
2020-08-05,18.0,,0.0
2020-08-06,14.399999999999999,,0.0
2020-08-07,14.76,,0.0
2020-08-08,4.32,,0.0
2020-08-09,3.78,,0.0
2020-08-10,7.38,,0.0
2020-08-11,11.7,,0.0
2020-08-12,13.68,,0.0
2020-08-13,11.34,,22.950000000000003
2020-08-14,12.059999999999999,,0.0
2020-08-15,3.06,,0.0
2020-08-16,1.6199999999999999,,27.0
2020-08-17,11.879999999999999,,0.0
2020-08-18,9.0,,0.0
2020-08-19,8.82,,0.0
2020-08-20,15.84,,0.0
2020-08-21,10.44,,23.220000000000002
2020-08-22,4.32,,0.0
2020-08-23,4.68,,0.0
2020-08-24,9.0,,21.87
2020-08-25,15.479999999999999,,0.0
2020-08-26,11.16,,22.14
2020-08-27,14.04,,0.0
2020-08-28,13.139999999999999,,0.0
2020-08-29,2.34,,0.0
2020-08-30,0.8999999999999999,,0.0
2020-08-31,6.4799999999999995,,0.0
2020-09-01,14.72,0.0,0.0
2020-09-02,12.0,0.0,18.36
2020-09-03,9.120000000000001,0.0,0.0
2020-09-04,15.040000000000001,0.0,19.439999999999998
2020-09-05,2.88,0.0,0.0
2020-09-06,1.44,0.0,0.0
2020-09-07,2.72,0.0,0.0
2020-09-08,11.040000000000001,0.0,18.0
2020-09-09,9.92,0.0,36.0
2020-09-10,11.68,0.0,0.0
2020-09-11,8.32,0.0,0.0
2020-09-12,2.88,0.0,0.0
2020-09-13,2.72,0.0,0.0
2020-09-14,16.0,0.0,18.0
2020-09-15,13.92,0.0,0.0
2020-09-16,12.8,0.0,0.0
2020-09-17,11.36,0.0,0.0
2020-09-18,12.48,0.0,0.0
2020-09-19,4.8,0.0,0.0
2020-09-20,1.44,0.0,0.0
2020-09-21,9.6,0.0,18.0
2020-09-22,12.96,0.0,0.0
2020-09-23,10.56,0.0,0.0
2020-09-24,14.08,0.0,18.0
2020-09-25,6.88,0.0,20.52
2020-09-26,3.04,0.0,0.0
2020-09-27,1.44,0.0,0.0
2020-09-28,11.040000000000001,0.0,0.0
2020-09-29,10.08,0.0,0.0
2020-09-30,8.0,0.0,0.0
2020-10-01,9.69,32.0,41.0
2020-10-02,8.17,0.0,0.0
2020-10-03,2.85,0.0,0.0
2020-10-04,0.95,0.0,0.0
2020-10-05,10.07,0.0,0.0
2020-10-06,8.93,0.0,0.0
2020-10-07,8.36,0.0,0.0
2020-10-08,10.45,0.0,0.0
2020-10-09,9.31,0.0,0.0
2020-10-10,3.61,0.0,0.0
2020-10-11,1.52,0.0,0.0
2020-10-12,6.2700000000000005,0.0,0.0
2020-10-13,15.01,0.0,0.0
2020-10-14,14.06,0.0,0.0
2020-10-15,12.16,0.0,0.0
2020-10-16,17.48,0.0,0.0
2020-10-17,6.84,0.0,0.0
2020-10-18,3.04,0.0,0.0
2020-10-19,19.0,0.0,0.0
2020-10-20,12.35,0.0,0.0
2020-10-21,10.64,0.0,0.0
2020-10-22,8.74,0.0,0.0
2020-10-23,11.02,0.0,0.0
2020-10-24,4.5600000000000005,0.0,0.0
2020-10-25,2.47,0.0,0.0
2020-10-26,12.540000000000001,0.0,0.0
2020-10-27,17.29,0.0,0.0
2020-10-28,16.15,0.0,0.0
2020-10-29,13.870000000000001,0.0,0.0
2020-10-30,8.55,0.0,0.0
2020-10-31,3.8,0.0,0.0
2020-11-01,1.23,0.0,0.0
2020-11-02,4.92,0.0,0.0
2020-11-03,6.1499999999999995,0.0,0.0
2020-11-04,3.28,0.0,0.0
2020-11-05,4.1,0.0,60.0
2020-11-06,4.1,0.0,0.0
2020-11-07,1.23,0.0,0.0
2020-11-08,0.41,0.0,42.0
2020-11-09,41.0,0.0,39.0
2020-11-10,25.009999999999998,0.0,0.0
2020-11-11,15.17,0.0,39.6
2020-11-12,15.17,0.0,0.0
2020-11-13,10.66,0.0,0.0
2020-11-14,3.28,0.0,0.0
2020-11-15,2.05,0.0,0.0
2020-11-16,15.579999999999998,0.0,39.0
2020-11-17,15.989999999999998,0.0,39.6
2020-11-18,19.68,0.0,40.199999999999996
2020-11-19,14.76,0.0,0.0
2020-11-20,16.4,0.0,41.4
2020-11-21,4.1,0.0,0.0
2020-11-22,2.8699999999999997,0.0,0.0
2020-11-23,13.94,0.0,40.8
2020-11-24,15.17,0.0,0.0
2020-11-25,9.84,0.0,0.0
2020-11-26,2.8699999999999997,0.0,0.0
2020-11-27,9.43,0.0,0.0
2020-11-28,4.51,0.0,0.0
2020-11-29,2.46,0.0,0.0
2020-11-30,12.709999999999999,32.0,37.8
2020-12-01,75.0,,0.0
2020-12-02,100.0,,100.0
2020-12-03,92.0,,0.0
