Date,TSLA,"Tesla, Inc.","Tesla,"
2015-01-01,0.9800000000000001,,0.0
2015-01-02,4.130000000000001,,0.0
2015-01-03,0.56,,0.0
2015-01-04,0.7000000000000001,,19.0
2015-01-05,1.9600000000000002,,0.0
2015-01-06,1.9600000000000002,,0.0
2015-01-07,2.3800000000000003,,0.0
2015-01-08,2.9400000000000004,,0.0
2015-01-09,3.2900000000000005,,0.0
2015-01-10,0.56,,0.0
2015-01-11,0.9100000000000001,,0.0
2015-01-12,3.2900000000000005,,15.01
2015-01-13,4.83,,0.0
2015-01-14,7.000000000000001,,0.0
2015-01-15,4.41,,0.0
2015-01-16,4.2700000000000005,,15.77
2015-01-17,1.4700000000000002,,0.0
2015-01-18,0.21000000000000002,,0.0
2015-01-19,1.8900000000000001,,16.34
2015-01-20,5.180000000000001,,0.0
2015-01-21,2.45,,0.0
2015-01-22,3.5700000000000003,,0.0
2015-01-23,2.3800000000000003,,0.0
2015-01-24,0.35000000000000003,,0.0
2015-01-25,0.35000000000000003,,0.0
2015-01-26,1.4000000000000001,,0.0
2015-01-27,4.340000000000001,,14.82
2015-01-28,3.1500000000000004,,0.0
2015-01-29,4.62,,0.0
2015-01-30,2.9400000000000004,,0.0
2015-01-31,0.7000000000000001,,0.0
2015-02-01,0.44999999999999996,,0.0
2015-02-02,1.7999999999999998,,20.0
2015-02-03,2.25,,0.0
2015-02-04,2.34,,0.0
2015-02-05,2.07,,0.0
2015-02-06,2.6999999999999997,,0.0
2015-02-07,0.8099999999999999,,0.0
2015-02-08,0.63,,0.0
2015-02-09,2.4299999999999997,,0.0
2015-02-10,2.25,,0.0
2015-02-11,6.21,,10.0
2015-02-12,9.0,,0.0
2015-02-13,3.96,,0.0
2015-02-14,1.08,,0.0
2015-02-15,0.99,,0.0
2015-02-16,1.71,,0.0
2015-02-17,2.79,,0.0
2015-02-18,2.88,,0.0
2015-02-19,2.88,,10.0
2015-02-20,2.88,,0.0
2015-02-21,1.08,,0.0
2015-02-22,0.99,,0.0
2015-02-23,2.52,,0.0
2015-02-24,3.2399999999999998,,0.0
2015-02-25,3.06,,0.0
2015-02-26,2.16,,0.0
2015-02-27,2.07,,0.0
2015-02-28,0.44999999999999996,,0.0
2015-03-01,0.64,,7.54
2015-03-02,6.8,,0.0
2015-03-03,5.12,,5.98
2015-03-04,4.96,,0.0
2015-03-05,3.7600000000000002,,6.24
2015-03-06,5.5200000000000005,,0.0
2015-03-07,1.6,,0.0
2015-03-08,0.64,,0.0
2015-03-09,4.96,,6.24
2015-03-10,5.04,,0.0
2015-03-11,5.28,,0.0
2015-03-12,3.84,,0.0
2015-03-13,4.64,,0.0
2015-03-14,1.76,,0.0
2015-03-15,1.6,,0.0
2015-03-16,6.24,,0.0
2015-03-17,6.4,,0.0
2015-03-18,4.8,,0.0
2015-03-19,7.84,,0.0
2015-03-20,6.72,,0.0
2015-03-21,1.52,,7.930000000000001
2015-03-22,1.44,,0.0
2015-03-23,5.6000000000000005,,6.11
2015-03-24,5.44,,0.0
2015-03-25,4.88,,0.0
2015-03-26,6.0,,0.0
2015-03-27,6.5600000000000005,,13.0
2015-03-28,2.08,,0.0
2015-03-29,0.56,,0.0
2015-03-30,8.0,,6.5
2015-03-31,7.6000000000000005,,12.74
2015-04-01,3.96,,0.0
2015-04-02,5.22,,0.0
2015-04-03,6.21,,11.05
2015-04-04,1.6199999999999999,,0.0
2015-04-05,1.44,,0.0
2015-04-06,7.83,,10.14
2015-04-07,7.109999999999999,,0.0
2015-04-08,6.4799999999999995,,9.75
2015-04-09,6.66,,0.0
2015-04-10,4.05,,0.0
2015-04-11,1.3499999999999999,,0.0
2015-04-12,1.6199999999999999,,13.0
2015-04-13,5.22,,0.0
2015-04-14,6.93,,0.0
2015-04-15,3.78,,0.0
2015-04-16,4.5,,0.0
2015-04-17,5.58,,10.27
2015-04-18,0.54,,12.870000000000001
2015-04-19,0.27,,0.0
2015-04-20,4.2299999999999995,,0.0
2015-04-21,4.68,,9.620000000000001
2015-04-22,8.28,,0.0
2015-04-23,5.58,,0.0
2015-04-24,5.13,,0.0
2015-04-25,1.6199999999999999,,0.0
2015-04-26,1.3499999999999999,,0.0
2015-04-27,9.0,,0.0
2015-04-28,7.38,,9.620000000000001
2015-04-29,5.31,,0.0
2015-04-30,8.64,,0.0
2015-05-01,11.0,,10.22
2015-05-02,2.86,,0.0
2015-05-03,1.65,,0.0
2015-05-04,3.85,,0.0
2015-05-05,4.95,,0.0
2015-05-06,6.2700000000000005,,0.0
2015-05-07,8.47,,10.080000000000002
2015-05-08,4.84,,10.64
2015-05-09,1.54,,0.0
2015-05-10,0.77,,0.0
2015-05-11,3.63,,0.0
2015-05-12,4.18,,0.0
2015-05-13,3.74,,10.080000000000002
2015-05-14,3.3,,0.0
2015-05-15,3.41,,10.64
2015-05-16,1.76,,0.0
2015-05-17,0.88,,0.0
2015-05-18,2.64,,0.0
2015-05-19,3.85,,0.0
2015-05-20,2.86,,0.0
2015-05-21,2.86,,10.64
2015-05-22,2.53,,0.0
2015-05-23,0.88,,14.000000000000002
2015-05-24,0.44,,0.0
2015-05-25,0.66,,0.0
2015-05-26,2.97,,0.0
2015-05-27,2.97,,0.0
2015-05-28,2.97,,10.360000000000001
2015-05-29,2.75,,0.0
2015-05-30,0.66,,0.0
2015-05-31,0.77,,0.0
2015-06-01,4.41,,12.0
2015-06-02,4.69,,0.0
2015-06-03,4.550000000000001,,0.0
2015-06-04,5.180000000000001,,0.0
2015-06-05,4.2,,13.25
2015-06-06,1.7500000000000002,,0.0
2015-06-07,0.56,,0.0
2015-06-08,7.000000000000001,,0.0
2015-06-09,5.880000000000001,,0.0
2015-06-10,6.790000000000001,,0.0
2015-06-11,5.95,,12.75
2015-06-12,4.550000000000001,,0.0
2015-06-13,1.7500000000000002,,16.5
2015-06-14,1.7500000000000002,,0.0
2015-06-15,5.11,,12.5
2015-06-16,4.69,,12.5
2015-06-17,5.880000000000001,,12.5
2015-06-18,6.720000000000001,,12.5
2015-06-19,4.69,,0.0
2015-06-20,2.5200000000000005,,0.0
2015-06-21,0.8400000000000001,,0.0
2015-06-22,4.69,,25.0
2015-06-23,6.090000000000001,,12.25
2015-06-24,5.95,,0.0
2015-06-25,5.880000000000001,,12.75
2015-06-26,5.11,,13.25
2015-06-27,1.54,,0.0
2015-06-28,1.7500000000000002,,0.0
2015-06-29,6.930000000000001,,12.5
2015-06-30,5.460000000000001,,0.0
2015-07-01,5.85,,0.0
2015-07-02,7.6499999999999995,,0.0
2015-07-03,3.8699999999999997,,0.0
2015-07-04,0.27,,0.0
2015-07-05,0.8099999999999999,,0.0
2015-07-06,3.5999999999999996,,32.13
2015-07-07,6.12,,32.13
2015-07-08,6.75,,32.13
2015-07-09,4.95,,0.0
2015-07-10,3.5999999999999996,,0.0
2015-07-11,1.26,,40.95
2015-07-12,0.27,,0.0
2015-07-13,3.8699999999999997,,0.0
2015-07-14,2.6999999999999997,,63.0
2015-07-15,3.51,,0.0
2015-07-16,3.42,,32.76
2015-07-17,9.0,,0.0
2015-07-18,1.7999999999999998,,0.0
2015-07-19,1.89,,0.0
2015-07-20,6.4799999999999995,,0.0
2015-07-21,8.37,,0.0
2015-07-22,7.38,,0.0
2015-07-23,6.4799999999999995,,0.0
2015-07-24,4.77,,33.39
2015-07-25,1.98,,0.0
2015-07-26,2.34,,0.0
2015-07-27,4.14,,0.0
2015-07-28,6.12,,0.0
2015-07-29,7.38,,0.0
2015-07-30,4.32,,31.5
2015-07-31,3.51,,33.39
2015-08-01,0.55,,0.0
2015-08-02,0.0,,44.5
2015-08-03,2.2,,34.71
2015-08-04,2.2,,33.82
2015-08-05,8.8,,34.71
2015-08-06,11.0,,0.0
2015-08-07,4.07,,35.6
2015-08-08,1.76,,89.0
2015-08-09,1.21,,45.39
2015-08-10,2.97,,0.0
2015-08-11,3.96,,0.0
2015-08-12,3.19,,0.0
2015-08-13,4.84,,0.0
2015-08-14,3.96,,0.0
2015-08-15,1.1,,0.0
2015-08-16,1.32,,65.86
2015-08-17,4.07,,0.0
2015-08-18,3.52,,33.82
2015-08-19,3.63,,33.82
2015-08-20,2.31,,0.0
2015-08-21,4.51,,34.71
2015-08-22,1.54,,64.97
2015-08-23,0.88,,0.0
2015-08-24,10.01,,32.93
2015-08-25,5.28,,0.0
2015-08-26,3.52,,66.75
2015-08-27,4.95,,0.0
2015-08-28,4.62,,34.71
2015-08-29,1.32,,42.72
2015-08-30,0.88,,42.72
2015-08-31,2.97,,32.04
2015-09-01,6.0200000000000005,,38.0
2015-09-02,5.390000000000001,,39.0
2015-09-03,6.370000000000001,,0.0
2015-09-04,4.340000000000001,,41.0
2015-09-05,0.9800000000000001,,0.0
2015-09-06,0.9100000000000001,,0.0
2015-09-07,1.4000000000000001,,0.0
2015-09-08,4.48,,38.0
2015-09-09,5.11,,0.0
2015-09-10,4.69,,0.0
2015-09-11,3.9200000000000004,,0.0
2015-09-12,0.7000000000000001,,49.0
2015-09-13,1.1900000000000002,,48.0
2015-09-14,4.2700000000000005,,76.0
2015-09-15,3.5000000000000004,,38.0
2015-09-16,4.62,,76.0
2015-09-17,4.340000000000001,,38.0
2015-09-18,3.2900000000000005,,79.0
2015-09-19,0.8400000000000001,,100.0
2015-09-20,0.7000000000000001,,0.0
2015-09-21,3.6400000000000006,,0.0
2015-09-22,3.5700000000000003,,37.0
2015-09-23,2.87,,0.0
2015-09-24,3.7100000000000004,,0.0
2015-09-25,3.5700000000000003,,39.0
2015-09-26,1.12,,50.0
2015-09-27,0.8400000000000001,,0.0
2015-09-28,3.2900000000000005,,36.0
2015-09-29,4.970000000000001,,37.0
2015-09-30,7.000000000000001,,56.0
2015-10-01,4.4,,0.0
2015-10-02,3.7600000000000002,,0.0
2015-10-03,0.88,,0.0
2015-10-04,0.56,,0.0
2015-10-05,3.12,,0.0
2015-10-06,3.92,,18.5
2015-10-07,3.84,,18.5
2015-10-08,2.8000000000000003,,0.0
2015-10-09,3.92,,0.0
2015-10-10,1.04,,25.0
2015-10-11,0.56,,0.0
2015-10-12,3.7600000000000002,,0.0
2015-10-13,3.2800000000000002,,0.0
2015-10-14,3.2800000000000002,,0.0
2015-10-15,4.0,,0.0
2015-10-16,3.2800000000000002,,0.0
2015-10-17,0.72,,0.0
2015-10-18,1.12,,0.0
2015-10-19,3.44,,18.25
2015-10-20,8.0,,0.0
2015-10-21,6.24,,0.0
2015-10-22,4.24,,0.0
2015-10-23,4.88,,0.0
2015-10-24,1.76,,0.0
2015-10-25,0.8,,0.0
2015-10-26,2.96,,17.75
2015-10-27,3.36,,0.0
2015-10-28,3.04,,0.0
2015-10-29,2.32,,0.0
2015-10-30,3.36,,19.0
2015-10-31,1.2,,0.0
2015-11-01,0.28,,0.0
2015-11-02,2.7300000000000004,,0.0
2015-11-03,6.580000000000001,,0.0
2015-11-04,7.000000000000001,,0.0
2015-11-05,4.130000000000001,,5.2
2015-11-06,2.66,,0.0
2015-11-07,1.05,,0.0
2015-11-08,1.12,,0.0
2015-11-09,2.1700000000000004,,5.1000000000000005
2015-11-10,2.3800000000000003,,10.0
2015-11-11,2.3800000000000003,,0.0
2015-11-12,1.8900000000000001,,0.0
2015-11-13,1.8200000000000003,,5.5
2015-11-14,0.6300000000000001,,0.0
2015-11-15,0.6300000000000001,,6.7
2015-11-16,1.8200000000000003,,0.0
2015-11-17,1.6800000000000002,,0.0
2015-11-18,2.0300000000000002,,0.0
2015-11-19,2.0300000000000002,,0.0
2015-11-20,3.5000000000000004,,0.0
2015-11-21,1.33,,0.0
2015-11-22,0.49000000000000005,,0.0
2015-11-23,1.54,,0.0
2015-11-24,1.1900000000000002,,0.0
2015-11-25,1.9600000000000002,,5.7
2015-11-26,0.9800000000000001,,0.0
2015-11-27,1.4700000000000002,,0.0
2015-11-28,0.56,,0.0
2015-11-29,0.49000000000000005,,6.5
2015-11-30,1.4700000000000002,,0.0
2015-12-01,2.32,,0.0
2015-12-02,2.36,,0.0
2015-12-03,3.2,,0.0
2015-12-04,2.16,,2.61
2015-12-05,1.2,,0.0
2015-12-06,0.36,,0.0
2015-12-07,1.96,,2.55
2015-12-08,1.68,,0.0
2015-12-09,2.92,,0.0
2015-12-10,2.8000000000000003,,0.0
2015-12-11,1.8,,2.6999999999999997
2015-12-12,0.52,,0.0
2015-12-13,0.68,,0.0
2015-12-14,2.08,,0.0
2015-12-15,2.2800000000000002,,2.61
2015-12-16,2.2,,0.0
2015-12-17,4.0,,0.0
2015-12-18,2.24,,0.0
2015-12-19,0.72,,0.0
2015-12-20,0.56,,0.0
2015-12-21,1.52,,0.0
2015-12-22,1.8,,0.0
2015-12-23,2.84,,0.0
2015-12-24,0.88,,0.0
2015-12-25,0.64,,0.0
2015-12-26,0.36,,0.0
2015-12-27,0.72,,0.0
2015-12-28,1.96,,0.0
2015-12-29,2.72,,0.0
2015-12-30,2.32,,3.0
2015-12-31,3.72,,0.0
2016-01-01,0.54,,18.0
2016-01-02,0.48,,0.0
2016-01-03,1.08,,0.0
2016-01-04,6.0,,13.5
2016-01-05,4.14,,0.0
2016-01-06,3.2399999999999998,,0.0
2016-01-07,4.8,,0.0
2016-01-08,4.32,,0.0
2016-01-09,0.96,,0.0
2016-01-10,0.36,,0.0
2016-01-11,4.08,,0.0
2016-01-12,4.08,,13.139999999999999
2016-01-13,5.16,,0.0
2016-01-14,3.5999999999999996,,0.0
2016-01-15,4.5,,0.0
2016-01-16,2.34,,0.0
2016-01-17,0.54,,0.0
2016-01-18,0.96,,0.0
2016-01-19,3.78,,0.0
2016-01-20,3.96,,0.0
2016-01-21,3.96,,0.0
2016-01-22,3.12,,0.0
2016-01-23,0.84,,0.0
2016-01-24,0.78,,0.0
2016-01-25,3.42,,0.0
2016-01-26,4.56,,0.0
2016-01-27,3.54,,0.0
2016-01-28,4.32,,0.0
2016-01-29,3.96,,0.0
2016-01-30,1.92,,0.0
2016-01-31,0.8999999999999999,,0.0
2016-02-01,2.8000000000000003,,22.41
2016-02-02,2.7,,0.0
2016-02-03,4.4,,22.950000000000003
2016-02-04,3.3000000000000003,,0.0
2016-02-05,4.1000000000000005,,0.0
2016-02-06,1.3,,0.0
2016-02-07,0.8,,0.0
2016-02-08,4.0,,0.0
2016-02-09,6.7,,0.0
2016-02-10,10.0,,0.0
2016-02-11,9.1,,22.950000000000003
2016-02-12,5.4,,0.0
2016-02-13,1.3,,0.0
2016-02-14,0.7000000000000001,,0.0
2016-02-15,1.4000000000000001,,0.0
2016-02-16,3.2,,0.0
2016-02-17,4.4,,0.0
2016-02-18,3.7,,0.0
2016-02-19,3.3000000000000003,,0.0
2016-02-20,0.7000000000000001,,0.0
2016-02-21,0.8,,27.0
2016-02-22,2.6,,0.0
2016-02-23,3.4000000000000004,,0.0
2016-02-24,3.1,,0.0
2016-02-25,3.2,,22.68
2016-02-26,2.9000000000000004,,0.0
2016-02-27,1.1,,0.0
2016-02-28,0.8,,0.0
2016-02-29,3.0,,0.0
2016-03-01,4.9,,0.0
2016-03-02,4.2,,0.0
2016-03-03,4.1000000000000005,,0.0
2016-03-04,4.1000000000000005,,0.0
2016-03-05,1.4000000000000001,,0.0
2016-03-06,1.1,,0.0
2016-03-07,4.0,,3.6
2016-03-08,3.6,,3.6
2016-03-09,3.5,,0.0
2016-03-10,3.9000000000000004,,0.0
2016-03-11,3.4000000000000004,,0.0
2016-03-12,1.3,,4.4
2016-03-13,0.7000000000000001,,4.32
2016-03-14,4.2,,3.6
2016-03-15,4.1000000000000005,,7.28
2016-03-16,4.0,,0.0
2016-03-17,4.4,,0.0
2016-03-18,5.300000000000001,,0.0
2016-03-19,1.2000000000000002,,4.4
2016-03-20,0.6000000000000001,,4.4
2016-03-21,5.0,,3.7600000000000002
2016-03-22,5.300000000000001,,3.7600000000000002
2016-03-23,4.9,,0.0
2016-03-24,4.6000000000000005,,0.0
2016-03-25,2.6,,8.0
2016-03-26,0.8,,0.0
2016-03-27,0.7000000000000001,,4.72
2016-03-28,3.8000000000000003,,3.7600000000000002
2016-03-29,4.7,,0.0
2016-03-30,4.7,,0.0
2016-03-31,10.0,,3.7600000000000002
2016-04-01,15.0,,24.0
2016-04-02,4.05,,0.0
2016-04-03,1.65,,13.92
2016-04-04,7.949999999999999,,0.0
2016-04-05,7.8,,11.28
2016-04-06,7.35,,23.04
2016-04-07,7.949999999999999,,11.52
2016-04-08,5.1,,24.0
2016-04-09,1.2,,0.0
2016-04-10,0.75,,13.68
2016-04-11,5.7,,0.0
2016-04-12,4.8,,0.0
2016-04-13,3.9,,0.0
2016-04-14,3.5999999999999996,,11.52
2016-04-15,2.1,,0.0
2016-04-16,0.6,,0.0
2016-04-17,0.44999999999999996,,14.399999999999999
2016-04-18,3.15,,23.04
2016-04-19,3.5999999999999996,,0.0
2016-04-20,2.85,,11.28
2016-04-21,3.5999999999999996,,11.28
2016-04-22,2.25,,0.0
2016-04-23,0.3,,14.16
2016-04-24,1.05,,0.0
2016-04-25,1.65,,11.52
2016-04-26,2.6999999999999997,,11.28
2016-04-27,2.4,,11.52
2016-04-28,1.95,,0.0
2016-04-29,2.25,,12.0
2016-04-30,0.6,,0.0
2016-05-01,0.36,,0.0
2016-05-02,2.34,,3.2
2016-05-03,3.33,,0.0
2016-05-04,8.01,,0.0
2016-05-05,9.0,,3.2
2016-05-06,5.67,,0.0
2016-05-07,0.8099999999999999,,0.0
2016-05-08,0.63,,0.0
2016-05-09,3.51,,0.0
2016-05-10,4.41,,3.2
2016-05-11,3.42,,0.0
2016-05-12,2.6999999999999997,,0.0
2016-05-13,2.88,,0.0
2016-05-14,0.72,,0.0
2016-05-15,0.63,,0.0
2016-05-16,2.79,,3.2800000000000002
2016-05-17,2.79,,3.2
2016-05-18,4.2299999999999995,,0.0
2016-05-19,5.04,,0.0
2016-05-20,3.51,,0.0
2016-05-21,1.08,,0.0
2016-05-22,0.54,,8.0
2016-05-23,2.88,,0.0
2016-05-24,2.9699999999999998,,0.0
2016-05-25,2.9699999999999998,,3.36
2016-05-26,2.07,,0.0
2016-05-27,2.4299999999999997,,0.0
2016-05-28,0.72,,0.0
2016-05-29,0.44999999999999996,,0.0
2016-05-30,0.44999999999999996,,0.0
2016-05-31,2.16,,3.2800000000000002
2016-06-01,2.75,,7.5200000000000005
2016-06-02,1.98,,7.68
2016-06-03,2.2,,0.0
2016-06-04,0.44,,0.0
2016-06-05,0.44,,0.0
2016-06-06,1.98,,0.0
2016-06-07,3.3,,0.0
2016-06-08,3.96,,0.0
2016-06-09,3.08,,0.0
2016-06-10,3.74,,0.0
2016-06-11,1.1,,0.0
2016-06-12,0.33,,0.0
2016-06-13,2.86,,0.0
2016-06-14,2.31,,7.5200000000000005
2016-06-15,2.09,,0.0
2016-06-16,1.76,,7.84
2016-06-17,1.65,,0.0
2016-06-18,0.55,,0.0
2016-06-19,0.55,,0.0
2016-06-20,2.09,,0.0
2016-06-21,4.95,,0.0
2016-06-22,11.0,,0.0
2016-06-23,6.82,,0.0
2016-06-24,7.37,,16.0
2016-06-25,1.32,,0.0
2016-06-26,0.44,,9.44
2016-06-27,4.95,,0.0
2016-06-28,4.84,,0.0
2016-06-29,4.07,,0.0
2016-06-30,5.5,,0.0
2016-07-01,9.8,,9.9
2016-07-02,1.9000000000000001,,0.0
2016-07-03,1.3,,0.0
2016-07-04,1.1,,11.22
2016-07-05,7.1000000000000005,,20.24
2016-07-06,7.7,,0.0
2016-07-07,4.7,,19.36
2016-07-08,5.1000000000000005,,0.0
2016-07-09,1.3,,11.0
2016-07-10,1.2000000000000002,,11.22
2016-07-11,8.4,,9.68
2016-07-12,6.6000000000000005,,9.68
2016-07-13,7.0,,0.0
2016-07-14,5.1000000000000005,,0.0
2016-07-15,4.4,,19.8
2016-07-16,1.0,,11.44
2016-07-17,0.5,,0.0
2016-07-18,5.2,,0.0
2016-07-19,4.1000000000000005,,0.0
2016-07-20,4.4,,0.0
2016-07-21,10.0,,0.0
2016-07-22,5.800000000000001,,0.0
2016-07-23,1.7000000000000002,,0.0
2016-07-24,0.9,,0.0
2016-07-25,5.5,,9.46
2016-07-26,5.0,,0.0
2016-07-27,5.4,,9.46
2016-07-28,5.5,,0.0
2016-07-29,4.0,,0.0
2016-07-30,2.0,,11.0
2016-07-31,1.0,,22.0
2016-08-01,5.44,,0.0
2016-08-02,4.32,,0.0
2016-08-03,8.0,,0.0
2016-08-04,7.5200000000000005,,0.0
2016-08-05,3.12,,0.0
2016-08-06,0.96,,11.0
2016-08-07,0.56,,0.0
2016-08-08,2.88,,0.0
2016-08-09,2.8000000000000003,,0.0
2016-08-10,2.4,,0.0
2016-08-11,2.72,,0.0
2016-08-12,2.4,,0.0
2016-08-13,0.4,,0.0
2016-08-14,0.64,,0.0
2016-08-15,2.8000000000000003,,9.35
2016-08-16,2.48,,0.0
2016-08-17,2.16,,9.46
2016-08-18,1.92,,9.68
2016-08-19,1.76,,0.0
2016-08-20,0.72,,0.0
2016-08-21,0.32,,0.0
2016-08-22,2.0,,0.0
2016-08-23,3.68,,0.0
2016-08-24,3.04,,9.24
2016-08-25,2.24,,0.0
2016-08-26,2.08,,8.91
2016-08-27,0.32,,10.45
2016-08-28,0.56,,0.0
2016-08-29,1.92,,0.0
2016-08-30,2.8000000000000003,,0.0
2016-08-31,2.64,,8.58
2016-09-01,6.790000000000001,,11.84
2016-09-02,7.000000000000001,,0.0
2016-09-03,1.33,,0.0
2016-09-04,0.77,,0.0
2016-09-05,0.9800000000000001,,0.0
2016-09-06,4.760000000000001,,7.68
2016-09-07,4.2700000000000005,,0.0
2016-09-08,3.99,,0.0
2016-09-09,3.7100000000000004,,0.0
2016-09-10,0.9800000000000001,,9.28
2016-09-11,0.49000000000000005,,0.0
2016-09-12,3.7100000000000004,,0.0
2016-09-13,3.22,,0.0
2016-09-14,3.6400000000000006,,0.0
2016-09-15,3.1500000000000004,,0.0
2016-09-16,3.08,,16.0
2016-09-17,0.8400000000000001,,0.0
2016-09-18,0.77,,0.0
2016-09-19,3.8500000000000005,,0.0
2016-09-20,3.0100000000000002,,0.0
2016-09-21,3.5000000000000004,,0.0
2016-09-22,4.62,,0.0
2016-09-23,3.08,,0.0
2016-09-24,1.4000000000000001,,0.0
2016-09-25,1.05,,0.0
2016-09-26,2.66,,0.0
2016-09-27,2.8000000000000003,,7.68
2016-09-28,2.9400000000000004,,0.0
2016-09-29,2.66,,7.84
2016-09-30,3.08,,0.0
2016-10-01,0.4,,0.0
2016-10-02,0.8,,0.0
2016-10-03,4.9,,12.64
2016-10-04,2.6,,12.64
2016-10-05,2.9000000000000004,,12.64
2016-10-06,2.7,,0.0
2016-10-07,2.2,,0.0
2016-10-08,1.0,,15.36
2016-10-09,0.2,,0.0
2016-10-10,2.2,,0.0
2016-10-11,2.9000000000000004,,12.64
2016-10-12,1.5,,0.0
2016-10-13,2.5,,0.0
2016-10-14,1.8,,0.0
2016-10-15,0.8,,0.0
2016-10-16,0.4,,0.0
2016-10-17,2.5,,0.0
2016-10-18,3.3000000000000003,,12.8
2016-10-19,3.9000000000000004,,12.96
2016-10-20,5.6000000000000005,,12.96
2016-10-21,1.8,,0.0
2016-10-22,0.7000000000000001,,16.0
2016-10-23,0.2,,0.0
2016-10-24,3.2,,12.48
2016-10-25,3.4000000000000004,,0.0
2016-10-26,9.5,,12.48
2016-10-27,10.0,,12.8
2016-10-28,3.8000000000000003,,13.120000000000001
2016-10-29,2.1,,0.0
2016-10-30,0.7000000000000001,,0.0
2016-10-31,2.7,,0.0
2016-11-01,8.28,,10.58
2016-11-02,6.21,,0.0
2016-11-03,5.67,,0.0
2016-11-04,5.04,,0.0
2016-11-05,2.52,,0.0
2016-11-06,0.99,,0.0
2016-11-07,6.4799999999999995,,0.0
2016-11-08,4.68,,0.0
2016-11-09,8.459999999999999,,0.0
2016-11-10,7.6499999999999995,,0.0
2016-11-11,6.12,,21.16
2016-11-12,2.34,,0.0
2016-11-13,1.17,,0.0
2016-11-14,6.12,,10.120000000000001
2016-11-15,5.76,,0.0
2016-11-16,4.68,,0.0
2016-11-17,9.0,,0.0
2016-11-18,8.1,,20.470000000000002
2016-11-19,2.07,,12.190000000000001
2016-11-20,2.07,,0.0
2016-11-21,6.66,,20.240000000000002
2016-11-22,6.93,,0.0
2016-11-23,6.39,,0.0
2016-11-24,2.61,,12.190000000000001
2016-11-25,3.69,,0.0
2016-11-26,1.6199999999999999,,23.0
2016-11-27,1.44,,0.0
2016-11-28,4.859999999999999,,0.0
2016-11-29,6.39,,9.43
2016-11-30,7.02,,0.0
2016-12-01,4.2,,0.0
2016-12-02,6.370000000000001,,0.0
2016-12-03,2.5900000000000003,,0.0
2016-12-04,0.8400000000000001,,25.0
2016-12-05,5.180000000000001,,0.0
2016-12-06,4.340000000000001,,0.0
2016-12-07,4.550000000000001,,0.0
2016-12-08,4.83,,0.0
2016-12-09,3.9200000000000004,,0.0
2016-12-10,1.6800000000000002,,0.0
2016-12-11,0.9800000000000001,,0.0
2016-12-12,3.3600000000000003,,0.0
2016-12-13,7.000000000000001,,0.0
2016-12-14,5.390000000000001,,0.0
2016-12-15,5.32,,0.0
2016-12-16,3.8500000000000005,,0.0
2016-12-17,0.77,,13.75
2016-12-18,1.2600000000000002,,0.0
2016-12-19,4.130000000000001,,0.0
2016-12-20,4.62,,0.0
2016-12-21,4.760000000000001,,0.0
2016-12-22,4.550000000000001,,0.0
2016-12-23,3.3600000000000003,,0.0
2016-12-24,1.7500000000000002,,0.0
2016-12-25,0.77,,0.0
2016-12-26,1.6800000000000002,,0.0
2016-12-27,6.16,,24.5
2016-12-28,6.16,,0.0
2016-12-29,4.550000000000001,,0.0
2016-12-30,4.48,,0.0
2016-12-31,1.61,,0.0
2017-01-01,0.44999999999999996,,0.0
2017-01-02,1.3499999999999999,,0.0
2017-01-03,5.22,,9.5
2017-01-04,9.0,,0.0
2017-01-05,5.58,,9.5
2017-01-06,5.04,,0.0
2017-01-07,1.98,,0.0
2017-01-08,0.99,,0.0
2017-01-09,4.32,,0.0
2017-01-10,5.31,,0.0
2017-01-11,4.77,,0.0
2017-01-12,3.96,,0.0
2017-01-13,5.04,,19.0
2017-01-14,1.53,,11.02
2017-01-15,0.99,,0.0
2017-01-16,1.7999999999999998,,0.0
2017-01-17,4.05,,0.0
2017-01-18,3.96,,9.120000000000001
2017-01-19,6.3,,9.31
2017-01-20,6.93,,18.62
2017-01-21,1.08,,0.0
2017-01-22,0.72,,10.64
2017-01-23,5.04,,0.0
2017-01-24,6.12,,0.0
2017-01-25,5.3999999999999995,,18.81
2017-01-26,6.21,,18.62
2017-01-27,4.859999999999999,,9.31
2017-01-28,2.07,,0.0
2017-01-29,0.63,,0.0
2017-01-30,4.05,,8.93
2017-01-31,4.59,,9.120000000000001
2017-02-01,4.94,0.0,0.0
2017-02-02,3.5100000000000002,0.0,0.0
2017-02-03,2.34,0.0,0.0
2017-02-04,0.78,0.0,23.46
2017-02-05,0.65,0.0,22.540000000000003
2017-02-06,2.34,0.0,0.0
2017-02-07,3.5100000000000002,0.0,0.0
2017-02-08,4.16,0.0,19.32
2017-02-09,5.2,0.0,0.0
2017-02-10,5.07,0.0,0.0
2017-02-11,1.3,0.0,0.0
2017-02-12,0.91,0.0,0.0
2017-02-13,5.720000000000001,0.0,18.400000000000002
2017-02-14,5.8500000000000005,0.0,0.0
2017-02-15,5.07,0.0,19.78
2017-02-16,5.98,0.0,0.0
2017-02-17,4.42,0.0,19.32
2017-02-18,1.4300000000000002,0.0,46.0
2017-02-19,0.39,13.0,0.0
2017-02-20,2.08,10.92,20.240000000000002
2017-02-21,4.55,0.0,18.86
2017-02-22,13.0,0.0,0.0
2017-02-23,11.18,10.4,0.0
2017-02-24,5.59,0.0,0.0
2017-02-25,2.08,12.74,0.0
2017-02-26,0.91,0.0,44.620000000000005
2017-02-27,7.15,0.0,17.94
2017-02-28,6.5,0.0,17.94
2017-03-01,8.4,0.0,10.530000000000001
2017-03-02,6.7,0.0,10.8
2017-03-03,5.7,0.0,0.0
2017-03-04,2.4000000000000004,0.0,13.5
2017-03-05,1.6,0.0,26.73
2017-03-06,3.7,0.0,21.6
2017-03-07,4.7,0.0,10.530000000000001
2017-03-08,4.7,0.0,11.07
2017-03-09,4.1000000000000005,0.0,0.0
2017-03-10,5.4,0.0,0.0
2017-03-11,1.5,0.0,13.5
2017-03-12,0.8,0.0,0.0
2017-03-13,4.3,0.0,21.060000000000002
2017-03-14,5.9,0.0,11.34
2017-03-15,8.0,0.0,11.34
2017-03-16,7.1000000000000005,0.0,11.34
2017-03-17,4.9,0.0,11.88
2017-03-18,2.0,0.0,0.0
2017-03-19,0.8,0.0,0.0
2017-03-20,4.9,0.0,0.0
2017-03-21,5.0,0.0,11.34
2017-03-22,4.3,0.0,0.0
2017-03-23,4.3,0.0,0.0
2017-03-24,5.0,0.0,0.0
2017-03-25,1.7000000000000002,0.0,13.770000000000001
2017-03-26,1.6,0.0,27.0
2017-03-27,5.300000000000001,0.0,11.34
2017-03-28,10.0,0.0,0.0
2017-03-29,7.7,0.0,11.34
2017-03-30,4.9,0.0,11.610000000000001
2017-03-31,4.5,0.0,23.220000000000002
2017-04-01,1.12,0.0,0.0
2017-04-02,1.6800000000000002,0.0,0.0
2017-04-03,14.000000000000002,0.0,0.0
2017-04-04,12.46,0.0,9.6
2017-04-05,8.540000000000001,0.0,9.719999999999999
2017-04-06,6.44,0.0,0.0
2017-04-07,4.48,0.0,0.0
2017-04-08,1.4000000000000001,0.0,0.0
2017-04-09,0.9800000000000001,0.0,0.0
2017-04-10,9.940000000000001,0.0,0.0
2017-04-11,8.260000000000002,0.0,0.0
2017-04-12,6.580000000000001,0.0,0.0
2017-04-13,6.86,0.0,0.0
2017-04-14,3.7800000000000002,0.0,0.0
2017-04-15,1.2600000000000002,0.0,0.0
2017-04-16,0.8400000000000001,0.0,0.0
2017-04-17,5.460000000000001,0.0,0.0
2017-04-18,4.340000000000001,0.0,0.0
2017-04-19,4.760000000000001,0.0,0.0
2017-04-20,5.32,0.0,0.0
2017-04-21,4.62,0.0,0.0
2017-04-22,1.4000000000000001,0.0,0.0
2017-04-23,0.8400000000000001,0.0,12.0
2017-04-24,5.040000000000001,0.0,0.0
2017-04-25,5.6000000000000005,0.0,0.0
2017-04-26,4.62,0.0,0.0
2017-04-27,4.340000000000001,0.0,0.0
2017-04-28,4.2,0.0,0.0
2017-04-29,1.12,0.0,0.0
2017-04-30,1.12,0.0,0.0
2017-05-01,8.85,0.0,0.0
2017-05-02,8.25,0.0,4.8
2017-05-03,15.0,0.0,4.8
2017-05-04,14.85,0.0,4.8
2017-05-05,10.95,0.0,0.0
2017-05-06,2.4,0.0,9.0
2017-05-07,1.65,0.0,0.0
2017-05-08,7.949999999999999,0.0,0.0
2017-05-09,9.15,0.0,0.0
2017-05-10,9.45,0.0,0.0
2017-05-11,8.25,0.0,4.95
2017-05-12,6.3,0.0,0.0
2017-05-13,1.65,0.0,6.1499999999999995
2017-05-14,1.2,0.0,6.1499999999999995
2017-05-15,7.35,0.0,5.25
2017-05-16,5.85,0.0,5.25
2017-05-17,7.949999999999999,0.0,0.0
2017-05-18,8.7,0.0,5.25
2017-05-19,5.3999999999999995,0.0,0.0
2017-05-20,1.5,0.0,0.0
2017-05-21,0.75,0.0,0.0
2017-05-22,5.1,0.0,0.0
2017-05-23,4.8,0.0,15.0
2017-05-24,4.8,0.0,0.0
2017-05-25,5.25,0.0,0.0
2017-05-26,6.1499999999999995,0.0,11.1
2017-05-27,2.55,0.0,0.0
2017-05-28,1.05,0.0,6.75
2017-05-29,0.75,0.0,0.0
2017-05-30,6.1499999999999995,4.0,0.0
2017-05-31,7.35,0.0,0.0
2017-06-01,10.200000000000001,0.0,0.0
2017-06-02,12.07,4.0,0.0
2017-06-03,2.04,0.0,0.0
2017-06-04,0.51,0.0,0.0
2017-06-05,9.860000000000001,0.0,0.0
2017-06-06,13.430000000000001,0.0,0.0
2017-06-07,11.9,0.0,21.0
2017-06-08,17.0,0.0,0.0
2017-06-09,16.66,0.0,0.0
2017-06-10,4.42,0.0,0.0
2017-06-11,2.21,0.0,0.0
2017-06-12,12.920000000000002,0.0,10.5
2017-06-13,15.47,0.0,10.29
2017-06-14,15.64,0.0,0.0
2017-06-15,13.940000000000001,0.0,0.0
2017-06-16,10.88,0.0,0.0
2017-06-17,3.2300000000000004,0.0,0.0
2017-06-18,3.06,0.0,0.0
2017-06-19,11.22,0.0,0.0
2017-06-20,9.860000000000001,0.0,10.08
2017-06-21,7.65,0.0,0.0
2017-06-22,12.750000000000002,0.0,10.29
2017-06-23,11.39,0.0,0.0
2017-06-24,3.5700000000000003,0.0,0.0
2017-06-25,0.68,0.0,0.0
2017-06-26,9.350000000000001,0.0,10.709999999999999
2017-06-27,10.200000000000001,0.0,0.0
2017-06-28,10.88,0.0,11.129999999999999
2017-06-29,10.030000000000001,0.0,11.129999999999999
2017-06-30,9.860000000000001,0.0,0.0
2017-07-01,1.36,0.0,0.0
2017-07-02,1.7000000000000002,0.0,0.0
2017-07-03,9.01,0.0,0.0
2017-07-04,3.2300000000000004,80.36,41.18
2017-07-05,11.05,0.0,8.12
2017-07-06,17.0,0.0,8.12
2017-07-07,14.280000000000001,0.0,0.0
2017-07-08,2.5500000000000003,0.0,0.0
2017-07-09,2.21,0.0,18.56
2017-07-10,10.88,0.0,0.0
2017-07-11,8.67,0.0,7.539999999999999
2017-07-12,5.78,0.0,0.0
2017-07-13,6.460000000000001,0.0,0.0
2017-07-14,5.78,0.0,0.0
2017-07-15,1.36,0.0,8.7
2017-07-16,1.7000000000000002,0.0,0.0
2017-07-17,5.95,0.0,7.539999999999999
2017-07-18,6.29,0.0,0.0
2017-07-19,5.61,0.0,7.539999999999999
2017-07-20,6.460000000000001,0.0,15.659999999999998
2017-07-21,4.25,0.0,8.12
2017-07-22,1.87,39.2,8.7
2017-07-23,1.1900000000000002,0.0,8.7
2017-07-24,4.760000000000001,0.0,0.0
2017-07-25,5.61,33.32,11.6
2017-07-26,6.29,33.32,7.539999999999999
2017-07-27,5.95,34.3,7.539999999999999
2017-07-28,6.29,34.3,15.659999999999998
2017-07-29,5.2700000000000005,98.0,57.99999999999999
2017-07-30,2.5500000000000003,60.76,36.54
2017-07-31,8.67,0.0,26.68
2017-08-01,5.07,19.95,45.75
2017-08-02,13.0,56.99999999999999,14.64
2017-08-03,11.96,20.52,0.0
2017-08-04,6.5,41.61,32.33
2017-08-05,2.34,24.509999999999998,0.0
2017-08-06,1.17,24.509999999999998,37.82
2017-08-07,4.8100000000000005,48.449999999999996,15.25
2017-08-08,4.68,19.38,45.14
2017-08-09,4.8100000000000005,19.38,30.5
2017-08-10,4.42,31.349999999999998,32.33
2017-08-11,5.07,20.52,32.33
2017-08-12,1.3,0.0,0.0
2017-08-13,1.04,0.0,18.3
2017-08-14,4.16,0.0,0.0
2017-08-15,3.12,20.52,0.0
2017-08-16,3.9000000000000004,41.04,0.0
2017-08-17,2.73,39.9,0.0
2017-08-18,2.34,20.52,0.0
2017-08-19,0.52,47.879999999999995,18.3
2017-08-20,0.39,23.369999999999997,18.3
2017-08-21,2.6,18.81,14.64
2017-08-22,3.12,20.52,15.25
2017-08-23,3.12,0.0,0.0
2017-08-24,2.6,19.95,15.25
2017-08-25,2.73,0.0,15.86
2017-08-26,0.91,0.0,0.0
2017-08-27,0.65,22.229999999999997,0.0
2017-08-28,3.12,29.639999999999997,30.5
2017-08-29,2.6,38.76,15.25
2017-08-30,3.12,0.0,15.25
2017-08-31,1.69,29.069999999999997,61.0
2017-09-01,5.31,0.0,15.08
2017-09-02,1.6199999999999999,0.0,17.68
2017-09-03,0.54,52.800000000000004,35.36
2017-09-04,1.26,75.2,33.800000000000004
2017-09-05,4.77,0.0,0.0
2017-09-06,4.59,21.6,14.56
2017-09-07,4.5,21.6,14.56
2017-09-08,4.2299999999999995,0.0,14.56
2017-09-09,0.72,38.400000000000006,34.84
2017-09-10,1.08,51.2,52.0
2017-09-11,7.38,44.800000000000004,14.56
2017-09-12,7.56,32.800000000000004,0.0
2017-09-13,5.9399999999999995,0.0,14.56
2017-09-14,9.0,22.400000000000002,15.08
2017-09-15,7.47,0.0,0.0
2017-09-16,1.53,52.800000000000004,35.36
2017-09-17,1.53,0.0,17.68
2017-09-18,7.47,21.6,29.12
2017-09-19,7.29,43.2,29.12
2017-09-20,7.739999999999999,0.0,22.36
2017-09-21,7.38,22.400000000000002,22.36
2017-09-22,7.29,45.6,30.68
2017-09-23,1.53,80.0,44.72
2017-09-24,0.8999999999999999,39.2,17.68
2017-09-25,6.66,21.6,0.0
2017-09-26,6.93,0.0,14.56
2017-09-27,6.75,0.0,0.0
2017-09-28,5.9399999999999995,0.0,29.64
2017-09-29,5.58,0.0,15.600000000000001
2017-09-30,1.6199999999999999,27.200000000000003,0.0
2017-10-01,1.21,0.0,13.65
2017-10-02,8.36,16.0,10.4
2017-10-03,11.0,0.0,11.05
2017-10-04,8.58,17.0,16.900000000000002
2017-10-05,6.16,0.0,11.05
2017-10-06,6.38,17.0,11.700000000000001
2017-10-07,3.08,40.0,13.65
2017-10-08,1.65,20.0,65.0
2017-10-09,6.16,0.0,22.1
2017-10-10,7.81,0.0,0.0
2017-10-11,6.38,50.0,11.05
2017-10-12,6.71,0.0,22.1
2017-10-13,6.2700000000000005,69.0,11.700000000000001
2017-10-14,2.86,41.0,40.95
2017-10-15,0.99,20.0,13.65
2017-10-16,6.49,34.0,22.1
2017-10-17,5.72,0.0,11.05
2017-10-18,5.72,17.0,11.05
2017-10-19,6.16,34.0,22.75
2017-10-20,5.83,35.0,11.700000000000001
2017-10-21,2.09,21.0,0.0
2017-10-22,0.88,100.0,33.15
2017-10-23,7.04,17.0,27.95
2017-10-24,6.05,0.0,0.0
2017-10-25,7.81,17.0,16.900000000000002
2017-10-26,7.59,17.0,0.0
2017-10-27,8.36,0.0,23.400000000000002
2017-10-28,1.43,0.0,20.150000000000002
2017-10-29,1.54,20.0,26.650000000000002
2017-10-30,6.49,17.0,22.1
2017-10-31,8.91,69.0,57.2
2017-11-01,11.1,36.0,0.0
2017-11-02,15.0,34.199999999999996,0.0
2017-11-03,10.35,0.0,15.049999999999999
2017-11-04,2.85,0.0,26.23
2017-11-05,1.95,0.0,0.0
2017-11-06,4.8,34.199999999999996,14.19
2017-11-07,4.8,34.56,43.0
2017-11-08,4.8,0.0,14.62
2017-11-09,5.55,0.0,14.62
2017-11-10,4.2,0.0,15.48
2017-11-11,1.5,0.0,0.0
2017-11-12,0.44999999999999996,0.0,17.2
2017-11-13,5.25,0.0,14.62
2017-11-14,5.1,0.0,0.0
2017-11-15,4.95,0.0,14.19
2017-11-16,5.85,0.0,14.62
2017-11-17,14.7,35.64,15.049999999999999
2017-11-18,3.0,0.0,17.63
2017-11-19,1.05,0.0,0.0
2017-11-20,5.25,35.64,15.049999999999999
2017-11-21,5.3999999999999995,0.0,0.0
2017-11-22,4.35,0.0,16.34
2017-11-23,1.3499999999999999,0.0,0.0
2017-11-24,2.85,0.0,0.0
2017-11-25,1.05,0.0,0.0
2017-11-26,0.44999999999999996,0.0,0.0
2017-11-27,2.85,0.0,0.0
2017-11-28,3.4499999999999997,0.0,13.76
2017-11-29,4.5,0.0,14.62
2017-11-30,3.75,0.0,14.19
2017-12-01,6.0,,7.280000000000001
2017-12-02,1.5,,0.0
2017-12-03,1.4000000000000001,,0.0
2017-12-04,6.6000000000000005,,0.0
2017-12-05,7.0,,14.000000000000002
2017-12-06,7.300000000000001,,7.000000000000001
2017-12-07,7.5,,0.0
2017-12-08,6.6000000000000005,,7.420000000000001
2017-12-09,2.1,,0.0
2017-12-10,1.5,,0.0
2017-12-11,6.9,,0.0
2017-12-12,10.0,,0.0
2017-12-13,9.0,,0.0
2017-12-14,8.8,,0.0
2017-12-15,7.300000000000001,,7.5600000000000005
2017-12-16,2.1,,0.0
2017-12-17,1.0,,0.0
2017-12-18,6.1000000000000005,,0.0
2017-12-19,6.5,,7.5600000000000005
2017-12-20,6.9,,0.0
2017-12-21,6.5,,8.120000000000001
2017-12-22,5.800000000000001,,8.4
2017-12-23,2.0,,0.0
2017-12-24,1.4000000000000001,,0.0
2017-12-25,2.0,,9.940000000000001
2017-12-26,5.6000000000000005,,0.0
2017-12-27,9.200000000000001,,0.0
2017-12-28,6.2,,0.0
2017-12-29,4.800000000000001,,0.0
2017-12-30,1.4000000000000001,,0.0
2017-12-31,1.0,,8.680000000000001
2018-01-01,1.2000000000000002,0.0,0.0
2018-01-02,5.7,0.0,0.0
2018-01-03,8.5,0.0,0.0
2018-01-04,10.0,0.0,0.0
2018-01-05,5.2,0.0,0.0
2018-01-06,1.3,0.0,0.0
2018-01-07,1.2000000000000002,0.0,6.84
2018-01-08,7.2,0.0,5.76
2018-01-09,6.800000000000001,0.0,5.9399999999999995
2018-01-10,4.800000000000001,0.0,0.0
2018-01-11,5.300000000000001,0.0,0.0
2018-01-12,4.4,0.0,0.0
2018-01-13,0.9,0.0,0.0
2018-01-14,1.0,0.0,0.0
2018-01-15,2.3000000000000003,0.0,0.0
2018-01-16,4.7,4.0,0.0
2018-01-17,4.0,0.0,0.0
2018-01-18,5.6000000000000005,0.0,5.9399999999999995
2018-01-19,5.2,0.0,0.0
2018-01-20,1.5,0.0,0.0
2018-01-21,0.4,0.0,0.0
2018-01-22,4.7,0.0,0.0
2018-01-23,7.9,0.0,0.0
2018-01-24,5.6000000000000005,0.0,5.9399999999999995
2018-01-25,6.2,0.0,0.0
2018-01-26,5.7,0.0,18.0
2018-01-27,1.2000000000000002,0.0,0.0
2018-01-28,1.5,0.0,0.0
2018-01-29,4.1000000000000005,0.0,0.0
2018-01-30,5.300000000000001,0.0,0.0
2018-01-31,5.300000000000001,0.0,5.76
2018-02-01,3.8000000000000003,0.0,0.0
2018-02-02,3.3000000000000003,0.0,0.0
2018-02-03,0.8,0.0,0.0
2018-02-04,0.9,0.0,0.0
2018-02-05,3.9000000000000004,0.0,0.0
2018-02-06,6.0,0.0,4.92
2018-02-07,10.0,0.0,0.0
2018-02-08,10.0,0.0,4.92
2018-02-09,7.300000000000001,0.0,5.04
2018-02-10,1.3,4.0,0.0
2018-02-11,0.8,0.0,0.0
2018-02-12,4.0,0.0,4.92
2018-02-13,4.0,0.0,5.04
2018-02-14,3.9000000000000004,0.0,5.04
2018-02-15,3.4000000000000004,0.0,0.0
2018-02-16,3.1,0.0,0.0
2018-02-17,1.0,0.0,11.879999999999999
2018-02-18,0.6000000000000001,0.0,12.0
2018-02-19,1.3,0.0,0.0
2018-02-20,3.8000000000000003,0.0,0.0
2018-02-21,2.7,0.0,0.0
2018-02-22,3.7,0.0,4.92
2018-02-23,3.5,0.0,5.04
2018-02-24,1.2000000000000002,0.0,0.0
2018-02-25,0.8,0.0,0.0
2018-02-26,2.7,0.0,0.0
2018-02-27,3.8000000000000003,0.0,0.0
2018-02-28,3.6,0.0,0.0
2018-03-01,2.04,0.0,0.0
2018-03-02,2.4,0.0,6.37
2018-03-03,0.6,0.0,0.0
2018-03-04,0.36,0.0,0.0
2018-03-05,1.68,0.0,6.37
2018-03-06,2.04,14.1,9.620000000000001
2018-03-07,2.04,0.0,12.870000000000001
2018-03-08,1.92,0.0,0.0
2018-03-09,2.16,0.0,0.0
2018-03-10,0.84,0.0,7.67
2018-03-11,0.36,0.0,0.0
2018-03-12,2.76,0.0,0.0
2018-03-13,2.16,0.0,6.5
2018-03-14,2.76,0.0,6.5
2018-03-15,2.76,0.0,0.0
2018-03-16,2.28,0.0,6.76
2018-03-17,0.48,0.0,0.0
2018-03-18,0.24,0.0,0.0
2018-03-19,2.88,0.0,13.0
2018-03-20,2.6399999999999997,0.0,6.5
2018-03-21,3.12,0.0,0.0
2018-03-22,2.76,0.0,0.0
2018-03-23,2.4,0.0,0.0
2018-03-24,0.6,0.0,0.0
2018-03-25,0.48,0.0,0.0
2018-03-26,3.48,0.0,6.63
2018-03-27,6.24,0.0,6.76
2018-03-28,12.0,0.0,0.0
2018-03-29,10.2,15.0,10.27
2018-03-30,5.64,0.0,7.28
2018-03-31,1.68,0.0,7.930000000000001
2018-04-01,2.56,0.0,0.0
2018-04-02,15.200000000000001,0.0,11.96
2018-04-03,16.0,12.0,46.0
2018-04-04,11.040000000000001,0.0,11.5
2018-04-05,9.44,0.0,0.0
2018-04-06,8.0,0.0,0.0
2018-04-07,2.08,0.0,0.0
2018-04-08,1.12,0.0,0.0
2018-04-09,6.88,6.0,0.0
2018-04-10,7.5200000000000005,0.0,11.5
2018-04-11,7.36,0.0,11.5
2018-04-12,6.5600000000000005,0.0,0.0
2018-04-13,7.04,0.0,11.96
2018-04-14,1.92,0.0,0.0
2018-04-15,0.64,0.0,0.0
2018-04-16,4.96,0.0,0.0
2018-04-17,8.32,6.0,11.5
2018-04-18,6.5600000000000005,6.0,11.5
2018-04-19,4.96,0.0,0.0
2018-04-20,5.76,0.0,0.0
2018-04-21,1.12,0.0,0.0
2018-04-22,0.96,0.0,13.8
2018-04-23,4.8,0.0,0.0
2018-04-24,5.28,0.0,0.0
2018-04-25,4.48,0.0,0.0
2018-04-26,5.12,0.0,11.5
2018-04-27,4.48,6.12,0.0
2018-04-28,1.44,0.0,0.0
2018-04-29,1.12,0.0,0.0
2018-04-30,5.12,0.0,0.0
2018-05-01,4.08,0.0,0.0
2018-05-02,10.030000000000001,0.0,0.0
2018-05-03,17.0,0.0,17.22
2018-05-04,7.99,0.0,17.849999999999998
2018-05-05,2.5500000000000003,0.0,0.0
2018-05-06,0.8500000000000001,0.0,0.0
2018-05-07,6.29,0.0,0.0
2018-05-08,5.61,0.0,17.009999999999998
2018-05-09,4.760000000000001,0.0,17.22
2018-05-10,4.590000000000001,0.0,17.64
2018-05-11,4.590000000000001,0.0,0.0
2018-05-12,1.87,0.0,0.0
2018-05-13,0.8500000000000001,0.0,0.0
2018-05-14,4.930000000000001,0.0,0.0
2018-05-15,4.930000000000001,0.0,17.22
2018-05-16,4.42,0.0,0.0
2018-05-17,4.08,10.89,17.64
2018-05-18,4.08,11.0,17.849999999999998
2018-05-19,1.87,0.0,21.0
2018-05-20,1.36,0.0,0.0
2018-05-21,5.2700000000000005,0.0,0.0
2018-05-22,5.1000000000000005,0.0,0.0
2018-05-23,5.61,0.0,17.64
2018-05-24,4.760000000000001,0.0,0.0
2018-05-25,3.5700000000000003,0.0,0.0
2018-05-26,1.36,0.0,0.0
2018-05-27,0.68,0.0,0.0
2018-05-28,0.8500000000000001,0.0,0.0
2018-05-29,4.42,0.0,17.64
2018-05-30,5.2700000000000005,0.0,0.0
2018-05-31,3.06,0.0,0.0
2018-06-01,8.1,0.0,0.0
2018-06-02,1.7999999999999998,4.0,9.0
2018-06-03,1.7999999999999998,0.0,0.0
2018-06-04,9.54,0.0,0.0
2018-06-05,10.799999999999999,0.0,0.0
2018-06-06,18.0,0.0,15.0
2018-06-07,17.64,0.0,0.0
2018-06-08,11.7,0.0,7.6499999999999995
2018-06-09,2.34,0.0,0.0
2018-06-10,1.98,0.0,0.0
2018-06-11,10.799999999999999,0.0,0.0
2018-06-12,17.64,0.0,0.0
2018-06-13,14.94,0.0,7.05
2018-06-14,13.139999999999999,0.0,0.0
2018-06-15,13.86,0.0,7.8
2018-06-16,3.42,0.0,0.0
2018-06-17,2.6999999999999997,0.0,0.0
2018-06-18,13.86,0.0,0.0
2018-06-19,17.28,0.0,7.5
2018-06-20,11.879999999999999,0.0,7.6499999999999995
2018-06-21,13.68,0.0,0.0
2018-06-22,9.9,0.0,7.8
2018-06-23,3.2399999999999998,0.0,0.0
2018-06-24,1.7999999999999998,0.0,0.0
2018-06-25,9.0,0.0,7.5
2018-06-26,9.54,0.0,0.0
2018-06-27,10.799999999999999,0.0,0.0
2018-06-28,9.9,0.0,0.0
2018-06-29,11.34,0.0,7.8
2018-06-30,3.42,0.0,0.0
2018-07-01,2.66,0.0,21.0
2018-07-02,19.0,0.0,0.0
2018-07-03,13.11,0.0,0.0
2018-07-04,2.85,0.0,0.0
2018-07-05,10.26,0.0,0.0
2018-07-06,9.5,3.36,0.0
2018-07-07,2.85,0.0,20.37
2018-07-08,1.52,0.0,20.16
2018-07-09,10.07,0.0,0.0
2018-07-10,9.88,0.0,0.0
2018-07-11,7.41,0.0,16.59
2018-07-12,6.84,0.0,18.06
2018-07-13,7.6,0.0,0.0
2018-07-14,1.33,0.0,0.0
2018-07-15,1.71,0.0,20.16
2018-07-16,9.88,0.0,17.849999999999998
2018-07-17,10.07,0.0,17.43
2018-07-18,9.5,0.0,0.0
2018-07-19,8.55,0.0,18.06
2018-07-20,6.65,0.0,0.0
2018-07-21,3.23,0.0,0.0
2018-07-22,1.52,0.0,0.0
2018-07-23,13.11,0.0,0.0
2018-07-24,12.73,0.0,17.43
2018-07-25,8.93,0.0,0.0
2018-07-26,10.83,0.0,17.64
2018-07-27,7.41,0.0,0.0
2018-07-28,2.85,0.0,0.0
2018-07-29,1.1400000000000001,4.0,0.0
2018-07-30,10.45,0.0,17.43
2018-07-31,10.45,0.0,17.22
2018-08-01,25.919999999999998,0.0,0.0
2018-08-02,28.799999999999997,0.0,0.0
2018-08-03,12.6,8.0,11.700000000000001
2018-08-04,3.2399999999999998,0.0,0.0
2018-08-05,2.88,0.0,0.0
2018-08-06,7.92,0.0,11.440000000000001
2018-08-07,36.0,0.0,0.0
2018-08-08,33.48,0.0,0.0
2018-08-09,20.52,0.0,0.0
2018-08-10,13.68,0.0,0.0
2018-08-11,4.68,0.0,0.0
2018-08-12,2.88,0.0,26.0
2018-08-13,15.479999999999999,0.0,0.0
2018-08-14,11.879999999999999,0.0,11.18
2018-08-15,13.68,0.0,0.0
2018-08-16,8.64,0.0,0.0
2018-08-17,21.96,0.0,0.0
2018-08-18,6.4799999999999995,0.0,0.0
2018-08-19,2.88,0.0,0.0
2018-08-20,21.599999999999998,0.0,11.440000000000001
2018-08-21,14.399999999999999,0.0,22.36
2018-08-22,10.08,0.0,11.440000000000001
2018-08-23,11.16,0.0,11.700000000000001
2018-08-24,7.56,0.0,0.0
2018-08-25,7.199999999999999,0.0,0.0
2018-08-26,3.2399999999999998,0.0,0.0
2018-08-27,15.479999999999999,0.0,0.0
2018-08-28,9.36,0.0,0.0
2018-08-29,7.92,0.0,10.92
2018-08-30,9.719999999999999,0.0,0.0
2018-08-31,7.92,0.0,0.0
2018-09-01,1.45,0.0,0.0
2018-09-02,1.16,26.01,0.0
2018-09-03,1.16,0.0,21.07
2018-09-04,6.38,0.0,0.0
2018-09-05,8.41,20.91,18.06
2018-09-06,6.67,0.0,0.0
2018-09-07,22.04,31.11,0.0
2018-09-08,6.67,0.0,0.0
2018-09-09,2.61,0.0,0.0
2018-09-10,11.889999999999999,20.4,0.0
2018-09-11,10.149999999999999,0.0,17.63
2018-09-12,7.829999999999999,0.0,0.0
2018-09-13,7.829999999999999,0.0,18.06
2018-09-14,6.67,0.0,0.0
2018-09-15,1.7399999999999998,0.0,21.93
2018-09-16,1.16,24.48,21.07
2018-09-17,6.959999999999999,20.4,18.06
2018-09-18,10.44,20.91,0.0
2018-09-19,8.12,20.4,0.0
2018-09-20,6.38,40.8,18.49
2018-09-21,5.8,21.42,37.839999999999996
2018-09-22,1.45,0.0,0.0
2018-09-23,0.8699999999999999,48.96,43.0
2018-09-24,4.64,20.4,18.06
2018-09-25,4.06,20.91,0.0
2018-09-26,5.51,0.0,18.06
2018-09-27,15.659999999999998,0.0,0.0
2018-09-28,28.999999999999996,20.91,37.839999999999996
2018-09-29,8.12,51.0,22.36
2018-09-30,6.09,49.47,21.93
2018-10-01,34.0,41.58,25.2
2018-10-02,22.1,42.0,16.650000000000002
2018-10-03,14.280000000000001,0.0,0.0
2018-10-04,14.280000000000001,14.7,0.0
2018-10-05,19.720000000000002,14.7,34.65
2018-10-06,4.42,34.44,40.95
2018-10-07,2.3800000000000003,0.0,19.35
2018-10-08,17.34,0.0,0.0
2018-10-09,14.96,14.28,0.0
2018-10-10,13.940000000000001,14.7,17.1
2018-10-11,15.98,0.0,0.0
2018-10-12,12.58,0.0,18.0
2018-10-13,3.74,0.0,0.0
2018-10-14,2.04,0.0,20.25
2018-10-15,8.5,0.0,17.1
2018-10-16,14.280000000000001,14.7,0.0
2018-10-17,13.600000000000001,0.0,34.2
2018-10-18,9.860000000000001,0.0,35.550000000000004
2018-10-19,12.58,0.0,18.0
2018-10-20,2.3800000000000003,0.0,19.8
2018-10-21,1.36,16.8,0.0
2018-10-22,8.5,0.0,17.1
2018-10-23,15.98,0.0,17.1
2018-10-24,31.62,14.28,33.300000000000004
2018-10-25,26.180000000000003,0.0,25.650000000000002
2018-10-26,18.700000000000003,15.12,45.0
2018-10-27,4.760000000000001,0.0,20.25
2018-10-28,3.74,0.0,20.25
2018-10-29,11.9,14.28,16.650000000000002
2018-10-30,10.540000000000001,0.0,17.1
2018-10-31,9.860000000000001,0.0,35.1
2018-11-01,15.0,0.0,0.0
2018-11-02,12.75,0.0,18.27
2018-11-03,2.4,0.0,0.0
2018-11-04,2.25,0.0,21.0
2018-11-05,8.7,0.0,8.19
2018-11-06,8.1,0.0,0.0
2018-11-07,9.15,0.0,0.0
2018-11-08,11.85,0.0,0.0
2018-11-09,8.549999999999999,0.0,0.0
2018-11-10,3.3,0.0,0.0
2018-11-11,0.75,0.0,0.0
2018-11-12,6.75,0.0,0.0
2018-11-13,12.45,0.0,0.0
2018-11-14,8.1,0.0,0.0
2018-11-15,9.15,0.0,0.0
2018-11-16,8.549999999999999,0.0,0.0
2018-11-17,2.85,0.0,10.92
2018-11-18,1.5,0.0,0.0
2018-11-19,8.4,0.0,0.0
2018-11-20,9.6,0.0,0.0
2018-11-21,7.05,0.0,10.08
2018-11-22,2.25,0.0,0.0
2018-11-23,4.05,0.0,0.0
2018-11-24,1.95,0.0,10.29
2018-11-25,1.2,0.0,0.0
2018-11-26,9.9,0.0,8.4
2018-11-27,9.15,0.0,8.82
2018-11-28,8.4,0.0,9.03
2018-11-29,7.35,0.0,0.0
2018-11-30,7.05,0.0,0.0
2018-12-01,3.08,4.5600000000000005,0.0
2018-12-02,1.6800000000000002,3.04,43.0
2018-12-03,12.600000000000001,0.0,12.04
2018-12-04,10.22,2.56,0.0
2018-12-05,7.280000000000001,0.0,12.04
2018-12-06,11.340000000000002,0.0,24.94
2018-12-07,13.160000000000002,2.64,0.0
2018-12-08,4.2,0.0,15.049999999999999
2018-12-09,2.1,0.0,0.0
2018-12-10,13.160000000000002,0.0,0.0
2018-12-11,12.46,0.0,0.0
2018-12-12,9.66,0.0,24.94
2018-12-13,12.740000000000002,8.0,12.47
2018-12-14,13.72,0.0,12.47
2018-12-15,3.08,3.2,15.049999999999999
2018-12-16,2.5200000000000005,0.0,0.0
2018-12-17,10.360000000000001,0.0,0.0
2018-12-18,11.200000000000001,0.0,12.04
2018-12-19,9.520000000000001,0.0,0.0
2018-12-20,11.06,2.8000000000000003,0.0
2018-12-21,12.46,0.0,0.0
2018-12-22,4.48,0.0,0.0
2018-12-23,1.6800000000000002,3.2800000000000002,0.0
2018-12-24,11.06,3.2800000000000002,0.0
2018-12-25,5.32,0.0,0.0
2018-12-26,12.600000000000001,0.0,0.0
2018-12-27,12.600000000000001,0.0,13.76
2018-12-28,14.000000000000002,2.88,13.76
2018-12-29,4.48,3.12,30.099999999999998
2018-12-30,1.8200000000000003,3.2,0.0
2018-12-31,9.24,0.0,0.0
2019-01-01,1.98,0.0,0.0
2019-01-02,13.68,24.18,20.0
2019-01-03,11.16,0.0,0.0
2019-01-04,10.08,23.400000000000002,0.0
2019-01-05,3.06,0.0,0.0
2019-01-06,1.26,0.0,11.0
2019-01-07,7.56,0.0,0.0
2019-01-08,7.56,0.0,0.0
2019-01-09,6.84,22.62,9.4
2019-01-10,7.02,22.36,0.0
2019-01-11,7.199999999999999,0.0,9.600000000000001
2019-01-12,2.34,0.0,0.0
2019-01-13,1.7999999999999998,0.0,0.0
2019-01-14,5.22,0.0,0.0
2019-01-15,5.76,22.62,9.200000000000001
2019-01-16,6.12,22.1,0.0
2019-01-17,5.04,0.0,0.0
2019-01-18,18.0,0.0,0.0
2019-01-19,4.859999999999999,26.0,0.0
2019-01-20,2.16,0.0,0.0
2019-01-21,3.78,0.0,0.0
2019-01-22,9.9,0.0,0.0
2019-01-23,12.959999999999999,0.0,9.200000000000001
2019-01-24,11.7,0.0,0.0
2019-01-25,10.26,0.0,0.0
2019-01-26,1.98,0.0,0.0
2019-01-27,1.26,0.0,0.0
2019-01-28,8.1,0.0,18.400000000000002
2019-01-29,8.1,0.0,9.200000000000001
2019-01-30,18.0,0.0,9.0
2019-01-31,17.82,22.1,9.200000000000001
2019-02-01,7.65,16.8,20.28
2019-02-02,2.21,19.919999999999998,24.18
2019-02-03,1.1900000000000002,0.0,0.0
2019-02-04,5.61,0.0,19.11
2019-02-05,6.460000000000001,0.0,0.0
2019-02-06,5.44,16.32,19.89
2019-02-07,5.61,24.0,39.0
2019-02-08,4.930000000000001,16.56,20.28
2019-02-09,1.36,0.0,23.79
2019-02-10,1.1900000000000002,0.0,23.79
2019-02-11,6.800000000000001,15.84,38.61
2019-02-12,6.12,0.0,0.0
2019-02-13,4.930000000000001,0.0,19.5
2019-02-14,4.590000000000001,0.0,0.0
2019-02-15,5.1000000000000005,0.0,0.0
2019-02-16,1.02,0.0,23.79
2019-02-17,1.7000000000000002,0.0,0.0
2019-02-18,1.53,0.0,21.45
2019-02-19,5.2700000000000005,0.0,0.0
2019-02-20,7.48,0.0,0.0
2019-02-21,7.3100000000000005,0.0,0.0
2019-02-22,7.65,16.8,0.0
2019-02-23,3.5700000000000003,0.0,23.01
2019-02-24,2.04,0.0,24.18
2019-02-25,7.3100000000000005,0.0,19.11
2019-02-26,12.07,0.0,19.5
2019-02-27,9.860000000000001,16.08,39.0
2019-02-28,17.0,16.32,30.03
2019-03-01,27.0,0.0,0.0
2019-03-02,8.91,0.0,0.0
2019-03-03,4.050000000000001,0.0,14.04
2019-03-04,16.200000000000003,0.0,0.0
2019-03-05,19.17,0.0,11.879999999999999
2019-03-06,16.200000000000003,10.4,0.0
2019-03-07,15.66,0.0,36.0
2019-03-08,12.420000000000002,0.0,0.0
2019-03-09,5.4,0.0,0.0
2019-03-10,5.67,0.0,0.0
2019-03-11,12.96,0.0,11.879999999999999
2019-03-12,13.5,0.0,11.879999999999999
2019-03-13,11.07,0.0,0.0
2019-03-14,12.690000000000001,0.0,11.879999999999999
2019-03-15,23.490000000000002,11.18,24.48
2019-03-16,5.67,0.0,14.399999999999999
2019-03-17,4.32,0.0,0.0
2019-03-18,15.39,0.0,0.0
2019-03-19,13.23,0.0,24.119999999999997
2019-03-20,11.88,11.18,0.0
2019-03-21,10.260000000000002,0.0,12.24
2019-03-22,13.23,0.0,0.0
2019-03-23,6.48,0.0,0.0
2019-03-24,3.7800000000000002,12.22,0.0
2019-03-25,14.580000000000002,0.0,12.24
2019-03-26,15.120000000000001,0.0,18.36
2019-03-27,12.420000000000002,0.0,0.0
2019-03-28,11.07,0.0,12.24
2019-03-29,9.72,0.0,0.0
2019-03-30,5.130000000000001,13.26,0.0
2019-03-31,3.7800000000000002,26.0,14.399999999999999
2019-04-01,10.080000000000002,12.540000000000001,0.0
2019-04-02,10.360000000000001,6.2700000000000005,17.6
2019-04-03,10.64,0.0,0.0
2019-04-04,24.92,6.2700000000000005,18.150000000000002
2019-04-05,14.840000000000002,0.0,0.0
2019-04-06,4.760000000000001,0.0,0.0
2019-04-07,3.9200000000000004,0.0,0.0
2019-04-08,9.520000000000001,6.2700000000000005,18.150000000000002
2019-04-09,10.64,0.0,17.6
2019-04-10,9.8,19.0,0.0
2019-04-11,12.040000000000001,6.2700000000000005,35.2
2019-04-12,8.96,0.0,18.150000000000002
2019-04-13,4.2,0.0,44.0
2019-04-14,2.5200000000000005,0.0,22.0
2019-04-15,9.8,0.0,18.150000000000002
2019-04-16,8.120000000000001,0.0,0.0
2019-04-17,10.360000000000001,0.0,36.85
2019-04-18,8.4,0.0,18.150000000000002
2019-04-19,5.040000000000001,0.0,0.0
2019-04-20,3.3600000000000003,0.0,0.0
2019-04-21,4.2,16.53,23.1
2019-04-22,15.120000000000001,0.0,19.25
2019-04-23,16.240000000000002,6.65,18.700000000000003
2019-04-24,24.360000000000003,0.0,55.00000000000001
2019-04-25,28.000000000000004,6.2700000000000005,35.75
2019-04-26,19.32,0.0,0.0
2019-04-27,8.120000000000001,7.6,0.0
2019-04-28,4.48,0.0,0.0
2019-04-29,14.840000000000002,0.0,18.150000000000002
2019-04-30,10.920000000000002,0.0,17.6
2019-05-01,14.520000000000001,0.0,0.0
2019-05-02,20.46,0.0,0.0
2019-05-03,21.45,11.0,0.0
2019-05-04,5.94,6.38,0.0
2019-05-05,6.2700000000000005,0.0,16.0
2019-05-06,14.850000000000001,0.0,13.280000000000001
2019-05-07,16.5,0.0,0.0
2019-05-08,10.89,0.0,0.0
2019-05-09,12.540000000000001,0.0,0.0
2019-05-10,12.540000000000001,5.61,13.76
2019-05-11,5.28,0.0,0.0
2019-05-12,5.28,0.0,0.0
2019-05-13,16.17,0.0,0.0
2019-05-14,13.200000000000001,0.0,13.6
2019-05-15,13.530000000000001,0.0,13.76
2019-05-16,14.190000000000001,0.0,0.0
2019-05-17,18.810000000000002,0.0,0.0
2019-05-18,10.23,0.0,0.0
2019-05-19,6.2700000000000005,0.0,0.0
2019-05-20,28.05,0.0,0.0
2019-05-21,28.05,0.0,13.44
2019-05-22,29.040000000000003,0.0,0.0
2019-05-23,33.0,5.72,14.08
2019-05-24,23.76,0.0,0.0
2019-05-25,9.9,0.0,0.0
2019-05-26,5.94,0.0,0.0
2019-05-27,6.930000000000001,6.6,0.0
2019-05-28,20.130000000000003,0.0,13.6
2019-05-29,23.76,0.0,0.0
2019-05-30,19.470000000000002,0.0,13.6
2019-05-31,18.810000000000002,0.0,0.0
2019-06-01,7.5,0.0,0.0
2019-06-02,5.25,0.0,0.0
2019-06-03,21.0,0.0,11.07
2019-06-04,23.75,0.0,0.0
2019-06-05,19.0,0.0,11.34
2019-06-06,23.0,0.0,11.34
2019-06-07,17.5,0.0,11.610000000000001
2019-06-08,7.0,0.0,0.0
2019-06-09,4.75,0.0,0.0
2019-06-10,17.5,0.0,0.0
2019-06-11,21.0,0.0,0.0
2019-06-12,25.0,0.0,11.610000000000001
2019-06-13,17.75,0.0,0.0
2019-06-14,17.5,0.0,0.0
2019-06-15,6.5,0.0,27.0
2019-06-16,4.0,0.0,0.0
2019-06-17,16.75,0.0,11.34
2019-06-18,18.75,0.0,0.0
2019-06-19,15.0,0.0,0.0
2019-06-20,14.5,0.0,0.0
2019-06-21,11.0,8.0,0.0
2019-06-22,4.0,0.0,0.0
2019-06-23,1.75,0.0,0.0
2019-06-24,11.75,0.0,0.0
2019-06-25,14.0,0.0,0.0
2019-06-26,10.25,0.0,0.0
2019-06-27,9.75,0.0,22.68
2019-06-28,10.25,0.0,0.0
2019-06-29,3.5,0.0,13.770000000000001
2019-06-30,1.75,0.0,0.0
2019-07-01,7.7,0.0,0.0
2019-07-02,11.22,0.0,19.32
2019-07-03,14.52,0.0,0.0
2019-07-04,2.86,0.0,0.0
2019-07-05,6.38,0.0,0.0
2019-07-06,1.54,6.0,0.0
2019-07-07,1.54,12.0,16.240000000000002
2019-07-08,6.38,0.0,0.0
2019-07-09,6.16,5.279999999999999,0.0
2019-07-10,6.6,0.0,9.8
2019-07-11,7.48,0.0,0.0
2019-07-12,6.16,0.0,0.0
2019-07-13,2.42,0.0,0.0
2019-07-14,1.54,0.0,11.200000000000001
2019-07-15,6.6,0.0,9.520000000000001
2019-07-16,8.14,0.0,14.280000000000001
2019-07-17,7.04,0.0,28.000000000000004
2019-07-18,5.72,0.0,9.520000000000001
2019-07-19,5.94,0.0,0.0
2019-07-20,1.54,0.0,0.0
2019-07-21,1.32,0.0,11.48
2019-07-22,5.28,5.3999999999999995,9.8
2019-07-23,7.26,5.279999999999999,0.0
2019-07-24,19.36,0.0,20.44
2019-07-25,22.0,0.0,9.8
2019-07-26,9.9,0.0,10.360000000000001
2019-07-27,2.42,0.0,11.48
2019-07-28,1.76,0.0,0.0
2019-07-29,6.6,0.0,9.8
2019-07-30,6.82,0.0,9.8
2019-07-31,6.82,0.0,0.0
2019-08-01,10.27,0.0,0.0
2019-08-02,12.22,0.0,0.0
2019-08-03,2.6,0.0,7.140000000000001
2019-08-04,2.21,15.39,0.0
2019-08-05,11.05,0.0,6.300000000000001
2019-08-06,7.67,0.0,6.300000000000001
2019-08-07,10.01,0.0,0.0
2019-08-08,8.450000000000001,27.0,6.300000000000001
2019-08-09,6.76,0.0,0.0
2019-08-10,1.56,0.0,0.0
2019-08-11,2.21,0.0,0.0
2019-08-12,10.14,0.0,6.16
2019-08-13,8.06,12.96,6.0200000000000005
2019-08-14,13.0,0.0,0.0
2019-08-15,11.440000000000001,13.23,6.16
2019-08-16,9.36,0.0,0.0
2019-08-17,3.25,0.0,0.0
2019-08-18,0.91,0.0,0.0
2019-08-19,8.84,0.0,0.0
2019-08-20,10.790000000000001,12.690000000000001,0.0
2019-08-21,10.27,12.690000000000001,0.0
2019-08-22,9.36,0.0,6.16
2019-08-23,9.620000000000001,0.0,0.0
2019-08-24,2.21,0.0,7.000000000000001
2019-08-25,0.78,0.0,14.000000000000002
2019-08-26,8.19,0.0,0.0
2019-08-27,9.620000000000001,0.0,0.0
2019-08-28,7.67,0.0,0.0
2019-08-29,8.06,0.0,0.0
2019-08-30,8.450000000000001,0.0,5.74
2019-08-31,3.25,0.0,0.0
2019-09-01,0.99,0.0,0.0
2019-09-02,1.76,0.0,10.799999999999999
2019-09-03,7.59,0.0,9.6
2019-09-04,7.26,0.0,9.6
2019-09-05,7.81,0.0,0.0
2019-09-06,6.82,0.0,0.0
2019-09-07,1.65,0.0,0.0
2019-09-08,1.32,0.0,11.28
2019-09-09,8.8,0.0,0.0
2019-09-10,7.15,0.0,0.0
2019-09-11,10.78,0.0,0.0
2019-09-12,8.03,0.0,0.0
2019-09-13,7.26,0.0,0.0
2019-09-14,2.42,0.0,0.0
2019-09-15,1.54,10.67,11.28
2019-09-16,9.13,0.0,18.96
2019-09-17,6.82,0.0,0.0
2019-09-18,6.93,0.0,0.0
2019-09-19,6.6,0.0,0.0
2019-09-20,6.05,9.24,9.6
2019-09-21,1.43,0.0,0.0
2019-09-22,0.77,0.0,0.0
2019-09-23,8.36,8.8,0.0
2019-09-24,9.57,9.13,9.6
2019-09-25,9.24,0.0,9.6
2019-09-26,11.0,0.0,0.0
2019-09-27,9.790000000000001,0.0,9.84
2019-09-28,2.09,0.0,24.0
2019-09-29,0.88,11.0,11.52
2019-09-30,6.82,9.35,9.84
2019-10-01,3.78,0.0,0.0
2019-10-02,5.58,8.16,16.66
2019-10-03,5.3999999999999995,0.0,17.0
2019-10-04,2.6999999999999997,0.0,0.0
2019-10-05,0.72,0.0,0.0
2019-10-06,0.36,0.0,0.0
2019-10-07,2.6999999999999997,0.0,0.0
2019-10-08,3.06,0.0,0.0
2019-10-09,2.88,0.0,0.0
2019-10-10,3.2399999999999998,0.0,0.0
2019-10-11,3.2399999999999998,0.0,0.0
2019-10-12,0.72,0.0,0.0
2019-10-13,0.18,0.0,0.0
2019-10-14,3.96,0.0,0.0
2019-10-15,3.96,8.16,16.66
2019-10-16,3.06,0.0,0.0
2019-10-17,3.42,0.0,0.0
2019-10-18,2.88,0.0,0.0
2019-10-19,0.54,0.0,0.0
2019-10-20,0.36,0.0,0.0
2019-10-21,2.34,0.0,0.0
2019-10-22,2.6999999999999997,0.0,0.0
2019-10-23,11.52,0.0,33.660000000000004
2019-10-24,18.0,16.32,34.0
2019-10-25,10.98,0.0,17.34
2019-10-26,2.34,24.0,0.0
2019-10-27,1.44,0.0,0.0
2019-10-28,7.92,0.0,0.0
2019-10-29,5.9399999999999995,7.92,16.66
2019-10-30,4.32,0.0,0.0
2019-10-31,3.96,0.0,17.0
2019-11-01,4.859999999999999,0.0,0.0
2019-11-02,1.44,0.0,0.0
2019-11-03,1.08,0.0,0.0
2019-11-04,5.3999999999999995,0.0,5.78
2019-11-05,4.32,0.0,0.0
2019-11-06,4.68,0.0,5.78
2019-11-07,5.58,0.0,5.78
2019-11-08,4.14,0.0,5.95
2019-11-09,1.6199999999999999,0.0,0.0
2019-11-10,0.72,0.0,0.0
2019-11-11,5.04,0.0,0.0
2019-11-12,5.76,10.5,5.61
2019-11-13,6.66,0.0,11.39
2019-11-14,5.3999999999999995,0.0,5.61
2019-11-15,4.5,0.0,0.0
2019-11-16,1.44,0.0,6.630000000000001
2019-11-17,0.72,0.0,0.0
2019-11-18,4.859999999999999,0.0,17.0
2019-11-19,4.859999999999999,0.0,8.67
2019-11-20,5.22,0.0,0.0
2019-11-21,6.12,11.0,5.95
2019-11-22,18.0,0.0,5.95
2019-11-23,4.5,0.0,6.630000000000001
2019-11-24,3.06,25.0,6.630000000000001
2019-11-25,9.719999999999999,0.0,8.84
2019-11-26,6.3,11.0,11.9
2019-11-27,5.58,11.5,6.29
2019-11-28,1.6199999999999999,12.25,6.630000000000001
2019-11-29,3.06,0.0,12.750000000000002
2019-11-30,1.08,12.25,6.460000000000001
2019-12-01,1.26,0.0,0.0
2019-12-02,5.3999999999999995,4.83,0.0
2019-12-03,7.92,5.040000000000001,0.0
2019-12-04,6.3,0.0,0.0
2019-12-05,5.22,0.0,0.0
2019-12-06,7.92,0.0,0.0
2019-12-07,3.5999999999999996,0.0,0.0
2019-12-08,0.72,6.0200000000000005,20.060000000000002
2019-12-09,6.3,5.250000000000001,0.0
2019-12-10,6.66,0.0,0.0
2019-12-11,7.02,0.0,34.0
2019-12-12,7.92,5.250000000000001,0.0
2019-12-13,6.12,5.11,0.0
2019-12-14,1.44,0.0,0.0
2019-12-15,1.98,0.0,20.060000000000002
2019-12-16,10.62,5.11,17.0
2019-12-17,10.62,0.0,0.0
2019-12-18,11.34,0.0,0.0
2019-12-19,14.94,0.0,0.0
2019-12-20,14.58,5.6000000000000005,18.360000000000003
2019-12-21,4.68,0.0,0.0
2019-12-22,2.88,0.0,21.080000000000002
2019-12-23,18.0,0.0,19.380000000000003
2019-12-24,11.879999999999999,6.23,0.0
2019-12-25,3.96,7.000000000000001,0.0
2019-12-26,12.42,0.0,0.0
2019-12-27,11.52,5.8100000000000005,0.0
2019-12-28,3.06,6.23,0.0
2019-12-29,2.52,0.0,0.0
2019-12-30,12.42,0.0,0.0
2019-12-31,9.719999999999999,0.0,0.0
2020-01-01,2.52,0.0,0.0
2020-01-02,10.5,0.0,30.94
2020-01-03,13.86,0.0,0.0
2020-01-04,3.78,6.86,0.0
2020-01-05,2.1,0.0,0.0
2020-01-06,9.24,0.0,0.0
2020-01-07,13.02,6.16,0.0
2020-01-08,21.84,0.0,14.620000000000001
2020-01-09,18.9,0.0,14.620000000000001
2020-01-10,14.28,0.0,14.620000000000001
2020-01-11,3.36,0.0,0.0
2020-01-12,2.1,0.0,0.0
2020-01-13,21.0,0.0,0.0
2020-01-14,23.939999999999998,0.0,25.840000000000003
2020-01-15,18.06,5.670000000000001,13.940000000000001
2020-01-16,17.22,0.0,28.560000000000002
2020-01-17,14.28,0.0,0.0
2020-01-18,3.78,0.0,33.660000000000004
2020-01-19,1.68,0.0,0.0
2020-01-20,3.78,0.0,0.0
2020-01-21,15.54,0.0,0.0
2020-01-22,27.3,5.880000000000001,14.620000000000001
2020-01-23,19.32,0.0,0.0
2020-01-24,15.959999999999999,5.95,0.0
2020-01-25,4.2,7.000000000000001,34.0
2020-01-26,2.52,0.0,0.0
2020-01-27,12.6,0.0,13.940000000000001
2020-01-28,13.02,0.0,0.0
2020-01-29,31.5,5.95,0.0
2020-01-30,42.0,0.0,0.0
2020-01-31,22.259999999999998,0.0,0.0
2020-02-01,5.390000000000001,0.0,8.19
2020-02-02,2.31,0.0,0.0
2020-02-03,34.65,0.0,6.3
2020-02-04,77.0,15.3,20.79
2020-02-05,70.07000000000001,0.0,6.93
2020-02-06,46.97,0.0,0.0
2020-02-07,29.26,0.0,21.0
2020-02-08,7.7,0.0,7.9799999999999995
2020-02-09,4.62,0.0,0.0
2020-02-10,24.64,0.0,6.72
2020-02-11,22.330000000000002,0.0,0.0
2020-02-12,18.48,0.0,6.93
2020-02-13,24.64,0.0,6.93
2020-02-14,18.48,15.98,0.0
2020-02-15,3.85,0.0,8.19
2020-02-16,3.08,0.0,7.9799999999999995
2020-02-17,6.93,0.0,0.0
2020-02-18,19.25,0.0,0.0
2020-02-19,30.03,0.0,0.0
2020-02-20,23.1,0.0,6.72
2020-02-21,18.48,0.0,0.0
2020-02-22,4.62,0.0,7.9799999999999995
2020-02-23,3.08,0.0,0.0
2020-02-24,20.02,0.0,6.72
2020-02-25,21.560000000000002,0.0,13.229999999999999
2020-02-26,17.71,0.0,6.51
2020-02-27,23.1,0.0,6.51
2020-02-28,26.18,0.0,13.44
2020-02-29,6.16,17.0,7.77
2020-03-01,8.64,0.0,0.0
2020-03-02,42.239999999999995,0.0,0.0
2020-03-03,42.72,5.819999999999999,0.0
2020-03-04,39.839999999999996,0.0,0.0
2020-03-05,33.12,5.88,14.000000000000002
2020-03-06,30.24,6.0,0.0
2020-03-07,8.64,0.0,0.0
2020-03-08,4.8,0.0,0.0
2020-03-09,47.04,0.0,0.0
2020-03-10,44.64,0.0,0.0
2020-03-11,36.0,0.0,0.0
2020-03-12,41.28,0.0,0.0
2020-03-13,43.68,0.0,0.0
2020-03-14,9.6,0.0,0.0
2020-03-15,6.72,0.0,0.0
2020-03-16,40.32,0.0,0.0
2020-03-17,39.36,0.0,0.0
2020-03-18,46.559999999999995,0.0,0.0
2020-03-19,48.0,0.0,28.000000000000004
2020-03-20,46.08,0.0,0.0
2020-03-21,10.559999999999999,0.0,0.0
2020-03-22,5.76,0.0,0.0
2020-03-23,32.16,0.0,0.0
2020-03-24,36.0,0.0,13.72
2020-03-25,38.879999999999995,0.0,0.0
2020-03-26,33.12,0.0,0.0
2020-03-27,27.84,0.0,0.0
2020-03-28,11.04,0.0,0.0
2020-03-29,5.76,0.0,0.0
2020-03-30,21.119999999999997,0.0,0.0
2020-03-31,20.64,0.0,0.0
2020-04-01,17.48,0.0,17.6
2020-04-02,25.080000000000002,0.0,0.0
2020-04-03,24.7,0.0,0.0
2020-04-04,5.32,0.0,0.0
2020-04-05,2.66,0.0,0.0
2020-04-06,17.1,0.0,0.0
2020-04-07,15.58,0.0,18.0
2020-04-08,17.48,0.0,0.0
2020-04-09,12.16,12.0,0.0
2020-04-10,8.74,0.0,0.0
2020-04-11,3.42,0.0,0.0
2020-04-12,2.66,0.0,0.0
2020-04-13,22.04,0.0,0.0
2020-04-14,25.84,0.0,0.0
2020-04-15,27.36,0.0,17.0
2020-04-16,22.8,0.0,0.0
2020-04-17,20.52,0.0,16.8
2020-04-18,5.32,0.0,0.0
2020-04-19,4.5600000000000005,0.0,20.0
2020-04-20,18.240000000000002,0.0,0.0
2020-04-21,19.76,11.76,0.0
2020-04-22,15.58,11.76,0.0
2020-04-23,14.82,0.0,0.0
2020-04-24,13.68,0.0,0.0
2020-04-25,3.42,0.0,0.0
2020-04-26,2.2800000000000002,0.0,0.0
2020-04-27,19.38,0.0,0.0
2020-04-28,21.66,0.0,0.0
2020-04-29,36.480000000000004,0.0,0.0
2020-04-30,38.0,0.0,0.0
2020-05-01,30.0,0.0,6.88
2020-05-02,10.2,0.0,8.0
2020-05-03,4.5,0.0,8.0
2020-05-04,16.2,0.0,0.0
2020-05-05,15.0,5.3999999999999995,6.4
2020-05-06,13.799999999999999,0.0,0.0
2020-05-07,14.399999999999999,0.0,6.88
2020-05-08,15.299999999999999,0.0,6.88
2020-05-09,5.1,0.0,7.84
2020-05-10,3.3,0.0,0.0
2020-05-11,16.2,0.0,0.0
2020-05-12,17.099999999999998,0.0,6.88
2020-05-13,13.799999999999999,0.0,6.88
2020-05-14,11.4,0.0,6.72
2020-05-15,11.7,0.0,0.0
2020-05-16,3.0,0.0,0.0
2020-05-17,2.6999999999999997,0.0,16.0
2020-05-18,11.4,0.0,13.44
2020-05-19,10.5,0.0,6.72
2020-05-20,9.6,0.0,6.88
2020-05-21,9.0,0.0,0.0
2020-05-22,8.4,0.0,7.2
2020-05-23,2.6999999999999997,0.0,8.16
2020-05-24,1.2,0.0,8.32
2020-05-25,1.5,0.0,0.0
2020-05-26,9.0,0.0,6.88
2020-05-27,13.2,6.0,0.0
2020-05-28,9.0,0.0,0.0
2020-05-29,9.0,0.0,0.0
2020-05-30,5.1,0.0,0.0
2020-05-31,4.2,0.0,0.0
2020-06-01,21.78,0.0,12.190000000000001
2020-06-02,20.790000000000003,0.0,11.73
2020-06-03,16.17,0.0,11.5
2020-06-04,12.540000000000001,0.0,0.0
2020-06-05,13.530000000000001,0.0,23.0
2020-06-06,4.29,0.0,13.57
2020-06-07,2.97,0.0,0.0
2020-06-08,21.12,0.0,11.270000000000001
2020-06-09,20.130000000000003,0.0,0.0
2020-06-10,32.67,0.0,11.96
2020-06-11,33.0,0.0,0.0
2020-06-12,25.41,0.0,0.0
2020-06-13,7.260000000000001,0.0,14.26
2020-06-14,3.3000000000000003,0.0,14.26
2020-06-15,19.14,0.0,18.400000000000002
2020-06-16,20.790000000000003,0.0,11.96
2020-06-17,17.490000000000002,0.0,0.0
2020-06-18,17.82,0.0,0.0
2020-06-19,16.830000000000002,0.0,0.0
2020-06-20,4.95,0.0,14.49
2020-06-21,3.3000000000000003,0.0,14.49
2020-06-22,15.84,0.0,18.630000000000003
2020-06-23,13.860000000000001,0.0,0.0
2020-06-24,16.830000000000002,0.0,0.0
2020-06-25,15.510000000000002,0.0,0.0
2020-06-26,15.84,0.0,0.0
2020-06-27,3.96,0.0,0.0
2020-06-28,2.31,0.0,0.0
2020-06-29,14.520000000000001,0.0,12.65
2020-06-30,22.11,0.0,12.65
2020-07-01,22.77,0.0,0.0
2020-07-02,36.57,0.0,7.38
2020-07-03,9.66,0.0,0.0
2020-07-04,4.14,0.0,9.0
2020-07-05,4.83,0.0,18.0
2020-07-06,35.19,0.0,0.0
2020-07-07,39.33,0.0,0.0
2020-07-08,29.669999999999998,0.0,0.0
2020-07-09,24.15,0.0,0.0
2020-07-10,37.26,0.0,0.0
2020-07-11,13.799999999999999,0.0,0.0
2020-07-12,6.209999999999999,0.0,0.0
2020-07-13,64.86,0.0,7.38
2020-07-14,53.129999999999995,0.0,0.0
2020-07-15,37.949999999999996,0.0,7.38
2020-07-16,33.809999999999995,0.0,0.0
2020-07-17,27.599999999999998,0.0,0.0
2020-07-18,7.59,0.0,0.0
2020-07-19,6.209999999999999,0.0,0.0
2020-07-20,34.5,0.0,7.56
2020-07-21,40.019999999999996,0.0,7.38
2020-07-22,69.0,16.0,7.56
2020-07-23,57.269999999999996,0.0,14.94
2020-07-24,37.26,0.0,0.0
2020-07-25,6.8999999999999995,0.0,0.0
2020-07-26,5.52,0.0,8.82
2020-07-27,26.909999999999997,0.0,7.38
2020-07-28,26.22,0.0,0.0
2020-07-29,24.15,0.0,0.0
2020-07-30,21.389999999999997,0.0,0.0
2020-07-31,24.839999999999996,0.0,0.0
2020-08-01,3.84,0.0,0.0
2020-08-02,3.2,0.0,12.18
2020-08-03,14.72,5.59,10.44
2020-08-04,14.08,0.0,0.0
2020-08-05,13.44,0.0,0.0
2020-08-06,12.16,0.0,10.149999999999999
2020-08-07,11.52,0.0,0.0
2020-08-08,3.2,0.0,12.18
2020-08-09,2.56,0.0,0.0
2020-08-10,12.16,0.0,0.0
2020-08-11,20.48,0.0,0.0
2020-08-12,34.56,0.0,15.659999999999998
2020-08-13,27.52,0.0,10.44
2020-08-14,21.76,0.0,10.729999999999999
2020-08-15,7.04,0.0,0.0
2020-08-16,3.2,0.0,0.0
2020-08-17,27.52,0.0,15.37
2020-08-18,35.2,0.0,10.149999999999999
2020-08-19,28.16,5.46,15.37
2020-08-20,33.28,0.0,10.149999999999999
2020-08-21,37.12,0.0,0.0
2020-08-22,8.32,0.0,17.98
2020-08-23,5.12,13.0,0.0
2020-08-24,32.64,0.0,0.0
2020-08-25,25.6,0.0,9.86
2020-08-26,28.16,0.0,9.86
2020-08-27,30.72,0.0,28.999999999999996
2020-08-28,33.92,0.0,10.44
2020-08-29,10.24,0.0,11.309999999999999
2020-08-30,8.32,6.24,11.889999999999999
2020-08-31,64.0,5.2,9.569999999999999
2020-09-01,96.0,0.0,0.0
2020-09-02,82.0,0.0,0.0
2020-09-03,85.0,0.0,22.5
2020-09-04,88.0,0.0,0.0
2020-09-05,24.0,0.0,0.0
2020-09-06,11.0,0.0,14.25
2020-09-07,14.0,0.0,13.5
2020-09-08,100.0,0.0,0.0
2020-09-09,80.0,0.0,0.0
2020-09-10,63.0,0.0,0.0
2020-09-11,53.0,0.0,0.0
2020-09-12,13.0,0.0,0.0
2020-09-13,8.0,0.0,0.0
2020-09-14,51.0,0.0,11.25
2020-09-15,58.0,0.0,0.0
2020-09-16,52.0,0.0,0.0
2020-09-17,45.0,0.0,0.0
2020-09-18,45.0,0.0,0.0
2020-09-19,10.0,0.0,0.0
2020-09-20,8.0,0.0,0.0
2020-09-21,58.0,0.0,0.0
2020-09-22,83.0,0.0,0.0
2020-09-23,87.0,0.0,0.0
2020-09-24,59.0,0.0,11.25
2020-09-25,42.0,0.0,12.75
2020-09-26,9.0,0.0,0.0
2020-09-27,5.0,0.0,0.0
2020-09-28,39.0,0.0,25.0
2020-09-29,38.0,0.0,0.0
2020-09-30,33.0,0.0,12.5
2020-10-01,37.0,0.0,12.299999999999999
2020-10-02,42.5,0.0,0.0
2020-10-03,7.0,0.0,14.399999999999999
2020-10-04,7.0,0.0,0.0
2020-10-05,30.0,0.0,12.0
2020-10-06,29.5,0.0,0.0
2020-10-07,26.0,0.0,0.0
2020-10-08,24.5,0.0,0.0
2020-10-09,25.0,0.0,14.1
2020-10-10,6.0,0.0,0.0
2020-10-11,4.5,0.0,30.0
2020-10-12,25.0,0.0,27.3
2020-10-13,26.0,0.0,27.3
2020-10-14,30.5,0.0,27.599999999999998
2020-10-15,29.5,0.0,0.0
2020-10-16,26.0,0.0,14.1
2020-10-17,6.0,0.0,0.0
2020-10-18,2.5,0.0,15.299999999999999
2020-10-19,24.5,0.0,0.0
2020-10-20,27.5,11.0,27.599999999999998
2020-10-21,50.0,11.0,13.799999999999999
2020-10-22,45.5,0.0,13.799999999999999
2020-10-23,30.5,0.0,0.0
2020-10-24,6.0,0.0,0.0
2020-10-25,5.0,0.0,0.0
2020-10-26,24.5,0.0,13.5
2020-10-27,23.0,10.78,13.799999999999999
2020-10-28,23.5,0.0,0.0
2020-10-29,19.5,10.78,0.0
2020-10-30,22.5,0.0,0.0
2020-10-31,6.0,0.0,15.899999999999999
2020-11-01,2.5,0.0,10.64
2020-11-02,16.5,0.0,0.0
2020-11-03,17.5,10.89,8.93
2020-11-04,12.0,0.0,5.89
2020-11-05,13.0,0.0,6.65
2020-11-06,11.0,0.0,7.41
2020-11-07,3.5,0.0,8.93
2020-11-08,2.0,0.0,9.5
2020-11-09,18.5,0.0,0.0
2020-11-10,16.5,0.0,8.74
2020-11-11,13.5,0.0,18.05
2020-11-12,12.5,0.0,0.0
2020-11-13,14.5,0.0,17.86
2020-11-14,4.0,0.0,10.26
2020-11-15,2.5,0.0,0.0
2020-11-16,21.5,0.0,8.93
2020-11-17,50.0,11.0,9.120000000000001
2020-11-18,34.5,0.0,0.0
2020-11-19,34.0,0.0,18.05
2020-11-20,27.5,0.0,18.43
2020-11-21,6.5,0.0,0.0
2020-11-22,3.5,0.0,0.0
2020-11-23,26.0,0.0,9.5
2020-11-24,38.5,0.0,19.0
2020-11-25,34.0,0.0,9.5
2020-11-26,10.0,0.0,0.0
2020-11-27,24.0,0.0,0.0
2020-11-28,7.0,0.0,0.0
2020-11-29,5.5,0.0,0.0
2020-11-30,30.5,0.0,8.55
2020-12-01,89.18,,0.0
2020-12-02,83.72,,0.0
2020-12-03,91.0,,0.0
